{
	"credit": "Made by Raycifer",
	"textures": {
		"0": "./labyrinth",
		"1": "./labyrinth_anim"
	},
	"elements": [
		{
			"from": [6.75, 11.5, 7.1332],
			"to": [9.25, 14, 9.6332],
			"rotation": {"angle": 22.5, "axis": "x", "origin": [9.25, 14, 9.6332]},
			"faces": {
				"north": {"uv": [2.5, 2.5, 5, 5], "texture": "#0"},
				"east": {"uv": [7.5, 2.5, 5, 5], "texture": "#0"},
				"south": {"uv": [7.5, 2.5, 10, 5], "texture": "#0"},
				"west": {"uv": [5, 2.5, 7.5, 5], "texture": "#0"},
				"up": {"uv": [2.5, 2.5, 5, 0], "texture": "#0"},
				"down": {"uv": [5, 0, 7.5, 2.5], "texture": "#0"}
			}
		},
		{
			"from": [6.75, 6, 6.5],
			"to": [9.25, 7, 9],
			"rotation": {"angle": 0, "axis": "y", "origin": [6.75, 8, 6.5]},
			"faces": {
				"north": {"uv": [6, 10, 8.5, 11], "texture": "#0"},
				"east": {"uv": [6, 10, 8.5, 11], "texture": "#0"},
				"south": {"uv": [6, 10, 8.5, 11], "texture": "#0"},
				"west": {"uv": [6, 10, 8.5, 11], "texture": "#0"},
				"up": {"uv": [6, 13.5, 8.5, 11], "texture": "#0"},
				"down": {"uv": [6, 13.5, 8.5, 11], "texture": "#0"}
			}
		},
		{
			"from": [7.25, 3.5, 7],
			"to": [8.75, 6, 8.5],
			"rotation": {"angle": 0, "axis": "y", "origin": [8.25, 5, 8]},
			"faces": {
				"north": {"uv": [0.5, 4, 2, 0.5], "texture": "#0"},
				"east": {"uv": [0, 4, 1.5, 0.5], "texture": "#0"},
				"south": {"uv": [0.5, 4, 2, 0.5], "texture": "#0"},
				"west": {"uv": [0, 4, 1.5, 0.5], "texture": "#0"},
				"up": {"uv": [0, 0, 0.5, 0.5], "texture": "#0"},
				"down": {"uv": [0, 0, 0.5, 0.5], "texture": "#0"}
			}
		},
		{
			"from": [6.75, 2, 7.1332],
			"to": [9.25, 4.5, 9.6332],
			"rotation": {"angle": -22.5, "axis": "x", "origin": [9.25, 2, 9.6332]},
			"faces": {
				"north": {"uv": [2.5, 7.5, 5, 10], "texture": "#0"},
				"east": {"uv": [0, 7.5, 2.5, 10], "texture": "#0"},
				"south": {"uv": [7.5, 7.5, 10, 10], "texture": "#0"},
				"west": {"uv": [5, 7.5, 7.5, 10], "texture": "#0"},
				"up": {"uv": [5, 7.5, 2.5, 5], "texture": "#0"},
				"down": {"uv": [5, 5, 7.5, 7.5], "texture": "#0"}
			}
		},
		{
			"from": [7.25, 10, 7],
			"to": [8.75, 12.5, 8.5],
			"rotation": {"angle": 0, "axis": "y", "origin": [8.25, 11, 8]},
			"faces": {
				"north": {"uv": [0.5, 0.5, 2, 4], "texture": "#0"},
				"east": {"uv": [0, 0.5, 1.5, 4], "texture": "#0"},
				"south": {"uv": [0.5, 0.5, 2, 4], "texture": "#0"},
				"west": {"uv": [0, 0.5, 1.5, 4], "texture": "#0"},
				"up": {"uv": [0, 0, 0.5, 0.5], "texture": "#0"},
				"down": {"uv": [0, 0, 0.5, 0.5], "texture": "#0"}
			}
		},
		{
			"from": [7.75, 12.8, 6.4],
			"to": [8.25, 13.8, 7.4],
			"rotation": {"angle": 45, "axis": "x", "origin": [8, 13.3, 6.9]},
			"faces": {
				"north": {"uv": [7.5, 1.5, 8, 2.5], "texture": "#0"},
				"east": {"uv": [7.5, 1.5, 8.5, 2.5], "texture": "#0"},
				"south": {"uv": [0, 0, 0.5, 0.5], "texture": "#0"},
				"west": {"uv": [7.5, 1.5, 8.5, 2.5], "texture": "#0"},
				"up": {"uv": [7.5, 1.5, 8, 2.5], "texture": "#0"},
				"down": {"uv": [8.5, 1.5, 9, 2.5], "texture": "#0"}
			}
		},
		{
			"from": [6.75, 9, 6.5],
			"to": [9.25, 10, 9],
			"rotation": {"angle": 0, "axis": "y", "origin": [6.75, 8, 6.5]},
			"faces": {
				"north": {"uv": [6, 10, 8.5, 11], "texture": "#0"},
				"east": {"uv": [6, 10, 8.5, 11], "texture": "#0"},
				"south": {"uv": [6, 10, 8.5, 11], "texture": "#0"},
				"west": {"uv": [6, 10, 8.5, 11], "texture": "#0"},
				"up": {"uv": [6, 11, 8.5, 13.5], "texture": "#0"},
				"down": {"uv": [6, 11, 8.5, 13.5], "texture": "#0"}
			}
		},
		{
			"from": [7.5, 7, 7.25],
			"to": [8.5, 9, 8.25],
			"rotation": {"angle": 0, "axis": "y", "origin": [7.5, -0.5, 7.5]},
			"faces": {
				"north": {"uv": [2, 14, 3, 16], "texture": "#0"},
				"east": {"uv": [2, 14, 3, 16], "texture": "#0"},
				"south": {"uv": [2, 14, 3, 16], "texture": "#0"},
				"west": {"uv": [2, 14, 3, 16], "texture": "#0"},
				"up": {"uv": [0, 0, 0.5, 0.5], "texture": "#0"},
				"down": {"uv": [0, 0, 0.5, 0.5], "texture": "#0"}
			}
		},
		{
			"from": [7.5, 14, 8.75],
			"to": [8.5, 15, 13.25],
			"rotation": {"angle": -22.5, "axis": "x", "origin": [8, 15.5, 9.25]},
			"faces": {
				"north": {"uv": [0, 0, 0.5, 0.5], "texture": "#0"},
				"east": {"uv": [0, 16, 1, 11.5], "rotation": 90, "texture": "#0"},
				"south": {"uv": [0, 0, 0.5, 0.5], "texture": "#0"},
				"west": {"uv": [1, 11.5, 0, 16], "rotation": 90, "texture": "#0"},
				"up": {"uv": [0, 16, 1, 11.5], "texture": "#0"},
				"down": {"uv": [1, 11.5, 0, 16], "texture": "#0"}
			}
		},
		{
			"from": [7.25, 13.75, 9.5],
			"to": [8.75, 15.25, 11.5],
			"rotation": {"angle": -22.5, "axis": "x", "origin": [8, 15.5, 9.25]},
			"faces": {
				"north": {"uv": [0, 0, 0.5, 0.5], "texture": "#0"},
				"east": {"uv": [3.5, 14, 2, 12], "rotation": 90, "texture": "#0"},
				"south": {"uv": [0, 0, 0.5, 0.5], "texture": "#0"},
				"west": {"uv": [2, 12, 3.5, 14], "rotation": 90, "texture": "#0"},
				"up": {"uv": [3.5, 14, 2, 12], "texture": "#0"},
				"down": {"uv": [2, 12, 3.5, 14], "texture": "#0"}
			}
		},
		{
			"from": [7, 13.5, 13.25],
			"to": [9, 15.5, 14.25],
			"rotation": {"angle": -22.5, "axis": "x", "origin": [8, 15.5, 9.25]},
			"faces": {
				"north": {"uv": [4, 10, 6, 12], "texture": "#0"},
				"east": {"uv": [1, 12, 2, 14], "texture": "#0"},
				"south": {"uv": [2, 10, 4, 12], "texture": "#0"},
				"west": {"uv": [2, 12, 1, 14], "texture": "#0"},
				"up": {"uv": [2, 10, 1, 12], "rotation": 90, "texture": "#0"},
				"down": {"uv": [2, 14, 1, 16], "rotation": 90, "texture": "#0"}
			}
		},
		{
			"from": [7, 14, 7.75],
			"to": [9, 15.5, 8.75],
			"rotation": {"angle": -22.5, "axis": "x", "origin": [8, 15.5, 9.25]},
			"faces": {
				"north": {"uv": [4, 10, 6, 11.5], "texture": "#0"},
				"east": {"uv": [1, 12, 2, 13.5], "texture": "#0"},
				"south": {"uv": [2, 10, 4, 11.5], "texture": "#0"},
				"west": {"uv": [2, 12, 1, 13.5], "texture": "#0"},
				"up": {"uv": [2, 10, 1, 12], "rotation": 90, "texture": "#0"},
				"down": {"uv": [0, 0, 0.5, 0.5], "texture": "#0"}
			}
		},
		{
			"from": [7, 0.5, 7.75],
			"to": [9, 2, 8.75],
			"rotation": {"angle": 22.5, "axis": "x", "origin": [8, 0.5, 9.25]},
			"faces": {
				"north": {"uv": [4, 10.5, 6, 12], "texture": "#0"},
				"east": {"uv": [1, 12.5, 2, 14], "texture": "#0"},
				"south": {"uv": [2, 10.5, 4, 12], "texture": "#0"},
				"west": {"uv": [2, 12.5, 1, 14], "texture": "#0"},
				"up": {"uv": [0, 0, 0.5, 0.5], "texture": "#0"},
				"down": {"uv": [1, 14, 2, 16], "rotation": 90, "texture": "#0"}
			}
		},
		{
			"from": [7, 0.5, 13.25],
			"to": [9, 2.5, 14.25],
			"rotation": {"angle": 22.5, "axis": "x", "origin": [8, 0.5, 9.25]},
			"faces": {
				"north": {"uv": [4, 10, 6, 12], "texture": "#0"},
				"east": {"uv": [1, 12, 2, 14], "texture": "#0"},
				"south": {"uv": [2, 10, 4, 12], "texture": "#0"},
				"west": {"uv": [2, 12, 1, 14], "texture": "#0"},
				"up": {"uv": [2, 10, 1, 12], "rotation": 90, "texture": "#0"},
				"down": {"uv": [1, 14, 2, 16], "rotation": 90, "texture": "#0"}
			}
		},
		{
			"from": [7.5, 1, 8.75],
			"to": [8.5, 2, 13.25],
			"rotation": {"angle": 22.5, "axis": "x", "origin": [8, 0.5, 9.25]},
			"faces": {
				"north": {"uv": [0, 1, 1, 0], "texture": "#0"},
				"east": {"uv": [1, 16, 0, 11.5], "rotation": 90, "texture": "#0"},
				"south": {"uv": [0, 1, 1, 0], "texture": "#0"},
				"west": {"uv": [0, 11.5, 1, 16], "rotation": 90, "texture": "#0"},
				"up": {"uv": [1, 16, 0, 11.5], "texture": "#0"},
				"down": {"uv": [0, 11.5, 1, 16], "texture": "#0"}
			}
		},
		{
			"from": [7.75, 1, 12],
			"to": [8.25, 15, 12.001],
			"rotation": {"angle": 0, "axis": "y", "origin": [7.75, 0, -6]},
			"faces": {
				"north": {"uv": [15, 0, 15.5, 14], "texture": "#0"},
				"east": {"uv": [0, 0, 0.5, 0.5], "texture": "#0"},
				"south": {"uv": [15, 0, 15.5, 14], "texture": "#0"},
				"west": {"uv": [0, 0, 0.5, 0.5], "texture": "#0"},
				"up": {"uv": [0, 0, 0.5, 0.5], "texture": "#0"},
				"down": {"uv": [0, 0, 0.5, 0.5], "texture": "#0"}
			}
		},
		{
			"from": [7.75, 0.5, 12.5],
			"to": [8.25, 15.5, 12.501],
			"rotation": {"angle": 0, "axis": "y", "origin": [7.75, 0, -6]},
			"faces": {
				"north": {"uv": [15.5, 0, 16, 15], "texture": "#0"},
				"east": {"uv": [0, 0, 0.5, 0.5], "texture": "#0"},
				"south": {"uv": [15.5, 0, 16, 15], "texture": "#0"},
				"west": {"uv": [0, 0, 0.5, 0.5], "texture": "#0"},
				"up": {"uv": [0, 0, 0.5, 0.5], "texture": "#0"},
				"down": {"uv": [0, 0, 0.5, 0.5], "texture": "#0"}
			}
		},
		{
			"from": [7, 4.25, 6.75],
			"to": [9, 5.75, 8.75],
			"rotation": {"angle": 0, "axis": "y", "origin": [8, 0, 9]},
			"faces": {
				"north": {"uv": [3.5, 12, 5.5, 13.5], "texture": "#0"},
				"east": {"uv": [3.5, 12, 5.5, 13.5], "texture": "#0"},
				"south": {"uv": [3.5, 12, 5.5, 13.5], "texture": "#0"},
				"west": {"uv": [3.5, 12, 5.5, 13.5], "texture": "#0"},
				"up": {"uv": [0, 0, 0.5, 0.5], "texture": "#0"},
				"down": {"uv": [0, 0, 0.5, 0.5], "texture": "#0"}
			}
		},
		{
			"from": [9, 3.25, 7],
			"to": [9.001, 4.25, 8],
			"rotation": {"angle": 45, "axis": "z", "origin": [9, 4.25, 7.5]},
			"faces": {
				"north": {"uv": [0, 0, 0.5, 0.5], "texture": "#0"},
				"east": {"uv": [3.5, 13.5, 4.5, 14.5], "texture": "#0"},
				"south": {"uv": [0, 0, 0.5, 0.5], "texture": "#0"},
				"west": {"uv": [4.5, 13.5, 3.5, 14.5], "texture": "#0"},
				"up": {"uv": [0, 0, 0.5, 0.5], "texture": "#0"},
				"down": {"uv": [0, 0, 0.5, 0.5], "texture": "#0"}
			}
		},
		{
			"from": [9.70711, 2.04289, 7],
			"to": [9.70811, 3.54289, 8],
			"rotation": {"angle": 0, "axis": "y", "origin": [9.70711, 3.54289, 7.5]},
			"faces": {
				"north": {"uv": [0, 0, 0.5, 0.5], "texture": "#0"},
				"east": {"uv": [3.5, 14.5, 4.5, 16], "texture": "#0"},
				"south": {"uv": [0, 0, 0.5, 0.5], "texture": "#0"},
				"west": {"uv": [4.5, 14.5, 3.5, 16], "texture": "#0"},
				"up": {"uv": [0, 0, 0.5, 0.5], "texture": "#0"},
				"down": {"uv": [0, 0, 0.5, 0.5], "texture": "#0"}
			}
		},
		{
			"from": [8.5, 12.1, 10.5],
			"to": [8.501, 14.6, 11.5],
			"rotation": {"angle": 0, "axis": "y", "origin": [8, 0, 7.5]},
			"faces": {
				"north": {"uv": [0, 0, 0.5, 0.5], "texture": "#0"},
				"east": {"uv": [4.5, 13.5, 3.5, 16], "texture": "#0"},
				"south": {"uv": [0, 0, 0.5, 0.5], "texture": "#0"},
				"west": {"uv": [3.5, 13.5, 4.5, 16], "texture": "#0"},
				"up": {"uv": [0, 0, 0.5, 0.5], "texture": "#0"},
				"down": {"uv": [0, 0, 0.5, 0.5], "texture": "#0"}
			}
		},
		{
			"from": [8, 3.34315, 11.92893],
			"to": [8.001, 7.34315, 15.92893],
			"rotation": {"angle": -45, "axis": "x", "origin": [8, 6.34315, 4.92893]},
			"faces": {
				"north": {"uv": [0, 2, 2, 0], "rotation": 180, "texture": "#1"},
				"east": {"uv": [16, 0, 0, 16], "rotation": 270, "texture": "#1"},
				"south": {"uv": [0, 2, 2, 0], "texture": "#1"},
				"west": {"uv": [0, 0, 16, 16], "rotation": 90, "texture": "#1"},
				"up": {"uv": [0, 0, 2, 2], "rotation": 180, "texture": "#1"},
				"down": {"uv": [0, 0, 2, 2], "texture": "#1"}
			}
		}
	],
	"display": {
		"thirdperson_righthand": {
			"translation": [0, -1.5, 0.25],
			"scale": [1.8, 1.8, 1.8]
		},
		"thirdperson_lefthand": {
			"translation": [0, -1.5, 0.25],
			"scale": [1.8, 1.8, 1.8]
		},
		"firstperson_righthand": {
			"rotation": [-15, 0, 0],
			"translation": [2.25, 4.5, 0],
			"scale": [1.5, 1.5, 1.5]
		},
		"firstperson_lefthand": {
			"rotation": [-15, 0, 0],
			"translation": [2.25, 4.5, 0],
			"scale": [1.5, 1.5, 1.5]
		},
		"ground": {
			"rotation": [45, 45, 0],
			"translation": [0, 5.75, 0]
		},
		"gui": {
			"rotation": [0, 135, 22.5],
			"translation": [-2, 0, 0]
		}
	}
}