{
	"credit": "Made by Raycifer",
	"texture_size": [32, 32],
	"textures": {
		"0": "./corkian_amplifier_1"
	},
	"elements": [
		{
			"from": [3.5, -0.001, 5.25],
			"to": [12.5, 0, 14.25],
			"rotation": {"angle": 0, "axis": "y", "origin": [3.5, 0, 5.25]},
			"faces": {
				"north": {"uv": [0, 0, 4.5, 0.0005], "texture": "#0"},
				"east": {"uv": [0, 0, 4.5, 0.0005], "texture": "#0"},
				"south": {"uv": [0, 0, 4.5, 0.0005], "texture": "#0"},
				"west": {"uv": [0, 0, 4.5, 0.0005], "texture": "#0"},
				"up": {"uv": [0, 0, 9, 9], "texture": "#0"},
				"down": {"uv": [0, 9, 9, 0], "texture": "#0"}
			}
		},
		{
			"from": [8.5, 0, 6.25],
			"to": [11.5, 1, 9.25],
			"rotation": {"angle": 0, "axis": "y", "origin": [7.5, 0, 9.25]},
			"faces": {
				"north": {"uv": [4, 10, 1, 11], "texture": "#0"},
				"east": {"uv": [3, 10, 4, 13], "rotation": 90, "texture": "#0"},
				"south": {"uv": [1, 12, 4, 13], "texture": "#0"},
				"west": {"uv": [1, 13, 2, 10], "rotation": 90, "texture": "#0"},
				"up": {"uv": [1, 10, 4, 13], "texture": "#0"},
				"down": {"uv": [1, 10, 4, 13], "texture": "#0"}
			}
		},
		{
			"from": [7.5, 0.5, 5.25],
			"to": [12.5, 0.501, 10.25],
			"rotation": {"angle": 0, "axis": "y", "origin": [5.5, 0, 7.25]},
			"faces": {
				"north": {"uv": [15, 15, 16, 16], "texture": "#0"},
				"east": {"uv": [15, 15, 16, 16], "texture": "#0"},
				"south": {"uv": [15, 15, 16, 16], "texture": "#0"},
				"west": {"uv": [15, 15, 16, 16], "texture": "#0"},
				"up": {"uv": [0, 9, 5, 14], "texture": "#0"},
				"down": {"uv": [0, 14, 5, 9], "texture": "#0"}
			}
		},
		{
			"from": [4, 0, 7.25],
			"to": [6, 6, 9.25],
			"rotation": {"angle": 0, "axis": "y", "origin": [7, 0, 8.75]},
			"faces": {
				"north": {"uv": [14, 9, 12, 15], "texture": "#0"},
				"east": {"uv": [12, 9, 14, 15], "texture": "#0"},
				"south": {"uv": [14, 9, 12, 15], "texture": "#0"},
				"west": {"uv": [12, 9, 14, 15], "texture": "#0"},
				"up": {"uv": [12, 9, 14, 10], "texture": "#0"},
				"down": {"uv": [15, 15, 16, 16], "texture": "#0"}
			}
		},
		{
			"from": [3.5, 1, 6.75],
			"to": [6.5, 8, 9.75],
			"rotation": {"angle": 0, "axis": "y", "origin": [9.5, 0, 5.25]},
			"faces": {
				"north": {"uv": [9, 9, 6, 16], "texture": "#0"},
				"east": {"uv": [6, 9, 9, 16], "texture": "#0"},
				"south": {"uv": [9, 9, 6, 16], "texture": "#0"},
				"west": {"uv": [6, 9, 9, 16], "texture": "#0"},
				"up": {"uv": [9, 9, 12, 12], "texture": "#0"},
				"down": {"uv": [9, 12, 12, 15], "texture": "#0"}
			}
		},
		{
			"from": [8.5, 0, 10.75],
			"to": [9.5, 1, 13.75],
			"rotation": {"angle": 0, "axis": "y", "origin": [7.5, 0, 8.25]},
			"faces": {
				"north": {"uv": [5, 9, 6, 10], "texture": "#0"},
				"east": {"uv": [5, 9, 6, 12], "rotation": 90, "texture": "#0"},
				"south": {"uv": [5, 11, 6, 12], "texture": "#0"},
				"west": {"uv": [6, 9, 5, 12], "rotation": 90, "texture": "#0"},
				"up": {"uv": [6, 9, 5, 12], "texture": "#0"},
				"down": {"uv": [5, 9, 6, 12], "texture": "#0"}
			}
		},
		{
			"from": [4.5, -0.5, 3.75],
			"to": [7.5, 0.5, 5.75],
			"rotation": {"angle": 0, "axis": "y", "origin": [7.5, 0, 9.25]},
			"faces": {
				"north": {"uv": [16, 16, 15, 15], "rotation": 90, "texture": "#0"},
				"east": {"uv": [9, 3, 11, 4], "texture": "#0"},
				"south": {"uv": [3, 4.5, 3.5, 6], "rotation": 90, "texture": "#0"},
				"west": {"uv": [11, 5, 9, 6], "texture": "#0"},
				"up": {"uv": [11, 3, 9, 6], "rotation": 90, "texture": "#0"},
				"down": {"uv": [9, 3, 11, 6], "rotation": 90, "texture": "#0"}
			}
		},
		{
			"from": [12, 0, 11.25],
			"to": [14, 1, 14.25],
			"rotation": {"angle": 0, "axis": "y", "origin": [0, 0, 1.75]},
			"faces": {
				"north": {"uv": [11, 6, 9, 7], "texture": "#0"},
				"east": {"uv": [16, 16, 15, 15], "texture": "#0"},
				"south": {"uv": [9, 8, 11, 9], "texture": "#0"},
				"west": {"uv": [10, 9, 9, 6], "rotation": 90, "texture": "#0"},
				"up": {"uv": [9, 6, 11, 9], "texture": "#0"},
				"down": {"uv": [9, 6, 11, 9], "texture": "#0"}
			}
		},
		{
			"from": [14, -2, 11.25],
			"to": [15, 1, 14.25],
			"rotation": {"angle": 0, "axis": "y", "origin": [7.5, 0, 9.25]},
			"faces": {
				"north": {"uv": [11, 6, 14, 7], "rotation": 90, "texture": "#0"},
				"east": {"uv": [11, 6, 14, 9], "rotation": 90, "texture": "#0"},
				"south": {"uv": [11, 8, 14, 9], "rotation": 90, "texture": "#0"},
				"west": {"uv": [11, 9, 14, 6], "rotation": 90, "texture": "#0"},
				"up": {"uv": [11, 6, 12, 9], "texture": "#0"},
				"down": {"uv": [13, 9, 14, 6], "texture": "#0"}
			}
		},
		{
			"from": [4.5, -2.5, 2.75],
			"to": [7.5, 0.5, 3.75],
			"rotation": {"angle": 0, "axis": "y", "origin": [0, 0, 1.75]},
			"faces": {
				"north": {"uv": [11, 6, 14, 3], "rotation": 90, "texture": "#0"},
				"east": {"uv": [11, 3, 14, 4], "rotation": 90, "texture": "#0"},
				"south": {"uv": [11, 3, 14, 6], "rotation": 90, "texture": "#0"},
				"west": {"uv": [11, 5, 14, 6], "rotation": 90, "texture": "#0"},
				"up": {"uv": [11, 3, 12, 6], "rotation": 90, "texture": "#0"},
				"down": {"uv": [13, 3, 14, 6], "rotation": 90, "texture": "#0"}
			}
		},
		{
			"from": [2, 0, 10.25],
			"to": [4, 1, 13.25],
			"rotation": {"angle": 0, "axis": "y", "origin": [0, 0, 1.75]},
			"faces": {
				"north": {"uv": [9, 0, 11, 1], "texture": "#0"},
				"east": {"uv": [9, 0, 10, 3], "rotation": 90, "texture": "#0"},
				"south": {"uv": [11, 2, 9, 3], "texture": "#0"},
				"west": {"uv": [16, 16, 15, 15], "texture": "#0"},
				"up": {"uv": [11, 0, 9, 3], "texture": "#0"},
				"down": {"uv": [11, 3, 9, 0], "texture": "#0"}
			}
		},
		{
			"from": [1, -2, 10.25],
			"to": [2, 1, 13.25],
			"rotation": {"angle": 0, "axis": "y", "origin": [0, 0, 1.75]},
			"faces": {
				"north": {"uv": [11, 1, 14, 0], "rotation": 90, "texture": "#0"},
				"east": {"uv": [11, 0, 14, 3], "rotation": 90, "texture": "#0"},
				"south": {"uv": [11, 3, 14, 2], "rotation": 90, "texture": "#0"},
				"west": {"uv": [11, 3, 14, 0], "rotation": 90, "texture": "#0"},
				"up": {"uv": [12, 0, 11, 3], "texture": "#0"},
				"down": {"uv": [14, 3, 13, 0], "texture": "#0"}
			}
		}
	],
	"display": {
		"thirdperson_righthand": {
			"rotation": [67.5, 0, 0],
			"translation": [0, 2.75, 3],
			"scale": [0.5, 0.5, 0.5]
		},
		"thirdperson_lefthand": {
			"rotation": [67.5, 0, 0],
			"translation": [0, 2.75, 3],
			"scale": [0.5, 0.5, 0.5]
		},
		"firstperson_righthand": {
			"rotation": [0, -70, 0],
			"translation": [1.5, 5.75, 1],
			"scale": [0.5, 0.5, 0.5]
		},
		"firstperson_lefthand": {
			"rotation": [0, -70, 0],
			"translation": [1.5, 5.75, 1],
			"scale": [0.5, 0.5, 0.5]
		},
		"ground": {
			"rotation": [0, 0, 45],
			"translation": [0, 3.25, 0],
			"scale": [0.5, 0.5, 0.5]
		},
		"gui": {
			"rotation": [22.5, -45, 0],
			"translation": [0, 4.5, 0]
		},
		"fixed": {
			"rotation": [-90, 0, 0],
			"translation": [0, 0, -8.75]
		}
	},
	"groups": [
		0,
		{
			"name": "group",
			"origin": [5.5, 0, 5.5],
			"color": 0,
			"children": [1, 2]
		},
		{
			"name": "group",
			"origin": [9.5, 0, 3.5],
			"color": 0,
			"children": [3, 4]
		},
		5,
		6,
		7,
		8,
		9,
		10,
		11
	]
}