{
	"credit": "Made with Blockbench",
	"texture_size": [64, 64],
	"textures": {
		"2": "./gathering_scythe_t3"
	},
	"elements": [
		{
			"from": [7.48954, 13.00208, 6.4],
			"to": [8.98954, 25.00208, 7.9],
			"rotation": {"angle": 0, "axis": "z", "origin": [9.98954, 5.00208, 8]},
			"faces": {
				"north": {"uv": [0, 0, 0.5, 3], "texture": "#2"},
				"east": {"uv": [0.75, 0, 1.25, 3], "texture": "#2"},
				"south": {"uv": [1.5, 0, 2, 3], "texture": "#2"},
				"west": {"uv": [2.25, 0, 2.75, 3], "texture": "#2"},
				"up": {"uv": [2.5, 5, 2, 4.5], "texture": "#2"},
				"down": {"uv": [0.5, 5.75, 0, 6.25], "texture": "#2"}
			}
		},
		{
			"from": [7.48954, 0.83563, 6.4],
			"to": [9.08954, 2.83563, 7.9],
			"rotation": {"angle": 0, "axis": "z", "origin": [6.78954, 14.83563, 7.2]},
			"faces": {
				"north": {"uv": [0.75, 5.75, 1.25, 6.25], "texture": "#2"},
				"east": {"uv": [5.75, 1, 6.25, 1.5], "texture": "#2"},
				"south": {"uv": [1.5, 5.75, 2, 6.25], "texture": "#2"},
				"west": {"uv": [5.75, 1.75, 6.25, 2.25], "texture": "#2"},
				"up": {"uv": [2.75, 6.25, 2.25, 5.75], "texture": "#2"},
				"down": {"uv": [6.25, 2.5, 5.75, 3], "texture": "#2"}
			}
		},
		{
			"from": [8.89848, 5.91886, 6.4],
			"to": [10.49848, 9.91886, 7.9],
			"rotation": {"angle": 0, "axis": "z", "origin": [7.69848, 11.91886, 7.5]},
			"faces": {
				"north": {"uv": [3, 1.5, 3.5, 2.5], "texture": "#2"},
				"east": {"uv": [3, 2.75, 3.5, 3.75], "texture": "#2"},
				"south": {"uv": [0, 3.25, 0.5, 4.25], "texture": "#2"},
				"west": {"uv": [0.75, 3.25, 1.25, 4.25], "texture": "#2"},
				"up": {"uv": [3.5, 6.25, 3, 5.75], "texture": "#2"},
				"down": {"uv": [6.5, 3.25, 6, 3.75], "texture": "#2"}
			}
		},
		{
			"from": [7.94454, 3.12306, 6.375],
			"to": [9.54454, 7.12306, 7.875],
			"rotation": {"angle": -22.5, "axis": "z", "origin": [6.99454, 4.12306, 7.7]},
			"faces": {
				"north": {"uv": [1.5, 3.25, 2, 4.25], "texture": "#2"},
				"east": {"uv": [2.25, 3.25, 2.75, 4.25], "texture": "#2"},
				"south": {"uv": [3.75, 1.5, 4.25, 2.5], "texture": "#2"},
				"west": {"uv": [3.75, 2.75, 4.25, 3.75], "texture": "#2"},
				"up": {"uv": [4.25, 6.5, 3.75, 6], "texture": "#2"},
				"down": {"uv": [6.5, 4, 6, 4.5], "texture": "#2"}
			}
		},
		{
			"from": [8.77101, 8.7597, 6.375],
			"to": [10.37101, 12.7597, 7.875],
			"rotation": {"angle": 22.5, "axis": "z", "origin": [7.52101, 9.6597, 7.8]},
			"faces": {
				"north": {"uv": [3, 4, 3.5, 5], "texture": "#2"},
				"east": {"uv": [3.75, 4, 4.25, 5], "texture": "#2"},
				"south": {"uv": [0, 4.5, 0.5, 5.5], "texture": "#2"},
				"west": {"uv": [4.5, 0, 5, 1], "texture": "#2"},
				"up": {"uv": [5, 6.5, 4.5, 6], "texture": "#2"},
				"down": {"uv": [6.5, 4.75, 6, 5.25], "texture": "#2"}
			}
		},
		{
			"from": [7.85, 22.3, 6.25],
			"to": [8.6, 23.05, 6.5],
			"rotation": {"angle": -45, "axis": "z", "origin": [8.225, 22.675, 6.375]},
			"faces": {
				"north": {"uv": [7.75, 6, 8, 6.25], "texture": "#2"},
				"east": {"uv": [8, 2, 8.25, 2.25], "texture": "#2"},
				"south": {"uv": [0.5, 8.25, 0.75, 8.5], "texture": "#2"},
				"west": {"uv": [1, 8.25, 1.25, 8.5], "texture": "#2"},
				"up": {"uv": [2.25, 8.5, 2, 8.25], "texture": "#2"},
				"down": {"uv": [2.75, 8.25, 2.5, 8.5], "texture": "#2"}
			}
		},
		{
			"from": [7.85, 22.3, 7.8],
			"to": [8.6, 23.05, 8.05],
			"rotation": {"angle": 45, "axis": "z", "origin": [8.225, 22.675, 7.925]},
			"faces": {
				"north": {"uv": [3, 8.25, 3.25, 8.5], "texture": "#2"},
				"east": {"uv": [3.5, 8.25, 3.75, 8.5], "texture": "#2"},
				"south": {"uv": [4, 8.25, 4.25, 8.5], "texture": "#2"},
				"west": {"uv": [4.5, 8.25, 4.75, 8.5], "texture": "#2"},
				"up": {"uv": [5.25, 8.5, 5, 8.25], "texture": "#2"},
				"down": {"uv": [5.75, 8.25, 5.5, 8.5], "texture": "#2"}
			}
		},
		{
			"from": [8.8, 9, 6.25],
			"to": [10.6, 9.75, 8.05],
			"faces": {
				"north": {"uv": [7.25, 2, 7.75, 2.25], "texture": "#2"},
				"east": {"uv": [3.5, 7.25, 4, 7.5], "texture": "#2"},
				"south": {"uv": [4.25, 7.25, 4.75, 7.5], "texture": "#2"},
				"west": {"uv": [5, 7.25, 5.5, 7.5], "texture": "#2"},
				"up": {"uv": [5.75, 6.5, 5.25, 6], "texture": "#2"},
				"down": {"uv": [6.5, 6, 6, 6.5], "texture": "#2"}
			}
		},
		{
			"from": [8.8, 8, 6.25],
			"to": [10.6, 8.75, 8.05],
			"faces": {
				"north": {"uv": [5.75, 7.25, 6.25, 7.5], "texture": "#2"},
				"east": {"uv": [6.5, 7.25, 7, 7.5], "texture": "#2"},
				"south": {"uv": [7.25, 7.25, 7.75, 7.5], "texture": "#2"},
				"west": {"uv": [7.5, 6.5, 8, 6.75], "texture": "#2"},
				"up": {"uv": [0.5, 7, 0, 6.5], "texture": "#2"},
				"down": {"uv": [1.25, 6.5, 0.75, 7], "texture": "#2"}
			}
		},
		{
			"from": [8.8, 7, 6.25],
			"to": [10.6, 7.75, 8.05],
			"faces": {
				"north": {"uv": [0, 7.75, 0.5, 8], "texture": "#2"},
				"east": {"uv": [0.75, 7.75, 1.25, 8], "texture": "#2"},
				"south": {"uv": [7.75, 1, 8.25, 1.25], "texture": "#2"},
				"west": {"uv": [7.75, 1.5, 8.25, 1.75], "texture": "#2"},
				"up": {"uv": [7, 1.5, 6.5, 1], "texture": "#2"},
				"down": {"uv": [2, 6.5, 1.5, 7], "texture": "#2"}
			}
		},
		{
			"from": [8.8, 6, 6.25],
			"to": [10.6, 6.75, 8.05],
			"faces": {
				"north": {"uv": [7.75, 2.5, 8.25, 2.75], "texture": "#2"},
				"east": {"uv": [3.5, 7.75, 4, 8], "texture": "#2"},
				"south": {"uv": [4.25, 7.75, 4.75, 8], "texture": "#2"},
				"west": {"uv": [7.75, 4.5, 8.25, 4.75], "texture": "#2"},
				"up": {"uv": [7, 2.25, 6.5, 1.75], "texture": "#2"},
				"down": {"uv": [2.75, 6.5, 2.25, 7], "texture": "#2"}
			}
		},
		{
			"from": [8.98954, 23.00208, 6.75],
			"to": [13.98954, 24.00208, 7.55],
			"rotation": {"angle": 0, "axis": "z", "origin": [9.98954, 5.00208, 7.15]},
			"faces": {
				"north": {"uv": [4.5, 3.5, 5.75, 3.75], "texture": "#2"},
				"east": {"uv": [6, 8.25, 6.25, 8.5], "texture": "#2"},
				"south": {"uv": [4.5, 4, 5.75, 4.25], "texture": "#2"},
				"west": {"uv": [8.25, 6, 8.5, 6.25], "texture": "#2"},
				"up": {"uv": [5.75, 4.75, 4.5, 4.5], "texture": "#2"},
				"down": {"uv": [5.75, 5, 4.5, 5.25], "texture": "#2"}
			}
		},
		{
			"from": [8.98954, 20.00208, 6.95],
			"to": [12.98954, 21.00208, 7.35],
			"rotation": {"angle": 0, "axis": "z", "origin": [9.98954, 5.00208, 7.15]},
			"faces": {
				"north": {"uv": [6.5, 2.5, 7.5, 2.75], "texture": "#2"},
				"east": {"uv": [8.25, 6.5, 8.5, 6.75], "texture": "#2"},
				"south": {"uv": [6.75, 0, 7.75, 0.25], "texture": "#2"},
				"west": {"uv": [8.5, 0, 8.75, 0.25], "texture": "#2"},
				"up": {"uv": [7.75, 0.75, 6.75, 0.5], "texture": "#2"},
				"down": {"uv": [4, 6.75, 3, 7], "texture": "#2"}
			}
		},
		{
			"from": [13.66488, 22.36992, 6.85],
			"to": [16.66488, 23.46992, 7.45],
			"rotation": {"angle": -22.5, "axis": "z", "origin": [15.16488, 22.91992, 7.15]},
			"faces": {
				"north": {"uv": [6.75, 4.5, 7.5, 4.75], "texture": "#2"},
				"east": {"uv": [8.5, 0.5, 8.75, 0.75], "texture": "#2"},
				"south": {"uv": [6.75, 5, 7.5, 5.25], "texture": "#2"},
				"west": {"uv": [8.5, 1, 8.75, 1.25], "texture": "#2"},
				"up": {"uv": [6.25, 7, 5.5, 6.75], "texture": "#2"},
				"down": {"uv": [7.5, 5.5, 6.75, 5.75], "texture": "#2"}
			}
		},
		{
			"from": [13.81293, 19.14156, 6.95],
			"to": [16.81293, 20.24156, 7.35],
			"rotation": {"angle": -22.5, "axis": "z", "origin": [15.31293, 22.69156, 7.05]},
			"faces": {
				"north": {"uv": [6.75, 6, 7.5, 6.25], "texture": "#2"},
				"east": {"uv": [1.5, 8.5, 1.75, 8.75], "texture": "#2"},
				"south": {"uv": [6.5, 6.75, 7.25, 7], "texture": "#2"},
				"west": {"uv": [8.5, 1.5, 8.75, 1.75], "texture": "#2"},
				"up": {"uv": [0.75, 7.5, 0, 7.25], "texture": "#2"},
				"down": {"uv": [1.75, 7.25, 1, 7.5], "texture": "#2"}
			}
		},
		{
			"from": [16.11473, 21.29337, 6.9],
			"to": [18.11473, 22.29337, 7.4],
			"rotation": {"angle": -45, "axis": "z", "origin": [17.11473, 21.79337, 7.05]},
			"faces": {
				"north": {"uv": [5, 7.75, 5.5, 8], "texture": "#2"},
				"east": {"uv": [8.5, 2, 8.75, 2.25], "texture": "#2"},
				"south": {"uv": [7.75, 5, 8.25, 5.25], "texture": "#2"},
				"west": {"uv": [8.5, 2.5, 8.75, 2.75], "texture": "#2"},
				"up": {"uv": [8.25, 5.75, 7.75, 5.5], "texture": "#2"},
				"down": {"uv": [6.25, 7.75, 5.75, 8], "texture": "#2"}
			}
		},
		{
			"from": [17.16278, 17.36437, 6.95],
			"to": [22.26278, 18.36437, 7.35],
			"rotation": {"angle": -45, "axis": "z", "origin": [18.26278, 20.86437, 6.95]},
			"faces": {
				"north": {"uv": [5.25, 0, 6.5, 0.25], "texture": "#2"},
				"east": {"uv": [8.5, 3, 8.75, 3.25], "texture": "#2"},
				"south": {"uv": [5.25, 0.5, 6.5, 0.75], "texture": "#2"},
				"west": {"uv": [8.5, 3.5, 8.75, 3.75], "texture": "#2"},
				"up": {"uv": [2, 5.5, 0.75, 5.25], "texture": "#2"},
				"down": {"uv": [3.5, 5.25, 2.25, 5.5], "texture": "#2"}
			}
		},
		{
			"from": [17.78748, 18.36266, 7],
			"to": [18.78748, 21.36266, 7.3],
			"rotation": {"angle": 22.5, "axis": "z", "origin": [18.28748, 19.86266, 6.95]},
			"faces": {
				"north": {"uv": [7.25, 1, 7.5, 1.75], "texture": "#2"},
				"east": {"uv": [2, 7.25, 2.25, 8], "texture": "#2"},
				"south": {"uv": [2.5, 7.25, 2.75, 8], "texture": "#2"},
				"west": {"uv": [3, 7.25, 3.25, 8], "texture": "#2"},
				"up": {"uv": [8.75, 4.25, 8.5, 4], "texture": "#2"},
				"down": {"uv": [8.75, 4.5, 8.5, 4.75], "texture": "#2"}
			}
		},
		{
			"from": [18.32344, 16.26818, 7],
			"to": [19.32344, 18.66818, 7.3],
			"rotation": {"angle": 0, "axis": "z", "origin": [19.82344, 17.16818, 6.95]},
			"faces": {
				"north": {"uv": [1.5, 7.75, 1.75, 8.25], "texture": "#2"},
				"east": {"uv": [6.5, 7.75, 6.75, 8.25], "texture": "#2"},
				"south": {"uv": [7, 7.75, 7.25, 8.25], "texture": "#2"},
				"west": {"uv": [7.5, 7.75, 7.75, 8.25], "texture": "#2"},
				"up": {"uv": [8.75, 5.25, 8.5, 5], "texture": "#2"},
				"down": {"uv": [8.75, 5.5, 8.5, 5.75], "texture": "#2"}
			}
		},
		{
			"from": [9, 21, 6.85],
			"to": [13, 23, 7.45],
			"rotation": {"angle": 0, "axis": "y", "origin": [0, 0, -0.85]},
			"faces": {
				"north": {"uv": [0.75, 4.5, 1.75, 5], "texture": "#2"},
				"east": {"uv": [8, 0, 8.25, 0.5], "texture": "#2"},
				"south": {"uv": [4.5, 1.25, 5.5, 1.75], "texture": "#2"},
				"west": {"uv": [8, 3, 8.25, 3.5], "texture": "#2"},
				"up": {"uv": [7.75, 3.25, 6.75, 3], "texture": "#2"},
				"down": {"uv": [7.75, 3.5, 6.75, 3.75], "texture": "#2"}
			}
		},
		{
			"from": [11.98744, 20.50522, 6.95],
			"to": [16.48744, 22.60522, 7.35],
			"rotation": {"angle": -22.5, "axis": "z", "origin": [14.48744, 22.00522, 7.15]},
			"faces": {
				"north": {"uv": [3, 0, 4.25, 0.5], "texture": "#2"},
				"east": {"uv": [8, 3.75, 8.25, 4.25], "texture": "#2"},
				"south": {"uv": [3, 0.75, 4.25, 1.25], "texture": "#2"},
				"west": {"uv": [8, 7, 8.25, 7.5], "texture": "#2"},
				"up": {"uv": [5, 5.75, 3.75, 5.5], "texture": "#2"},
				"down": {"uv": [6.5, 5.5, 5.25, 5.75], "texture": "#2"}
			}
		},
		{
			"from": [15.6, 21.2, 7.05],
			"to": [19.6, 23.3, 7.25],
			"rotation": {"angle": -45, "axis": "z", "origin": [14.5, 22, 7.15]},
			"faces": {
				"north": {"uv": [4.5, 2, 5.5, 2.5], "texture": "#2"},
				"east": {"uv": [8, 7.75, 8.25, 8.25], "texture": "#2"},
				"south": {"uv": [4.5, 2.75, 5.5, 3.25], "texture": "#2"},
				"west": {"uv": [0, 8.25, 0.25, 8.75], "texture": "#2"},
				"up": {"uv": [7.75, 4.25, 6.75, 4], "texture": "#2"},
				"down": {"uv": [5.25, 6.75, 4.25, 7], "texture": "#2"}
			}
		},
		{
			"from": [19.6, 21.2, 7.05],
			"to": [20.6, 22.3, 7.25],
			"rotation": {"angle": -45, "axis": "z", "origin": [14.5, 22, 7.15]},
			"faces": {
				"north": {"uv": [6.5, 8.5, 6.75, 8.75], "texture": "#2"},
				"east": {"uv": [7, 8.5, 7.25, 8.75], "texture": "#2"},
				"south": {"uv": [8.5, 7, 8.75, 7.25], "texture": "#2"},
				"west": {"uv": [7.5, 8.5, 7.75, 8.75], "texture": "#2"},
				"up": {"uv": [8.75, 7.75, 8.5, 7.5], "texture": "#2"},
				"down": {"uv": [8.25, 8.5, 8, 8.75], "texture": "#2"}
			}
		}
	],
	"display": {
		"thirdperson_righthand": {
			"rotation": [-0.25, 90, 0],
			"translation": [1.25, -2, 2],
			"scale": [1.2, 1.2, 1.2]
		},
		"thirdperson_lefthand": {
			"rotation": [-2.5, -90, 0],
			"translation": [-1.25, -2, 2],
			"scale": [1.2, 1.2, 1.2]
		},
		"firstperson_righthand": {
			"rotation": [168.5, 84.25, -180],
			"translation": [4.75, -1.25, 1]
		},
		"firstperson_lefthand": {
			"rotation": [168.5, -84.25, -180],
			"translation": [4.25, -1.5, 1]
		},
		"ground": {
			"translation": [0, 2, 0],
			"scale": [0.5, 0.5, 0.5]
		},
		"gui": {
			"rotation": [-176.94, -0.65, -133.26],
			"translation": [-1.75, -3.75, 0],
			"scale": [0.625, 0.625, 0.625]
		},
		"fixed": {
			"rotation": [0, 0, 51],
			"translation": [2.25, -3.25, 0],
			"scale": [0.6, 0.6, 0.6]
		}
	},
	"groups": [
		{
			"name": "handle",
			"origin": [7.52893, 9.77122, 7.9],
			"color": 0,
			"children": [
				0,
				1,
				2,
				3,
				4,
				{
					"name": "bolt",
					"origin": [8, 8, 8],
					"color": 0,
					"children": [5, 6]
				},
				{
					"name": "cloth",
					"origin": [7.52893, 9.77122, 7.9],
					"color": 0,
					"children": [7, 8, 9, 10]
				}
			]
		},
		{
			"name": "blade_trim",
			"origin": [8, 8, 8],
			"color": 0,
			"children": [11, 12, 13, 14, 15, 16, 17, 18]
		},
		{
			"name": "blade",
			"origin": [14.5, 22, 8],
			"color": 0,
			"children": [19, 20, 21, 22]
		}
	]
}