{
	"credit": "Made with Blockbench",
	"texture_size": [64, 64],
	"textures": {
		"0": "wynn/spell/meteor_0",
		"1": "wynn/spell/meteor_0_a",
		"particle": "wynn/spell/meteor_0"
	},
	"elements": [
		{
			"from": [-10, -8, 1],
			"to": [4, 6, 15],
			"rotation": {"angle": 0, "axis": "y", "origin": [-1, 1, 8]},
			"faces": {
				"north": {"uv": [3.5, 3.5, 7, 7], "texture": "#0"},
				"east": {"uv": [0, 3.5, 3.5, 7], "texture": "#0"},
				"south": {"uv": [10.5, 3.5, 14, 7], "texture": "#0"},
				"west": {"uv": [7, 3.5, 10.5, 7], "texture": "#0"},
				"up": {"uv": [7, 3.5, 3.5, 0], "texture": "#0"},
				"down": {"uv": [10.5, 0, 7, 3.5], "texture": "#0"}
			}
		},
		{
			"from": [-4, 1, 11],
			"to": [2, 7, 17],
			"rotation": {"angle": 22.5, "axis": "y", "origin": [-1, 4, 14]},
			"faces": {
				"north": {"uv": [3.75, 4, 5.25, 5.5], "texture": "#0"},
				"east": {"uv": [2.25, 4, 3.75, 5.5], "texture": "#0"},
				"south": {"uv": [6.75, 4, 8.25, 5.5], "texture": "#0"},
				"west": {"uv": [5.25, 4, 6.75, 5.5], "texture": "#0"},
				"up": {"uv": [5.25, 4, 3.75, 2.5], "texture": "#0"},
				"down": {"uv": [6.75, 2.5, 5.25, 4], "texture": "#0"}
			}
		},
		{
			"from": [-7, 3, -1],
			"to": [-2, 8, 4],
			"rotation": {"angle": 22.5, "axis": "y", "origin": [-4.5, 5.5, 1.5]},
			"faces": {
				"north": {"uv": [6.25, 3.25, 7.5, 4.5], "texture": "#0"},
				"east": {"uv": [5, 3.25, 6.25, 4.5], "texture": "#0"},
				"south": {"uv": [8.75, 3.25, 10, 4.5], "texture": "#0"},
				"west": {"uv": [7.5, 3.25, 8.75, 4.5], "texture": "#0"},
				"up": {"uv": [7.5, 3.25, 6.25, 2], "texture": "#0"},
				"down": {"uv": [8.75, 2, 7.5, 3.25], "texture": "#0"}
			}
		},
		{
			"from": [1, -6, 11],
			"to": [6, -1, 16],
			"rotation": {"angle": -22.5, "axis": "z", "origin": [2.5, -3.5, 13.5]},
			"faces": {
				"north": {"uv": [3.75, 4.25, 5, 5.5], "texture": "#0"},
				"east": {"uv": [2.5, 4.25, 3.75, 5.5], "texture": "#0"},
				"south": {"uv": [6.25, 4.25, 7.5, 5.5], "texture": "#0"},
				"west": {"uv": [5, 4.25, 6.25, 5.5], "texture": "#0"},
				"up": {"uv": [5, 4.25, 3.75, 3], "texture": "#0"},
				"down": {"uv": [6.25, 3, 5, 4.25], "texture": "#0"}
			}
		},
		{
			"from": [-11, -10, 10],
			"to": [-5, -4, 16],
			"rotation": {"angle": 22.5, "axis": "z", "origin": [-8, -6, 14]},
			"faces": {
				"north": {"uv": [7.25, 5.5, 8.75, 7], "texture": "#0"},
				"east": {"uv": [5.75, 5.5, 7.25, 7], "texture": "#0"},
				"south": {"uv": [10.25, 5.5, 11.75, 7], "texture": "#0"},
				"west": {"uv": [8.75, 5.5, 10.25, 7], "texture": "#0"},
				"up": {"uv": [8.75, 5.5, 7.25, 4], "texture": "#0"},
				"down": {"uv": [10.25, 4, 8.75, 5.5], "texture": "#0"}
			}
		},
		{
			"from": [-12, -5, -1],
			"to": [-6, 1, 5],
			"rotation": {"angle": -22.5, "axis": "y", "origin": [-9, -2, 3]},
			"faces": {
				"north": {"uv": [5.75, 4.5, 7.25, 6], "texture": "#0"},
				"east": {"uv": [4.25, 4.5, 5.75, 6], "texture": "#0"},
				"south": {"uv": [8.75, 4.5, 10.25, 6], "texture": "#0"},
				"west": {"uv": [7.25, 4.5, 8.75, 6], "texture": "#0"},
				"up": {"uv": [7.25, 4.5, 5.75, 3], "texture": "#0"},
				"down": {"uv": [8.75, 3, 7.25, 4.5], "texture": "#0"}
			}
		},
		{
			"from": [-1, -8, 0],
			"to": [5, -2, 6],
			"rotation": {"angle": -22.5, "axis": "x", "origin": [2, -6, 3]},
			"faces": {
				"north": {"uv": [9.5, 5.5, 11, 7], "texture": "#0"},
				"east": {"uv": [8, 5.5, 9.5, 7], "texture": "#0"},
				"south": {"uv": [12.5, 5.5, 14, 7], "texture": "#0"},
				"west": {"uv": [11, 5.5, 12.5, 7], "texture": "#0"},
				"up": {"uv": [11, 5.5, 9.5, 4], "texture": "#0"},
				"down": {"uv": [12.5, 4, 11, 5.5], "texture": "#0"}
			}
		},
		{
			"from": [0, -6, 2],
			"to": [30, 6, 14],
			"rotation": {"angle": 22.5, "axis": "z", "origin": [-1, 1, 8]},
			"faces": {
				"north": {"uv": [6, 15, 0, 0], "rotation": 90, "texture": "#1"},
				"south": {"uv": [6, 15, 0, 0], "rotation": 270, "texture": "#1"},
				"up": {"uv": [0, 15, 6, 0], "rotation": 270, "texture": "#1"},
				"down": {"uv": [0, 15, 6, 0], "rotation": 270, "texture": "#1"}
			}
		}
	],
	"display": {
		"head": {
			"rotation": [22, -90, 0],
			"translation": [0, 8, 45]
		}
	}
}