{
	"credit": "Made by Raycifer",
	"texture_size": [32, 32],
	"textures": {
		"0": "./corkian_amplifier_2",
		"1": "./corkian_amplifier_2_small_cog",
		"2": "./corkian_amplifier_2_screen",
		"particle": "./corkian_amplifier_2"
	},
	"elements": [
		{
			"from": [5, 0, 5],
			"to": [11, 2, 11],
			"rotation": {"angle": 0, "axis": "y", "origin": [3, 0, 5]},
			"faces": {
				"north": {"uv": [0, 12.5, 3, 13.5], "texture": "#0"},
				"east": {"uv": [3, 12.5, 0, 13.5], "texture": "#0"},
				"south": {"uv": [0, 12.5, 3, 13.5], "texture": "#0"},
				"west": {"uv": [3, 12.5, 0, 13.5], "texture": "#0"},
				"up": {"uv": [3, 13, 6, 16], "texture": "#0"},
				"down": {"uv": [0, 13, 3, 16], "texture": "#0"}
			}
		},
		{
			"from": [5.5, 2, 5.25],
			"to": [10.5, 7, 10.25],
			"rotation": {"angle": 0, "axis": "y", "origin": [7.5, -0.25, 8.5]},
			"faces": {
				"north": {"uv": [8.5, 1, 11, 3.5], "texture": "#0"},
				"east": {"uv": [0, 10, 2.5, 12.5], "texture": "#0"},
				"south": {"uv": [2.5, 7.5, 5, 10], "texture": "#0"},
				"west": {"uv": [0, 7.5, 2.5, 10], "texture": "#0"},
				"up": {"uv": [2.5, 12.5, 5, 10], "rotation": 270, "texture": "#0"},
				"down": {"uv": [8.5, 1, 11, 3.5], "texture": "#0"}
			}
		},
		{
			"from": [3.5, 4, 9],
			"to": [7.5, 9, 9.001],
			"rotation": {"angle": 22.5, "axis": "y", "origin": [5.5, 6.5, 9]},
			"faces": {
				"north": {"uv": [11, 0, 13, 2.5], "texture": "#0"},
				"east": {"uv": [15.5, 15.5, 16, 16], "texture": "#0"},
				"south": {"uv": [13, 0, 11, 2.5], "texture": "#0"},
				"west": {"uv": [15.5, 15.5, 16, 16], "texture": "#0"},
				"up": {"uv": [15.5, 15.5, 16, 16], "texture": "#0"},
				"down": {"uv": [15.5, 15.5, 16, 16], "texture": "#0"}
			}
		},
		{
			"from": [8.75, 3.75, 10.25],
			"to": [13.75, 8.75, 10.251],
			"rotation": {"angle": -22.5, "axis": "y", "origin": [11.25, 5.5, 9]},
			"faces": {
				"north": {"uv": [13, 0, 15.5, 2.5], "texture": "#0"},
				"east": {"uv": [15.5, 16, 16, 15.5], "texture": "#0"},
				"south": {"uv": [15.5, 0, 13, 2.5], "texture": "#0"},
				"west": {"uv": [15.5, 16, 16, 15.5], "texture": "#0"},
				"up": {"uv": [15.5, 16, 16, 15.5], "texture": "#0"},
				"down": {"uv": [15.5, 16, 16, 15.5], "texture": "#0"}
			}
		},
		{
			"from": [2.5, 3.5, 7.5],
			"to": [7.5, 3.501, 12.5],
			"rotation": {"angle": 22.5, "axis": "y", "origin": [4.5, 2.75, 9]},
			"faces": {
				"north": {"uv": [12.8, 12.8, 16, 16], "texture": "#1"},
				"east": {"uv": [12.8, 12.8, 16, 16], "texture": "#1"},
				"south": {"uv": [12.8, 12.8, 16, 16], "texture": "#1"},
				"west": {"uv": [12.8, 12.8, 16, 16], "texture": "#1"},
				"up": {"uv": [0, 0, 16, 16], "texture": "#1"},
				"down": {"uv": [0, 0, 16, 16], "texture": "#1"}
			}
		},
		{
			"from": [8.75, 4.25, 8.75],
			"to": [13.75, 9.25, 8.751],
			"rotation": {"angle": 45, "axis": "z", "origin": [11.25, 6.25, 9]},
			"faces": {
				"north": {"uv": [0, 0, 16, 16], "texture": "#1"},
				"east": {"uv": [12.8, 12.8, 16, 16], "texture": "#1"},
				"south": {"uv": [0, 0, 16, 16], "texture": "#1"},
				"west": {"uv": [12.8, 12.8, 16, 16], "texture": "#1"},
				"up": {"uv": [12.8, 12.8, 16, 16], "texture": "#1"},
				"down": {"uv": [12.8, 12.8, 16, 16], "texture": "#1"}
			}
		},
		{
			"from": [4.5, 1.75, 4],
			"to": [11.5, 8.75, 6],
			"rotation": {"angle": 22.5, "axis": "x", "origin": [8, 4.25, 4.375]},
			"faces": {
				"north": {"uv": [0.5, 0.5, 4, 4], "texture": "#0"},
				"east": {"uv": [0, 0.5, 1, 4], "texture": "#0"},
				"south": {"uv": [4.5, 0.5, 8, 4], "texture": "#0"},
				"west": {"uv": [3.5, 0.5, 4.5, 4], "texture": "#0"},
				"up": {"uv": [4, 1, 0.5, 0], "texture": "#0"},
				"down": {"uv": [4, 4.5, 0.5, 3.5], "texture": "#0"}
			}
		},
		{
			"from": [5.5, 2.75, 3.75],
			"to": [10.5, 7.75, 3.751],
			"rotation": {"angle": 22.5, "axis": "x", "origin": [8, 4.25, 4.375]},
			"faces": {
				"north": {"uv": [0, 0, 16, 16], "texture": "#2"},
				"east": {"uv": [12.8, 0, 16, 3.2], "texture": "#2"},
				"south": {"uv": [0, 0, 16, 16], "texture": "#2"},
				"west": {"uv": [12.8, 0, 16, 3.2], "texture": "#2"},
				"up": {"uv": [12.8, 0, 16, 3.2], "texture": "#2"},
				"down": {"uv": [12.8, 0, 16, 3.2], "texture": "#2"}
			}
		}
	],
	"display": {
		"thirdperson_righthand": {
			"rotation": [0, -180, 0],
			"translation": [0, 3.25, 0],
			"scale": [0.5, 0.5, 0.5]
		},
		"thirdperson_lefthand": {
			"rotation": [0, -180, 0],
			"translation": [0, 3.25, 0],
			"scale": [0.5, 0.5, 0.5]
		},
		"firstperson_righthand": {
			"rotation": [0, 145, 0],
			"translation": [0.25, 5.75, 1.75],
			"scale": [0.5, 0.5, 0.5]
		},
		"firstperson_lefthand": {
			"rotation": [0, 145, 0],
			"translation": [0.25, 5.75, 1.75],
			"scale": [0.5, 0.5, 0.5]
		},
		"ground": {
			"rotation": [45, 0, 0],
			"translation": [0, 3.5, 0]
		},
		"gui": {
			"rotation": [22.5, 135, 0],
			"translation": [0, 4.5, 0],
			"scale": [1.5, 1.5, 1.5]
		},
		"fixed": {
			"translation": [0, 3.75, 0]
		}
	},
	"groups": [
		0,
		{
			"name": "group",
			"origin": [8, 8, 8],
			"color": 0,
			"children": [
				1,
				2,
				3,
				4,
				5,
				{
					"name": "group",
					"origin": [5.5, 0, 8],
					"color": 0,
					"children": [6, 7]
				}
			]
		}
	]
}