{
	"credit": "Made by Raycifer",
	"texture_size": [64, 64],
	"textures": {
		"0": "./corkian_amplifier_3",
		"1": "./corkian_amplifier_3_code1",
		"2": "./corkian_amplifier_3_code2",
		"3": "./corkian_amplifier_3_glow",
		"particle": "./corkian_amplifier_3"
	},
	"elements": [
		{
			"from": [6.5, 24, 7.25],
			"to": [9.5, 26, 11.25],
			"rotation": {"angle": 0, "axis": "y", "origin": [7.5, 0, 7.5]},
			"faces": {
				"north": {"uv": [1, 3.75, 1.75, 4.25], "texture": "#0"},
				"east": {"uv": [0, 3.75, 1, 4.25], "texture": "#0"},
				"south": {"uv": [1.75, 3.75, 2.5, 4.25], "texture": "#0"},
				"west": {"uv": [1, 3.75, 0, 4.25], "texture": "#0"},
				"up": {"uv": [0, 0, 0.25, 0.25], "texture": "#0"},
				"down": {"uv": [1, 2.75, 1.75, 3.75], "texture": "#0"}
			}
		},
		{
			"from": [4.5, 26, 4.25],
			"to": [11.5, 30, 11.25],
			"rotation": {"angle": 0, "axis": "y", "origin": [4.5, 0, 4.5]},
			"faces": {
				"north": {"uv": [1.75, 1.75, 3.5, 2.75], "texture": "#0"},
				"east": {"uv": [0, 1.75, 1.75, 2.75], "texture": "#0"},
				"south": {"uv": [1.75, 1.75, 3.5, 2.75], "texture": "#0"},
				"west": {"uv": [0, 1.75, 1.75, 2.75], "texture": "#0"},
				"up": {"uv": [1.75, 0, 3.5, 1.75], "texture": "#0"},
				"down": {"uv": [3.5, 0, 5.25, 1.75], "texture": "#0"}
			}
		},
		{
			"from": [6.5, 22.2, 10.5],
			"to": [9.5, 24.2, 10.5],
			"rotation": {"angle": 22.5, "axis": "x", "origin": [8, 22.2, 10.5]},
			"faces": {
				"north": {"uv": [3.75, 1.75, 4.5, 2.25], "texture": "#0"},
				"east": {"uv": [0, 0, 0, 3.5], "texture": "#0"},
				"south": {"uv": [3.75, 1.75, 4.5, 2.25], "texture": "#0"},
				"west": {"uv": [0, 0, 0, 3.5], "texture": "#0"},
				"up": {"uv": [0, 0, 2.5, 0], "texture": "#0"},
				"down": {"uv": [0, 0, 2.5, 0], "texture": "#0"}
			}
		},
		{
			"from": [5.5, 19.2, 10.5],
			"to": [10.5, 22.2, 10.5],
			"rotation": {"angle": 45, "axis": "x", "origin": [8, 22.2, 10.5]},
			"faces": {
				"north": {"uv": [3.5, 2.25, 4.75, 3], "texture": "#0"},
				"east": {"uv": [0, 0, 0, 3.5], "texture": "#0"},
				"south": {"uv": [3.5, 2.25, 4.75, 3], "texture": "#0"},
				"west": {"uv": [0, 0, 0, 3.5], "texture": "#0"},
				"up": {"uv": [0, 0, 2.5, 0], "texture": "#0"},
				"down": {"uv": [0, 0, 2.5, 0], "texture": "#0"}
			}
		},
		{
			"name": "glass",
			"from": [2, 19, 2],
			"to": [14, 31, 14],
			"rotation": {"angle": 0, "axis": "y", "origin": [2, 0, 7.5]},
			"faces": {
				"north": {"uv": [0, 4.25, 3, 7.25], "texture": "#0"},
				"east": {"uv": [0, 4.25, 3, 7.25], "texture": "#0"},
				"south": {"uv": [0, 4.25, 3, 7.25], "texture": "#0"},
				"west": {"uv": [0, 4.25, 3, 7.25], "texture": "#0"},
				"up": {"uv": [0, 4.25, 3, 7.25], "texture": "#0"},
				"down": {"uv": [0, 4.25, 3, 7.25], "texture": "#0"}
			}
		},
		{
			"from": [4.5, 19, 2.5],
			"to": [4.5, 31, 5.5],
			"faces": {
				"north": {"uv": [4, 0, 0, 16], "texture": "#1"},
				"east": {"uv": [0, 0, 4, 16], "texture": "#1"},
				"south": {"uv": [4, 0, 0, 16], "texture": "#1"},
				"west": {"uv": [0, 0, 4, 16], "texture": "#1"},
				"up": {"uv": [0, 0, 0.75, 0], "texture": "#1"},
				"down": {"uv": [0, 0, 0.75, 0], "texture": "#1"}
			}
		},
		{
			"from": [3, 19, 4],
			"to": [6, 31, 4],
			"faces": {
				"north": {"uv": [4, 0, 0, 16], "texture": "#1"},
				"east": {"uv": [0, 0, 4, 16], "texture": "#1"},
				"south": {"uv": [4, 0, 0, 16], "texture": "#1"},
				"west": {"uv": [0, 0, 4, 16], "texture": "#1"},
				"up": {"uv": [0, 0, 0.75, 0], "texture": "#1"},
				"down": {"uv": [0, 0, 0.75, 0], "texture": "#1"}
			}
		},
		{
			"from": [11.5, 19, 2.5],
			"to": [11.5, 31, 5.5],
			"faces": {
				"north": {"uv": [4, 0, 0, 16], "texture": "#2"},
				"east": {"uv": [0, 0, 4, 16], "texture": "#2"},
				"south": {"uv": [4, 0, 0, 16], "texture": "#2"},
				"west": {"uv": [0, 0, 4, 16], "texture": "#2"},
				"up": {"uv": [0, 0, 0.75, 0], "texture": "#2"},
				"down": {"uv": [0, 0, 0.75, 0], "texture": "#2"}
			}
		},
		{
			"from": [10, 19, 4],
			"to": [13, 31, 4],
			"faces": {
				"north": {"uv": [4, 0, 0, 16], "texture": "#2"},
				"east": {"uv": [0, 0, 4, 16], "texture": "#2"},
				"south": {"uv": [4, 0, 0, 16], "texture": "#2"},
				"west": {"uv": [0, 0, 4, 16], "texture": "#2"},
				"up": {"uv": [0, 0, 0.75, 0], "texture": "#2"},
				"down": {"uv": [0, 0, 0.75, 0], "texture": "#2"}
			}
		},
		{
			"from": [9.5, 19, 10.5],
			"to": [9.5, 31, 13.5],
			"faces": {
				"north": {"uv": [4, 0, 0, 16], "texture": "#1"},
				"east": {"uv": [0, 0, 4, 16], "texture": "#1"},
				"south": {"uv": [4, 0, 0, 16], "texture": "#1"},
				"west": {"uv": [0, 0, 4, 16], "texture": "#1"},
				"up": {"uv": [0, 0, 0.75, 0], "texture": "#1"},
				"down": {"uv": [0, 0, 0.75, 0], "texture": "#1"}
			}
		},
		{
			"from": [8, 19, 12],
			"to": [11, 31, 12],
			"faces": {
				"north": {"uv": [4, 0, 0, 16], "texture": "#1"},
				"east": {"uv": [0, 0, 4, 16], "texture": "#1"},
				"south": {"uv": [4, 0, 0, 16], "texture": "#1"},
				"west": {"uv": [0, 0, 4, 16], "texture": "#1"},
				"up": {"uv": [0, 0, 0.75, 0], "texture": "#1"},
				"down": {"uv": [0, 0, 0.75, 0], "texture": "#1"}
			}
		},
		{
			"from": [4.5, 19, 9.5],
			"to": [4.5, 31, 12.5],
			"faces": {
				"north": {"uv": [4, 0, 0, 16], "texture": "#2"},
				"east": {"uv": [0, 0, 4, 16], "texture": "#2"},
				"south": {"uv": [4, 0, 0, 16], "texture": "#2"},
				"west": {"uv": [0, 0, 4, 16], "texture": "#2"},
				"up": {"uv": [0, 0, 0.75, 0], "texture": "#2"},
				"down": {"uv": [0, 0, 0.75, 0], "texture": "#2"}
			}
		},
		{
			"from": [3, 19, 11],
			"to": [6, 31, 11],
			"faces": {
				"north": {"uv": [4, 0, 0, 16], "texture": "#2"},
				"east": {"uv": [0, 0, 4, 16], "texture": "#2"},
				"south": {"uv": [4, 0, 0, 16], "texture": "#2"},
				"west": {"uv": [0, 0, 4, 16], "texture": "#2"},
				"up": {"uv": [0, 0, 0.75, 0], "texture": "#2"},
				"down": {"uv": [0, 0, 0.75, 0], "texture": "#2"}
			}
		},
		{
			"from": [11.5, 19, 4.5],
			"to": [11.5, 31, 7.5],
			"faces": {
				"north": {"uv": [4, 0, 0, 16], "texture": "#1"},
				"east": {"uv": [0, 0, 4, 16], "texture": "#1"},
				"south": {"uv": [4, 0, 0, 16], "texture": "#1"},
				"west": {"uv": [0, 0, 4, 16], "texture": "#1"},
				"up": {"uv": [0, 0, 0.75, 0], "texture": "#1"},
				"down": {"uv": [0, 0, 0.75, 0], "texture": "#1"}
			}
		},
		{
			"from": [10, 19, 6],
			"to": [13, 31, 6],
			"faces": {
				"north": {"uv": [4, 0, 0, 16], "texture": "#1"},
				"east": {"uv": [0, 0, 4, 16], "texture": "#1"},
				"south": {"uv": [4, 0, 0, 16], "texture": "#1"},
				"west": {"uv": [0, 0, 4, 16], "texture": "#1"},
				"up": {"uv": [0, 0, 0.75, 0], "texture": "#1"},
				"down": {"uv": [0, 0, 0.75, 0], "texture": "#1"}
			}
		},
		{
			"from": [3.5, 7, 4],
			"to": [12.5, 16, 13],
			"rotation": {"angle": 0, "axis": "y", "origin": [4.5, 0, 4.5]},
			"faces": {
				"north": {"uv": [2.25, 13.75, 4.5, 16], "texture": "#0"},
				"east": {"uv": [0, 13.75, 2.25, 16], "texture": "#0"},
				"south": {"uv": [6.75, 13.75, 9, 16], "texture": "#0"},
				"west": {"uv": [4.5, 13.75, 6.75, 16], "texture": "#0"},
				"up": {"uv": [0, 0, 0.25, 0.25], "texture": "#0"},
				"down": {"uv": [4.5, 11.5, 6.75, 13.75], "texture": "#0"}
			}
		},
		{
			"from": [1, 16, 1],
			"to": [15, 19, 15],
			"faces": {
				"north": {"uv": [12.5, 3.5, 16, 4.25], "texture": "#0"},
				"east": {"uv": [12.5, 3.5, 16, 4.25], "texture": "#0"},
				"south": {"uv": [12.5, 3.5, 16, 4.25], "texture": "#0"},
				"west": {"uv": [12.5, 3.5, 16, 4.25], "texture": "#0"},
				"up": {"uv": [12.5, 0, 16, 3.5], "texture": "#0"},
				"down": {"uv": [12.5, 4.25, 16, 7.75], "texture": "#0"}
			}
		},
		{
			"from": [6.5, 8, 1.25],
			"to": [9.5, 14, 4.25],
			"rotation": {"angle": 22.5, "axis": "x", "origin": [8, 11, 3]},
			"faces": {
				"north": {"uv": [2.75, 8, 3.5, 9.5], "texture": "#0"},
				"east": {"uv": [2.75, 8, 3.5, 9.5], "texture": "#0"},
				"south": {"uv": [2.75, 8, 3.5, 9.5], "texture": "#0"},
				"west": {"uv": [2.75, 8, 3.5, 9.5], "texture": "#0"},
				"up": {"uv": [2.75, 8, 3.5, 8.75], "texture": "#0"},
				"down": {"uv": [2.75, 8, 3.5, 8.75], "texture": "#0"}
			}
		},
		{
			"from": [2.5, 13, 2],
			"to": [13.5, 16, 5],
			"rotation": {"angle": 0, "axis": "y", "origin": [3.5, 0, 7]},
			"faces": {
				"north": {"uv": [0, 7.25, 2.75, 8], "texture": "#0"},
				"east": {"uv": [2.75, 7.25, 3.5, 8], "texture": "#0"},
				"south": {"uv": [0, 7.25, 2.75, 8], "texture": "#0"},
				"west": {"uv": [2.75, 7.25, 3.5, 8], "texture": "#0"},
				"up": {"uv": [0, 0, 0.25, 0.25], "texture": "#0"},
				"down": {"uv": [0, 8.75, 2.75, 8], "texture": "#0"}
			}
		},
		{
			"from": [5.5, 11.5, -5],
			"to": [5.501, 13.5, 4],
			"rotation": {"angle": 22.5, "axis": "y", "origin": [5.5, 12.5, 4]},
			"faces": {
				"north": {"uv": [0, 14.22222, 3.55556, 16], "rotation": 90, "texture": "#3"},
				"east": {"uv": [0, 16, 3.55556, 0], "rotation": 90, "texture": "#3"},
				"south": {"uv": [0, 0, 3.55556, 1.77778], "rotation": 90, "texture": "#3"},
				"west": {"uv": [0, 0, 3.55556, 16], "rotation": 90, "texture": "#3"},
				"up": {"uv": [0, 16, 3.55556, 0], "texture": "#3"},
				"down": {"uv": [0, 0, 3.55556, 16], "texture": "#3"}
			}
		},
		{
			"from": [4.5, 12.5, -5],
			"to": [6.5, 12.501, 4],
			"rotation": {"angle": 22.5, "axis": "x", "origin": [5.5, 12.5, 4]},
			"faces": {
				"north": {"uv": [0, 14.22222, 3.55556, 16], "rotation": 90, "texture": "#3"},
				"east": {"uv": [0, 16, 3.55556, 0], "rotation": 90, "texture": "#3"},
				"south": {"uv": [0, 0, 3.55556, 1.77778], "rotation": 90, "texture": "#3"},
				"west": {"uv": [0, 0, 3.55556, 16], "rotation": 90, "texture": "#3"},
				"up": {"uv": [0, 16, 3.55556, 0], "texture": "#3"},
				"down": {"uv": [0, 0, 3.55556, 16], "texture": "#3"}
			}
		},
		{
			"from": [4.5, 12.5, -5],
			"to": [6.5, 12.501, 4],
			"rotation": {"angle": -22.5, "axis": "x", "origin": [5.5, 12.5, 4]},
			"faces": {
				"north": {"uv": [0, 14.22222, 3.55556, 16], "rotation": 90, "texture": "#3"},
				"east": {"uv": [0, 16, 3.55556, 0], "rotation": 90, "texture": "#3"},
				"south": {"uv": [0, 0, 3.55556, 1.77778], "rotation": 90, "texture": "#3"},
				"west": {"uv": [0, 0, 3.55556, 16], "rotation": 90, "texture": "#3"},
				"up": {"uv": [0, 16, 3.55556, 0], "texture": "#3"},
				"down": {"uv": [0, 0, 3.55556, 16], "texture": "#3"}
			}
		},
		{
			"from": [5.5, 11.5, -5],
			"to": [5.501, 13.5, 4],
			"rotation": {"angle": -22.5, "axis": "y", "origin": [5.5, 12.5, 4]},
			"faces": {
				"north": {"uv": [0, 14.22222, 3.55556, 16], "rotation": 90, "texture": "#3"},
				"east": {"uv": [0, 16, 3.55556, 0], "rotation": 90, "texture": "#3"},
				"south": {"uv": [0, 0, 3.55556, 1.77778], "rotation": 90, "texture": "#3"},
				"west": {"uv": [0, 0, 3.55556, 16], "rotation": 90, "texture": "#3"},
				"up": {"uv": [0, 16, 3.55556, 0], "texture": "#3"},
				"down": {"uv": [0, 0, 3.55556, 16], "texture": "#3"}
			}
		},
		{
			"from": [10.5, 11.5, -5],
			"to": [10.501, 13.5, 4],
			"rotation": {"angle": 22.5, "axis": "y", "origin": [10.5, 12.5, 4]},
			"faces": {
				"north": {"uv": [0, 14.22222, 3.55556, 16], "rotation": 90, "texture": "#3"},
				"east": {"uv": [0, 16, 3.55556, 0], "rotation": 90, "texture": "#3"},
				"south": {"uv": [0, 0, 3.55556, 1.77778], "rotation": 90, "texture": "#3"},
				"west": {"uv": [0, 0, 3.55556, 16], "rotation": 90, "texture": "#3"},
				"up": {"uv": [0, 16, 3.55556, 0], "texture": "#3"},
				"down": {"uv": [0, 0, 3.55556, 16], "texture": "#3"}
			}
		},
		{
			"from": [9.5, 12.5, -5],
			"to": [11.5, 12.501, 4],
			"rotation": {"angle": 22.5, "axis": "x", "origin": [10.5, 12.5, 4]},
			"faces": {
				"north": {"uv": [0, 14.22222, 3.55556, 16], "rotation": 90, "texture": "#3"},
				"east": {"uv": [0, 16, 3.55556, 0], "rotation": 90, "texture": "#3"},
				"south": {"uv": [0, 0, 3.55556, 1.77778], "rotation": 90, "texture": "#3"},
				"west": {"uv": [0, 0, 3.55556, 16], "rotation": 90, "texture": "#3"},
				"up": {"uv": [0, 16, 3.55556, 0], "texture": "#3"},
				"down": {"uv": [0, 0, 3.55556, 16], "texture": "#3"}
			}
		},
		{
			"from": [9.5, 12.5, -5],
			"to": [11.5, 12.501, 4],
			"rotation": {"angle": -22.5, "axis": "x", "origin": [10.5, 12.5, 4]},
			"faces": {
				"north": {"uv": [0, 14.22222, 3.55556, 16], "rotation": 90, "texture": "#3"},
				"east": {"uv": [0, 16, 3.55556, 0], "rotation": 90, "texture": "#3"},
				"south": {"uv": [0, 0, 3.55556, 1.77778], "rotation": 90, "texture": "#3"},
				"west": {"uv": [0, 0, 3.55556, 16], "rotation": 90, "texture": "#3"},
				"up": {"uv": [0, 16, 3.55556, 0], "texture": "#3"},
				"down": {"uv": [0, 0, 3.55556, 16], "texture": "#3"}
			}
		},
		{
			"from": [10.5, 11.5, -5],
			"to": [10.501, 13.5, 4],
			"rotation": {"angle": -22.5, "axis": "y", "origin": [10.5, 12.5, 4]},
			"faces": {
				"north": {"uv": [0, 14.22222, 3.55556, 16], "rotation": 90, "texture": "#3"},
				"east": {"uv": [0, 16, 3.55556, 0], "rotation": 90, "texture": "#3"},
				"south": {"uv": [0, 0, 3.55556, 1.77778], "rotation": 90, "texture": "#3"},
				"west": {"uv": [0, 0, 3.55556, 16], "rotation": 90, "texture": "#3"},
				"up": {"uv": [0, 16, 3.55556, 0], "texture": "#3"},
				"down": {"uv": [0, 0, 3.55556, 16], "texture": "#3"}
			}
		}
	],
	"display": {
		"thirdperson_righthand": {
			"rotation": [70, 0, 0],
			"scale": [0.5, 0.5, 0.5]
		},
		"thirdperson_lefthand": {
			"rotation": [70, 0, 0],
			"scale": [0.5, 0.5, 0.5]
		},
		"firstperson_righthand": {
			"rotation": [-22, 141, 19],
			"translation": [0.5, 1.5, 0],
			"scale": [0.5, 0.5, 0.5]
		},
		"firstperson_lefthand": {
			"rotation": [-22, 141, 19],
			"translation": [0.5, 1.5, 0],
			"scale": [0.5, 0.5, 0.5]
		},
		"ground": {
			"rotation": [22.5, 0, 0]
		},
		"gui": {
			"rotation": [22.5, 135, 0],
			"translation": [0, -9.75, 0]
		},
		"head": {
			"translation": [0, -6.25, -1],
			"scale": [1.7, 1.7, 1.7]
		},
		"fixed": {
			"translation": [0, -10.5, 0]
		}
	},
	"groups": [
		{
			"name": "group",
			"origin": [4.5, 0, 4.5],
			"color": 0,
			"children": [
				{
					"name": "brain",
					"origin": [4.5, 0, 4.5],
					"color": 0,
					"children": [0, 1, 2, 3]
				},
				4,
				{
					"name": "code",
					"origin": [0, 0, 0],
					"color": 0,
					"children": [
						{
							"name": "type 1",
							"origin": [0, 0, 0],
							"color": 0,
							"children": [5, 6]
						},
						{
							"name": "type 2",
							"origin": [0, 0, 0],
							"color": 0,
							"children": [7, 8]
						},
						{
							"name": "type 1",
							"origin": [0, 0, 0],
							"color": 0,
							"children": [9, 10]
						},
						{
							"name": "type 2",
							"origin": [0, 0, 0],
							"color": 0,
							"children": [11, 12]
						},
						{
							"name": "type 1",
							"origin": [0, 0, 0],
							"color": 0,
							"children": [13, 14]
						}
					]
				}
			]
		},
		{
			"name": "head",
			"origin": [3.5, 0, 7],
			"color": 0,
			"children": [15, 16, 17, 18]
		},
		{
			"name": "group",
			"origin": [5.5, 12.5, 4],
			"color": 0,
			"children": [19, 20, 21, 22]
		},
		{
			"name": "group",
			"origin": [5.5, 12.5, 4],
			"color": 0,
			"children": [23, 24, 25, 26]
		}
	]
}