{
	"credit": "Made with Blockbench",
	"texture_size": [64, 64],
	"textures": {
		"2": "./gathering_scythe_t12"
	},
	"elements": [
		{
			"from": [7, 16, 7],
			"to": [9, 28, 9],
			"faces": {
				"north": {"uv": [0, 0, 0.5, 3], "texture": "#2"},
				"east": {"uv": [0.75, 0, 1.25, 3], "texture": "#2"},
				"south": {"uv": [1.5, 0, 2, 3], "texture": "#2"},
				"west": {"uv": [2.25, 0, 2.75, 3], "texture": "#2"},
				"up": {"uv": [6.25, 4.5, 5.75, 4], "texture": "#2"},
				"down": {"uv": [6.25, 4.75, 5.75, 5.25], "texture": "#2"}
			}
		},
		{
			"from": [7, 2, 7],
			"to": [9, 9, 9],
			"faces": {
				"north": {"uv": [3, 0, 3.5, 1.75], "texture": "#2"},
				"east": {"uv": [3, 2, 3.5, 3.75], "texture": "#2"},
				"south": {"uv": [0, 3.25, 0.5, 5], "texture": "#2"},
				"west": {"uv": [0.75, 3.25, 1.25, 5], "texture": "#2"},
				"up": {"uv": [6.25, 6, 5.75, 5.5], "texture": "#2"},
				"down": {"uv": [0.5, 6.25, 0, 6.75], "texture": "#2"}
			}
		},
		{
			"from": [7.25, 8.75, 7.25],
			"to": [8.75, 16, 8.75],
			"faces": {
				"north": {"uv": [1.5, 3.25, 2, 5], "texture": "#2"},
				"east": {"uv": [2.25, 3.25, 2.75, 5], "texture": "#2"},
				"south": {"uv": [3.75, 0, 4.25, 1.75], "texture": "#2"},
				"west": {"uv": [3.75, 2, 4.25, 3.75], "texture": "#2"},
				"up": {"uv": [6.75, 0.5, 6.25, 0], "texture": "#2"},
				"down": {"uv": [1.25, 6.25, 0.75, 6.75], "texture": "#2"}
			}
		},
		{
			"from": [7.15, 9.625, 7.15],
			"to": [8.85, 10.375, 8.85],
			"faces": {
				"north": {"uv": [8.75, 3, 9.25, 3.25], "texture": "#2"},
				"east": {"uv": [8, 8.75, 8.5, 9], "texture": "#2"},
				"south": {"uv": [8.75, 8.75, 9.25, 9], "texture": "#2"},
				"west": {"uv": [9, 0, 9.5, 0.25], "texture": "#2"},
				"up": {"uv": [6.75, 2.25, 6.25, 1.75], "texture": "#2"},
				"down": {"uv": [6.75, 2.5, 6.25, 3], "texture": "#2"}
			}
		},
		{
			"from": [7.15, 10.625, 7.15],
			"to": [8.85, 11.375, 8.85],
			"faces": {
				"north": {"uv": [6, 9, 6.5, 9.25], "texture": "#2"},
				"east": {"uv": [9, 7, 9.5, 7.25], "texture": "#2"},
				"south": {"uv": [9, 8, 9.5, 8.25], "texture": "#2"},
				"west": {"uv": [1, 9.25, 1.5, 9.5], "texture": "#2"},
				"up": {"uv": [6.25, 6.75, 5.75, 6.25], "texture": "#2"},
				"down": {"uv": [4.5, 6.5, 4, 7], "texture": "#2"}
			}
		},
		{
			"from": [7.15, 11.625, 7.15],
			"to": [8.85, 12.375, 8.85],
			"faces": {
				"north": {"uv": [9.25, 1.5, 9.75, 1.75], "texture": "#2"},
				"east": {"uv": [1.75, 9.25, 2.25, 9.5], "texture": "#2"},
				"south": {"uv": [9.25, 2, 9.75, 2.25], "texture": "#2"},
				"west": {"uv": [3.25, 9.25, 3.75, 9.5], "texture": "#2"},
				"up": {"uv": [7, 4.5, 6.5, 4], "texture": "#2"},
				"down": {"uv": [7, 4.75, 6.5, 5.25], "texture": "#2"}
			}
		},
		{
			"from": [7.15, 12.625, 7.15],
			"to": [8.85, 13.375, 8.85],
			"faces": {
				"north": {"uv": [9.25, 3.5, 9.75, 3.75], "texture": "#2"},
				"east": {"uv": [4, 9.25, 4.5, 9.5], "texture": "#2"},
				"south": {"uv": [9.25, 4, 9.75, 4.25], "texture": "#2"},
				"west": {"uv": [4.75, 9.25, 5.25, 9.5], "texture": "#2"},
				"up": {"uv": [7, 6, 6.5, 5.5], "texture": "#2"},
				"down": {"uv": [7, 6.25, 6.5, 6.75], "texture": "#2"}
			}
		},
		{
			"from": [7.15, 13.625, 7.15],
			"to": [8.85, 14.375, 8.85],
			"faces": {
				"north": {"uv": [9.25, 5.75, 9.75, 6], "texture": "#2"},
				"east": {"uv": [9.25, 6.25, 9.75, 6.5], "texture": "#2"},
				"south": {"uv": [9.25, 7.5, 9.75, 7.75], "texture": "#2"},
				"west": {"uv": [8, 9.25, 8.5, 9.5], "texture": "#2"},
				"up": {"uv": [7.25, 3.75, 6.75, 3.25], "texture": "#2"},
				"down": {"uv": [0.5, 7, 0, 7.5], "texture": "#2"}
			}
		},
		{
			"from": [7.15, 14.625, 7.15],
			"to": [8.85, 15.375, 8.85],
			"faces": {
				"north": {"uv": [8.75, 9.25, 9.25, 9.5], "texture": "#2"},
				"east": {"uv": [0, 9.5, 0.5, 9.75], "texture": "#2"},
				"south": {"uv": [9.5, 0.5, 10, 0.75], "texture": "#2"},
				"west": {"uv": [9.5, 1, 10, 1.25], "texture": "#2"},
				"up": {"uv": [7.5, 0.5, 7, 0], "texture": "#2"},
				"down": {"uv": [1.25, 7, 0.75, 7.5], "texture": "#2"}
			}
		},
		{
			"from": [6.9, 16.1, 6.9],
			"to": [9.1, 16.85, 9.1],
			"faces": {
				"north": {"uv": [2.5, 9.5, 3, 9.75], "texture": "#2"},
				"east": {"uv": [9.5, 3, 10, 3.25], "texture": "#2"},
				"south": {"uv": [9.5, 4.5, 10, 4.75], "texture": "#2"},
				"west": {"uv": [9.5, 5, 10, 5.25], "texture": "#2"},
				"up": {"uv": [7.5, 1.25, 7, 0.75], "texture": "#2"},
				"down": {"uv": [7.5, 1.5, 7, 2], "texture": "#2"}
			}
		},
		{
			"from": [6.9, 8.15, 6.9],
			"to": [9.1, 8.9, 9.1],
			"faces": {
				"north": {"uv": [5.5, 9.5, 6, 9.75], "texture": "#2"},
				"east": {"uv": [6.25, 9.5, 6.75, 9.75], "texture": "#2"},
				"south": {"uv": [9.5, 8.5, 10, 8.75], "texture": "#2"},
				"west": {"uv": [9.5, 9, 10, 9.25], "texture": "#2"},
				"up": {"uv": [7.5, 2.75, 7, 2.25], "texture": "#2"},
				"down": {"uv": [3, 7, 2.5, 7.5], "texture": "#2"}
			}
		},
		{
			"from": [8.27985, 15.49325, 7.275],
			"to": [8.77985, 16.14325, 8.725],
			"rotation": {"angle": -22.5, "axis": "z", "origin": [8.52985, 15.51825, 8.25]},
			"faces": {
				"north": {"uv": [10, 7.5, 10.25, 7.75], "texture": "#2"},
				"east": {"uv": [10, 9.5, 10.25, 9.75], "texture": "#2"},
				"south": {"uv": [10, 10, 10.25, 10.25], "texture": "#2"},
				"west": {"uv": [10.25, 0.5, 10.5, 0.75], "texture": "#2"},
				"up": {"uv": [10.5, 1.25, 10.25, 1], "texture": "#2"},
				"down": {"uv": [10.5, 3, 10.25, 3.25], "texture": "#2"}
			}
		},
		{
			"from": [7.06791, 16.25861, 7.275],
			"to": [7.56791, 16.90861, 8.725],
			"rotation": {"angle": 22.5, "axis": "z", "origin": [9.31791, 16.28361, 8.525]},
			"faces": {
				"north": {"uv": [10.25, 4.5, 10.5, 4.75], "texture": "#2"},
				"east": {"uv": [10.25, 5, 10.5, 5.25], "texture": "#2"},
				"south": {"uv": [10.25, 6.75, 10.5, 7], "texture": "#2"},
				"west": {"uv": [7.5, 10.25, 7.75, 10.5], "texture": "#2"},
				"up": {"uv": [8.25, 10.5, 8, 10.25], "texture": "#2"},
				"down": {"uv": [8.75, 10.25, 8.5, 10.5], "texture": "#2"}
			}
		},
		{
			"from": [7.275, 16.25861, 7.06791],
			"to": [8.725, 16.90861, 7.56791],
			"rotation": {"angle": -22.5, "axis": "x", "origin": [5.75, 16.28361, 9.31791]},
			"faces": {
				"north": {"uv": [10.25, 8.5, 10.5, 8.75], "texture": "#2"},
				"east": {"uv": [10.25, 9, 10.5, 9.25], "texture": "#2"},
				"south": {"uv": [9.5, 10.25, 9.75, 10.5], "texture": "#2"},
				"west": {"uv": [0, 10.5, 0.25, 10.75], "texture": "#2"},
				"up": {"uv": [10.75, 0.25, 10.5, 0], "texture": "#2"},
				"down": {"uv": [0.75, 10.5, 0.5, 10.75], "texture": "#2"}
			}
		},
		{
			"from": [7.275, 16.23578, 8.5469],
			"to": [8.725, 16.88578, 9.0469],
			"rotation": {"angle": 22.5, "axis": "x", "origin": [7.725, 16.56078, 6.7969]},
			"faces": {
				"north": {"uv": [1, 10.5, 1.25, 10.75], "texture": "#2"},
				"east": {"uv": [1.5, 10.5, 1.75, 10.75], "texture": "#2"},
				"south": {"uv": [10.5, 1.5, 10.75, 1.75], "texture": "#2"},
				"west": {"uv": [2, 10.5, 2.25, 10.75], "texture": "#2"},
				"up": {"uv": [10.75, 2.25, 10.5, 2], "texture": "#2"},
				"down": {"uv": [2.75, 10.5, 2.5, 10.75], "texture": "#2"}
			}
		},
		{
			"from": [7.14361, 8.87198, 7.275],
			"to": [7.64361, 9.52198, 8.725],
			"rotation": {"angle": -22.5, "axis": "z", "origin": [7.39361, 9.29698, 8.275]},
			"faces": {
				"north": {"uv": [10.5, 2.5, 10.75, 2.75], "texture": "#2"},
				"east": {"uv": [3, 10.5, 3.25, 10.75], "texture": "#2"},
				"south": {"uv": [3.5, 10.5, 3.75, 10.75], "texture": "#2"},
				"west": {"uv": [4, 10.5, 4.25, 10.75], "texture": "#2"},
				"up": {"uv": [4.75, 10.75, 4.5, 10.5], "texture": "#2"},
				"down": {"uv": [10.75, 5.5, 10.5, 5.75], "texture": "#2"}
			}
		},
		{
			"from": [7.275, 8.87959, 8.39466],
			"to": [8.725, 9.52959, 8.89466],
			"rotation": {"angle": -22.5, "axis": "x", "origin": [8.275, 9.20459, 8.64466]},
			"faces": {
				"north": {"uv": [6.75, 10.5, 7, 10.75], "texture": "#2"},
				"east": {"uv": [10.5, 7.25, 10.75, 7.5], "texture": "#2"},
				"south": {"uv": [10.5, 7.75, 10.75, 8], "texture": "#2"},
				"west": {"uv": [9, 10.5, 9.25, 10.75], "texture": "#2"},
				"up": {"uv": [10.75, 9.75, 10.5, 9.5], "texture": "#2"},
				"down": {"uv": [10.25, 10.5, 10, 10.75], "texture": "#2"}
			}
		},
		{
			"from": [7.275, 8.06094, 7.22098],
			"to": [8.725, 8.71094, 7.72098],
			"rotation": {"angle": 22.5, "axis": "x", "origin": [6.025, 9.08594, 9.47098]},
			"faces": {
				"north": {"uv": [10.5, 10, 10.75, 10.25], "texture": "#2"},
				"east": {"uv": [10.5, 10.5, 10.75, 10.75], "texture": "#2"},
				"south": {"uv": [10.75, 0.5, 11, 0.75], "texture": "#2"},
				"west": {"uv": [10.75, 1, 11, 1.25], "texture": "#2"},
				"up": {"uv": [11, 3.25, 10.75, 3], "texture": "#2"},
				"down": {"uv": [11, 3.5, 10.75, 3.75], "texture": "#2"}
			}
		},
		{
			"from": [8.39466, 8.87959, 7.275],
			"to": [8.89466, 9.52959, 8.725],
			"rotation": {"angle": 22.5, "axis": "z", "origin": [8.64466, 9.20459, 8.275]},
			"faces": {
				"north": {"uv": [10.75, 4, 11, 4.25], "texture": "#2"},
				"east": {"uv": [10.75, 4.5, 11, 4.75], "texture": "#2"},
				"south": {"uv": [5, 10.75, 5.25, 11], "texture": "#2"},
				"west": {"uv": [10.75, 5, 11, 5.25], "texture": "#2"},
				"up": {"uv": [5.75, 11, 5.5, 10.75], "texture": "#2"},
				"down": {"uv": [6.25, 10.75, 6, 11], "texture": "#2"}
			}
		},
		{
			"from": [6.9, 1, 6],
			"to": [9.1, 3, 8],
			"rotation": {"angle": -45, "axis": "x", "origin": [8, 3, 8]},
			"faces": {
				"north": {"uv": [3.25, 7, 3.75, 7.5], "texture": "#2"},
				"east": {"uv": [4.75, 7, 5.25, 7.5], "texture": "#2"},
				"south": {"uv": [5.5, 7, 6, 7.5], "texture": "#2"},
				"west": {"uv": [6.25, 7, 6.75, 7.5], "texture": "#2"},
				"up": {"uv": [7.5, 7.5, 7, 7], "texture": "#2"},
				"down": {"uv": [2, 7.25, 1.5, 7.75], "texture": "#2"}
			}
		},
		{
			"from": [9.1, 1.25, 6.25],
			"to": [9.3, 2.75, 7.75],
			"rotation": {"angle": -45, "axis": "x", "origin": [8, 3, 8]},
			"faces": {
				"north": {"uv": [9.5, 9.5, 9.75, 10], "texture": "#2"},
				"east": {"uv": [4, 7.25, 4.5, 7.75], "texture": "#2"},
				"south": {"uv": [0.75, 9.75, 1, 10.25], "texture": "#2"},
				"west": {"uv": [7.25, 4, 7.75, 4.5], "texture": "#2"},
				"up": {"uv": [1.5, 10.25, 1.25, 9.75], "texture": "#2"},
				"down": {"uv": [2, 9.75, 1.75, 10.25], "texture": "#2"}
			}
		},
		{
			"from": [6.7, 1.25, 6.25],
			"to": [6.9, 2.75, 7.75],
			"rotation": {"angle": -45, "axis": "x", "origin": [8, 3, 8]},
			"faces": {
				"north": {"uv": [3.25, 9.75, 3.5, 10.25], "texture": "#2"},
				"east": {"uv": [7.25, 4.75, 7.75, 5.25], "texture": "#2"},
				"south": {"uv": [3.75, 9.75, 4, 10.25], "texture": "#2"},
				"west": {"uv": [7.25, 5.5, 7.75, 6], "texture": "#2"},
				"up": {"uv": [4.5, 10.25, 4.25, 9.75], "texture": "#2"},
				"down": {"uv": [5, 9.75, 4.75, 10.25], "texture": "#2"}
			}
		},
		{
			"from": [7.3, 26.3, 5],
			"to": [8.7, 27, 7],
			"faces": {
				"north": {"uv": [10.75, 6, 11, 6.25], "texture": "#2"},
				"east": {"uv": [9.75, 0, 10.25, 0.25], "texture": "#2"},
				"south": {"uv": [10.75, 6.5, 11, 6.75], "texture": "#2"},
				"west": {"uv": [9.75, 2.5, 10.25, 2.75], "texture": "#2"},
				"up": {"uv": [10, 7.25, 9.75, 6.75], "texture": "#2"},
				"down": {"uv": [7.25, 9.75, 7, 10.25], "texture": "#2"}
			}
		},
		{
			"from": [7.25, 26.3, 9],
			"to": [8.75, 27.1, 11.025],
			"faces": {
				"north": {"uv": [7.5, 9.75, 8, 10], "texture": "#2"},
				"east": {"uv": [9.75, 8, 10.25, 8.25], "texture": "#2"},
				"south": {"uv": [8.25, 9.75, 8.75, 10], "texture": "#2"},
				"west": {"uv": [0, 10, 0.5, 10.25], "texture": "#2"},
				"up": {"uv": [7.75, 6.75, 7.25, 6.25], "texture": "#2"},
				"down": {"uv": [8, 3, 7.5, 3.5], "texture": "#2"}
			}
		},
		{
			"from": [7.35, 23.275, 4.3],
			"to": [8.65, 26.4, 7],
			"faces": {
				"north": {"uv": [8.25, 2.75, 8.5, 3.5], "texture": "#2"},
				"east": {"uv": [4.5, 0.75, 5.25, 1.5], "texture": "#2"},
				"south": {"uv": [3.25, 8.25, 3.5, 9], "texture": "#2"},
				"west": {"uv": [4.5, 1.75, 5.25, 2.5], "texture": "#2"},
				"up": {"uv": [4.75, 9, 4.5, 8.25], "texture": "#2"},
				"down": {"uv": [5.25, 8.25, 5, 9], "texture": "#2"}
			}
		},
		{
			"from": [7.3, 24.006, 8.92745],
			"to": [8.7, 24.706, 12.67745],
			"rotation": {"angle": 0, "axis": "y", "origin": [0, -0.294, 1.67745]},
			"faces": {
				"north": {"uv": [7.25, 10.75, 7.5, 11], "texture": "#2"},
				"east": {"uv": [0, 7.75, 1, 8], "texture": "#2"},
				"south": {"uv": [7.75, 10.75, 8, 11], "texture": "#2"},
				"west": {"uv": [7.75, 0, 8.75, 0.25], "texture": "#2"},
				"up": {"uv": [2.75, 6.75, 2.5, 5.75], "texture": "#2"},
				"down": {"uv": [8, 0.5, 7.75, 1.5], "texture": "#2"}
			}
		},
		{
			"from": [7.275, 24.706, 8.92745],
			"to": [8.725, 26.306, 12.67745],
			"rotation": {"angle": 0, "axis": "y", "origin": [0, -0.294, 1.67745]},
			"faces": {
				"north": {"uv": [9, 9.75, 9.25, 10.25], "texture": "#2"},
				"east": {"uv": [4.5, 2.75, 5.5, 3.25], "texture": "#2"},
				"south": {"uv": [10, 1.5, 10.25, 2], "texture": "#2"},
				"west": {"uv": [3, 4.75, 4, 5.25], "texture": "#2"},
				"up": {"uv": [8, 2.75, 7.75, 1.75], "texture": "#2"},
				"down": {"uv": [2.5, 7.75, 2.25, 8.75], "texture": "#2"}
			}
		},
		{
			"from": [7.45, 22.56755, 4.27701],
			"to": [8.55, 23.26755, 6.27701],
			"rotation": {"angle": 0, "axis": "y", "origin": [0, 0.26755, -0.72299]},
			"faces": {
				"north": {"uv": [8.25, 10.75, 8.5, 11], "texture": "#2"},
				"east": {"uv": [2.25, 10, 2.75, 10.25], "texture": "#2"},
				"south": {"uv": [10.75, 8.25, 11, 8.5], "texture": "#2"},
				"west": {"uv": [10, 3.5, 10.5, 3.75], "texture": "#2"},
				"up": {"uv": [5.5, 10.5, 5.25, 10], "texture": "#2"},
				"down": {"uv": [10.25, 5.5, 10, 6], "texture": "#2"}
			}
		},
		{
			"from": [7.325, 25.22807, 1.61104],
			"to": [8.675, 25.92807, 5.61104],
			"rotation": {"angle": -22.5, "axis": "x", "origin": [8, 24.92807, 2.61104]},
			"faces": {
				"north": {"uv": [10.75, 8.75, 11, 9], "texture": "#2"},
				"east": {"uv": [2.75, 7.75, 3.75, 8], "texture": "#2"},
				"south": {"uv": [9.5, 10.75, 9.75, 11], "texture": "#2"},
				"west": {"uv": [4.75, 7.75, 5.75, 8], "texture": "#2"},
				"up": {"uv": [6.25, 8.75, 6, 7.75], "texture": "#2"},
				"down": {"uv": [6.75, 7.75, 6.5, 8.75], "texture": "#2"}
			}
		},
		{
			"from": [7.4, 24.55307, 0.11104],
			"to": [8.6, 25.27807, 4.61104],
			"rotation": {"angle": -22.5, "axis": "x", "origin": [8, 24.92807, 2.61104]},
			"faces": {
				"north": {"uv": [0, 11, 0.25, 11.25], "texture": "#2"},
				"east": {"uv": [1.5, 5.25, 2.75, 5.5], "texture": "#2"},
				"south": {"uv": [11, 0, 11.25, 0.25], "texture": "#2"},
				"west": {"uv": [5.25, 3.5, 6.5, 3.75], "texture": "#2"},
				"up": {"uv": [5.5, 5.25, 5.25, 4], "texture": "#2"},
				"down": {"uv": [5, 5.25, 4.75, 6.5], "texture": "#2"}
			}
		},
		{
			"from": [7.5, 21.03681, -0.41851],
			"to": [8.5, 21.73681, 4.58149],
			"rotation": {"angle": -22.5, "axis": "x", "origin": [8, 21.73681, 0.58149]},
			"faces": {
				"north": {"uv": [0.5, 11, 0.75, 11.25], "texture": "#2"},
				"east": {"uv": [5.5, 0.75, 6.75, 1], "texture": "#2"},
				"south": {"uv": [1, 11, 1.25, 11.25], "texture": "#2"},
				"west": {"uv": [5.5, 1.25, 6.75, 1.5], "texture": "#2"},
				"up": {"uv": [3.25, 6.75, 3, 5.5], "texture": "#2"},
				"down": {"uv": [3.75, 5.5, 3.5, 6.75], "texture": "#2"}
			}
		},
		{
			"from": [7.4, 21.73681, -0.41851],
			"to": [8.6, 23.53681, 5.48149],
			"rotation": {"angle": -22.5, "axis": "x", "origin": [8, 21.73681, 0.58149]},
			"faces": {
				"north": {"uv": [5.75, 10, 6, 10.5], "texture": "#2"},
				"east": {"uv": [3, 4, 4.5, 4.5], "texture": "#2"},
				"south": {"uv": [6.25, 10, 6.5, 10.5], "texture": "#2"},
				"west": {"uv": [4.5, 0, 6, 0.5], "texture": "#2"},
				"up": {"uv": [5, 5, 4.75, 3.5], "texture": "#2"},
				"down": {"uv": [4.5, 4.75, 4.25, 6.25], "texture": "#2"}
			}
		},
		{
			"from": [7.4, 20.98353, 6.31361],
			"to": [8.6, 21.68353, 7.41361],
			"rotation": {"angle": -22.5, "axis": "x", "origin": [8, 21.68353, 2.31361]},
			"faces": {
				"north": {"uv": [1.5, 11, 1.75, 11.25], "texture": "#2"},
				"east": {"uv": [11, 1.5, 11.25, 1.75], "texture": "#2"},
				"south": {"uv": [2, 11, 2.25, 11.25], "texture": "#2"},
				"west": {"uv": [11, 2, 11.25, 2.25], "texture": "#2"},
				"up": {"uv": [2.75, 11.25, 2.5, 11], "texture": "#2"},
				"down": {"uv": [11.25, 2.5, 11, 2.75], "texture": "#2"}
			}
		},
		{
			"from": [7.25, 25.22807, 10.36396],
			"to": [8.75, 26.02807, 13.41396],
			"rotation": {"angle": 22.5, "axis": "x", "origin": [8, 24.92807, 13.38896]},
			"faces": {
				"north": {"uv": [10, 4, 10.5, 4.25], "texture": "#2"},
				"east": {"uv": [7, 8.25, 7.75, 8.5], "texture": "#2"},
				"south": {"uv": [10, 6.25, 10.5, 6.5], "texture": "#2"},
				"west": {"uv": [8.25, 7.5, 9, 7.75], "texture": "#2"},
				"up": {"uv": [0.5, 6, 0, 5.25], "texture": "#2"},
				"down": {"uv": [1.25, 5.25, 0.75, 6], "texture": "#2"}
			}
		},
		{
			"from": [7.325, 22.39914, 12.75565],
			"to": [8.675, 23.09914, 16.75565],
			"rotation": {"angle": 22.5, "axis": "x", "origin": [8, 24.09914, 16.75565]},
			"faces": {
				"north": {"uv": [3, 11, 3.25, 11.25], "texture": "#2"},
				"east": {"uv": [7, 7.75, 8, 8], "texture": "#2"},
				"south": {"uv": [3.5, 11, 3.75, 11.25], "texture": "#2"},
				"west": {"uv": [7.75, 7, 8.75, 7.25], "texture": "#2"},
				"up": {"uv": [1.5, 9, 1.25, 8], "texture": "#2"},
				"down": {"uv": [2, 8, 1.75, 9], "texture": "#2"}
			}
		},
		{
			"from": [7.3, 23.09914, 12.25565],
			"to": [8.7, 23.89914, 15.05565],
			"rotation": {"angle": 22.5, "axis": "x", "origin": [8, 24.09914, 16.75565]},
			"faces": {
				"north": {"uv": [4, 11, 4.25, 11.25], "texture": "#2"},
				"east": {"uv": [8, 8.25, 8.75, 8.5], "texture": "#2"},
				"south": {"uv": [4.5, 11, 4.75, 11.25], "texture": "#2"},
				"west": {"uv": [8.5, 4.75, 9.25, 5], "texture": "#2"},
				"up": {"uv": [5.75, 9, 5.5, 8.25], "texture": "#2"},
				"down": {"uv": [9, 1.5, 8.75, 2.25], "texture": "#2"}
			}
		},
		{
			"from": [7.35, 27.18348, -2.86709],
			"to": [8.65, 27.88348, 1.13291],
			"rotation": {"angle": -45, "axis": "x", "origin": [8, 26.88348, 4.13291]},
			"faces": {
				"north": {"uv": [11, 5.5, 11.25, 5.75], "texture": "#2"},
				"east": {"uv": [8, 3.75, 9, 4], "texture": "#2"},
				"south": {"uv": [6.5, 11, 6.75, 11.25], "texture": "#2"},
				"west": {"uv": [8, 4.25, 9, 4.5], "texture": "#2"},
				"up": {"uv": [4.25, 9, 4, 8], "texture": "#2"},
				"down": {"uv": [8.25, 4.75, 8, 5.75], "texture": "#2"}
			}
		},
		{
			"from": [7.525, 22.48256, -5.92818],
			"to": [8.475, 23.18256, -1.92818],
			"rotation": {"angle": -45, "axis": "x", "origin": [8, 24.18256, 1.07182]},
			"faces": {
				"north": {"uv": [11, 7, 11.25, 7.25], "texture": "#2"},
				"east": {"uv": [8, 6, 9, 6.25], "texture": "#2"},
				"south": {"uv": [11, 7.5, 11.25, 7.75], "texture": "#2"},
				"west": {"uv": [8, 6.5, 9, 6.75], "texture": "#2"},
				"up": {"uv": [0.25, 9.25, 0, 8.25], "texture": "#2"},
				"down": {"uv": [0.75, 8.25, 0.5, 9.25], "texture": "#2"}
			}
		},
		{
			"from": [7.45, 23.18256, -4.22818],
			"to": [8.55, 23.88256, -1.52818],
			"rotation": {"angle": -45, "axis": "x", "origin": [8, 24.18256, 1.07182]},
			"faces": {
				"north": {"uv": [8.75, 11, 9, 11.25], "texture": "#2"},
				"east": {"uv": [8.5, 5.25, 9.25, 5.5], "texture": "#2"},
				"south": {"uv": [11, 9.25, 11.25, 9.5], "texture": "#2"},
				"west": {"uv": [8.75, 2.5, 9.5, 2.75], "texture": "#2"},
				"up": {"uv": [7.25, 9.5, 7, 8.75], "texture": "#2"},
				"down": {"uv": [7.75, 8.75, 7.5, 9.5], "texture": "#2"}
			}
		},
		{
			"from": [7.45, 23.88256, -2.62818],
			"to": [8.55, 24.58256, -1.42818],
			"rotation": {"angle": -45, "axis": "x", "origin": [8, 24.18256, 1.07182]},
			"faces": {
				"north": {"uv": [11, 9.75, 11.25, 10], "texture": "#2"},
				"east": {"uv": [10, 11, 10.25, 11.25], "texture": "#2"},
				"south": {"uv": [11, 10.25, 11.25, 10.5], "texture": "#2"},
				"west": {"uv": [10.5, 11, 10.75, 11.25], "texture": "#2"},
				"up": {"uv": [11.25, 11, 11, 10.75], "texture": "#2"},
				"down": {"uv": [11.5, 0.5, 11.25, 0.75], "texture": "#2"}
			}
		},
		{
			"from": [7.275, 27.56616, 13.91821],
			"to": [8.725, 28.36616, 17.94321],
			"rotation": {"angle": 45, "axis": "x", "origin": [8, 27.26616, 10.94321]},
			"faces": {
				"north": {"uv": [11.25, 1, 11.5, 1.25], "texture": "#2"},
				"east": {"uv": [8.25, 0.5, 9.25, 0.75], "texture": "#2"},
				"south": {"uv": [11.25, 3, 11.5, 3.25], "texture": "#2"},
				"west": {"uv": [8.25, 1, 9.25, 1.25], "texture": "#2"},
				"up": {"uv": [8.5, 2.5, 8.25, 1.5], "texture": "#2"},
				"down": {"uv": [3, 8.25, 2.75, 9.25], "texture": "#2"}
			}
		},
		{
			"from": [7.4, 17.32979, -0.45202],
			"to": [8.6, 22.02979, 0.24798],
			"rotation": {"angle": 22.5, "axis": "x", "origin": [8, 25.02979, 0.54798]},
			"faces": {
				"north": {"uv": [5.25, 5.5, 5.5, 6.75], "texture": "#2"},
				"east": {"uv": [1.5, 5.75, 1.75, 7], "texture": "#2"},
				"south": {"uv": [5.75, 1.75, 6, 3], "texture": "#2"},
				"west": {"uv": [2, 5.75, 2.25, 7], "texture": "#2"},
				"up": {"uv": [11.5, 3.75, 11.25, 3.5], "texture": "#2"},
				"down": {"uv": [11.5, 4, 11.25, 4.25], "texture": "#2"}
			}
		}
	],
	"display": {
		"thirdperson_righthand": {
			"translation": [0, -6.5, 0]
		},
		"thirdperson_lefthand": {
			"translation": [0, -4.5, 0]
		},
		"firstperson_righthand": {
			"rotation": [-6, 0, 0],
			"translation": [3.75, -3.75, 0],
			"scale": [0.9, 0.9, 0.9]
		},
		"firstperson_lefthand": {
			"rotation": [-6, 0, 0],
			"translation": [3.75, -3.75, 0],
			"scale": [0.9, 0.9, 0.9]
		},
		"ground": {
			"translation": [0, 0.75, 0],
			"scale": [0.5, 0.5, 0.5]
		},
		"gui": {
			"rotation": [90, 45, -90],
			"translation": [-3.25, -3.25, 0],
			"scale": [0.6, 0.6, 0.6]
		},
		"fixed": {
			"rotation": [90, -45, 90],
			"translation": [3, -3.25, 0],
			"scale": [0.6, 0.6, 0.6]
		}
	},
	"groups": [
		{
			"name": "handle",
			"origin": [8, 3, 8],
			"color": 0,
			"children": [0, 1, 2, 3, 4, 5, 6, 7, 8, 9, 10, 11, 12, 13, 14, 15, 16, 17, 18, 19, 20, 21]
		},
		{
			"name": "blade",
			"origin": [8, 25.02979, 0.54798],
			"color": 0,
			"children": [22, 23, 24, 25, 26, 27, 28, 29, 30, 31, 32, 33, 34, 35, 36, 37, 38, 39, 40, 41]
		}
	]
}