{
	"credit": "Made with Blockbench by ProbsWinter",
	"texture_size": [32, 32],
	"textures": {
		"0": "item/anthracite_ballista",
		"particle": "item/anthracite_ballista"
	},
	"elements": [
		{
			"name": "string",
			"from": [3, -0.25, 11],
			"to": [13, 0.25, 11.5],
			"faces": {
				"north": {"uv": [7, 5, 12, 5.5], "texture": "#0"},
				"east": {"uv": [7, 14, 7.5, 14.5], "texture": "#0"},
				"south": {"uv": [7, 5.5, 12, 6], "texture": "#0"},
				"west": {"uv": [14, 7, 14.5, 7.5], "texture": "#0"},
				"up": {"uv": [13, 7.5, 8, 7], "texture": "#0"},
				"down": {"uv": [13, 7.5, 8, 8], "texture": "#0"}
			}
		},
		{
			"from": [6.5, 4, 3],
			"to": [9.5, 5, 4],
			"rotation": {"angle": 0, "axis": "y", "origin": [0, -1, 0]},
			"faces": {
				"north": {"uv": [13.5, 0.5, 15, 1], "texture": "#0"},
				"east": {"uv": [10.5, 13.5, 11, 14], "texture": "#0"},
				"south": {"uv": [13.5, 1, 15, 1.5], "texture": "#0"},
				"west": {"uv": [1, 14, 1.5, 14.5], "texture": "#0"},
				"up": {"uv": [3.5, 14, 2, 13.5], "texture": "#0"},
				"down": {"uv": [8.5, 13.5, 7, 14], "texture": "#0"}
			}
		},
		{
			"from": [6.75, 1, 3.25],
			"to": [7.25, 4, 3.75],
			"rotation": {"angle": 0, "axis": "y", "origin": [0, -1, 0]},
			"faces": {
				"north": {"uv": [3.5, 13.5, 4, 15], "texture": "#0"},
				"east": {"uv": [13.5, 7, 14, 8.5], "texture": "#0"},
				"south": {"uv": [8.5, 13.5, 9, 15], "texture": "#0"},
				"west": {"uv": [13.5, 8.5, 14, 10], "texture": "#0"},
				"up": {"uv": [3.5, 14.5, 3, 14], "texture": "#0"},
				"down": {"uv": [14.5, 4.5, 14, 5], "texture": "#0"}
			}
		},
		{
			"from": [8.75, 1, 3.25],
			"to": [9.25, 4, 3.75],
			"rotation": {"angle": 0, "axis": "y", "origin": [0, -1, 0]},
			"faces": {
				"north": {"uv": [9, 13.5, 9.5, 15], "texture": "#0"},
				"east": {"uv": [9.5, 13.5, 10, 15], "texture": "#0"},
				"south": {"uv": [10, 13.5, 10.5, 15], "texture": "#0"},
				"west": {"uv": [13.5, 10, 14, 11.5], "texture": "#0"},
				"up": {"uv": [14.5, 6.5, 14, 6], "texture": "#0"},
				"down": {"uv": [14.5, 6.5, 14, 7], "texture": "#0"}
			}
		},
		{
			"from": [3.78105, -0.75, 5.35824],
			"to": [10.78105, 0.75, 7.35824],
			"rotation": {"angle": -22.5, "axis": "y", "origin": [12.28105, -1, -1.64176]},
			"faces": {
				"north": {"uv": [3, 0, 6.5, 1], "texture": "#0"},
				"east": {"uv": [2, 11.5, 3, 12.5], "texture": "#0"},
				"south": {"uv": [3, 1, 6.5, 2], "texture": "#0"},
				"west": {"uv": [3, 11.5, 4, 12.5], "texture": "#0"},
				"up": {"uv": [6.5, 3, 3, 2], "texture": "#0"},
				"down": {"uv": [6.5, 3, 3, 4], "texture": "#0"}
			}
		},
		{
			"from": [3.78105, -0.75, 7.35824],
			"to": [5.78105, 0.75, 12.35824],
			"rotation": {"angle": -22.5, "axis": "y", "origin": [12.28105, -1, -1.64176]},
			"faces": {
				"north": {"uv": [10, 11.5, 11, 12.5], "texture": "#0"},
				"east": {"uv": [3.5, 6, 6, 7], "texture": "#0"},
				"south": {"uv": [0, 12, 1, 13], "texture": "#0"},
				"west": {"uv": [6, 6, 8.5, 7], "texture": "#0"},
				"up": {"uv": [7.5, 2.5, 6.5, 0], "texture": "#0"},
				"down": {"uv": [7.5, 2.5, 6.5, 5], "texture": "#0"}
			}
		},
		{
			"from": [11.32521, -0.5, 0.6],
			"to": [13.32521, 0.5, 5.6],
			"rotation": {"angle": -45, "axis": "y", "origin": [3.82521, -1, -7.76104]},
			"faces": {
				"north": {"uv": [4, 10.5, 5, 11], "texture": "#0"},
				"east": {"uv": [11.5, 2, 14, 2.5], "texture": "#0"},
				"south": {"uv": [13.5, 12.5, 14.5, 13], "texture": "#0"},
				"west": {"uv": [11.5, 2.5, 14, 3], "texture": "#0"},
				"up": {"uv": [8, 9.5, 7, 7], "texture": "#0"},
				"down": {"uv": [8.5, 0, 7.5, 2.5], "texture": "#0"}
			}
		},
		{
			"from": [-11.67438, -0.3745, -1.17863],
			"to": [-9.67438, 0.3655, 1.82137],
			"rotation": {"angle": 45, "axis": "y", "origin": [4.82562, -1, -9.53967]},
			"faces": {
				"north": {"uv": [14, 2.5, 15, 3], "texture": "#0"},
				"east": {"uv": [0, 13.5, 1.5, 14], "texture": "#0"},
				"south": {"uv": [14, 3, 15, 3.5], "texture": "#0"},
				"west": {"uv": [13.5, 0, 15, 0.5], "texture": "#0"},
				"up": {"uv": [11, 11.5, 10, 10], "texture": "#0"},
				"down": {"uv": [1, 10.5, 0, 12], "texture": "#0"}
			}
		},
		{
			"from": [-4.79228, -0.375, 12],
			"to": [-2.79228, 0.375, 17],
			"rotation": {"angle": 22.5, "axis": "y", "origin": [-12.29228, -1, -2.40713]},
			"faces": {
				"north": {"uv": [14, 3.5, 15, 4], "texture": "#0"},
				"east": {"uv": [11.5, 6, 14, 6.5], "texture": "#0"},
				"south": {"uv": [14, 4, 15, 4.5], "texture": "#0"},
				"west": {"uv": [11.5, 6.5, 14, 7], "texture": "#0"},
				"up": {"uv": [4, 10.5, 3, 8], "texture": "#0"},
				"down": {"uv": [5, 8, 4, 10.5], "texture": "#0"}
			}
		},
		{
			"from": [5.21895, -0.75, 5.35824],
			"to": [12.21895, 0.75, 7.35824],
			"rotation": {"angle": 22.5, "axis": "y", "origin": [3.71895, -1, -1.64176]},
			"faces": {
				"north": {"uv": [3, 4, 6.5, 5], "texture": "#0"},
				"east": {"uv": [8, 11.5, 9, 12.5], "texture": "#0"},
				"south": {"uv": [0, 5, 3.5, 6], "texture": "#0"},
				"west": {"uv": [9, 11.5, 10, 12.5], "texture": "#0"},
				"up": {"uv": [7, 6, 3.5, 5], "texture": "#0"},
				"down": {"uv": [3.5, 6, 0, 7], "texture": "#0"}
			}
		},
		{
			"from": [10.21895, -0.75, 7.35824],
			"to": [12.21895, 0.75, 12.35824],
			"rotation": {"angle": 22.5, "axis": "y", "origin": [3.71895, -1, -1.64176]},
			"faces": {
				"north": {"uv": [4, 12, 5, 13], "texture": "#0"},
				"east": {"uv": [0, 7, 2.5, 8], "texture": "#0"},
				"south": {"uv": [5, 12, 6, 13], "texture": "#0"},
				"west": {"uv": [2.5, 7, 5, 8], "texture": "#0"},
				"up": {"uv": [6, 9.5, 5, 7], "texture": "#0"},
				"down": {"uv": [7, 7, 6, 9.5], "texture": "#0"}
			}
		},
		{
			"from": [2.67479, -0.5, 0.6],
			"to": [4.67479, 0.5, 5.6],
			"rotation": {"angle": 45, "axis": "y", "origin": [12.17479, -1, -7.76104]},
			"faces": {
				"north": {"uv": [13, 13.5, 14, 14], "texture": "#0"},
				"east": {"uv": [11.5, 3, 14, 3.5], "texture": "#0"},
				"south": {"uv": [13.5, 13, 14.5, 13.5], "texture": "#0"},
				"west": {"uv": [11.5, 3.5, 14, 4], "texture": "#0"},
				"up": {"uv": [8.5, 5, 7.5, 2.5], "texture": "#0"},
				"down": {"uv": [1, 8, 0, 10.5], "texture": "#0"}
			}
		},
		{
			"from": [18.79228, -0.375, 12],
			"to": [20.79228, 0.375, 17],
			"rotation": {"angle": -22.5, "axis": "y", "origin": [28.29228, -1, -2.40713]},
			"faces": {
				"north": {"uv": [0, 14, 1, 14.5], "texture": "#0"},
				"east": {"uv": [11.5, 4, 14, 4.5], "texture": "#0"},
				"south": {"uv": [14, 1.5, 15, 2], "texture": "#0"},
				"west": {"uv": [11.5, 4.5, 14, 5], "texture": "#0"},
				"up": {"uv": [2, 10.5, 1, 8], "texture": "#0"},
				"down": {"uv": [3, 8, 2, 10.5], "texture": "#0"}
			}
		},
		{
			"from": [25.67438, -0.3745, -1.17863],
			"to": [27.67438, 0.3655, 1.82137],
			"rotation": {"angle": -45, "axis": "y", "origin": [11.17438, -1, -9.53967]},
			"faces": {
				"north": {"uv": [2, 14, 3, 14.5], "texture": "#0"},
				"east": {"uv": [13, 5, 14.5, 5.5], "texture": "#0"},
				"south": {"uv": [14, 2, 15, 2.5], "texture": "#0"},
				"west": {"uv": [13, 5.5, 14.5, 6], "texture": "#0"},
				"up": {"uv": [9, 11.5, 8, 10], "texture": "#0"},
				"down": {"uv": [10, 10, 9, 11.5], "texture": "#0"}
			}
		},
		{
			"from": [6.5, -1.5, 3],
			"to": [9.5, 1, 4],
			"rotation": {"angle": 0, "axis": "y", "origin": [0, -1, 0]},
			"faces": {
				"north": {"uv": [8.5, 0.5, 10, 2], "texture": "#0"},
				"east": {"uv": [12, 12.5, 12.5, 14], "texture": "#0"},
				"south": {"uv": [8.5, 2, 10, 3.5], "texture": "#0"},
				"west": {"uv": [12.5, 12.5, 13, 14], "texture": "#0"},
				"up": {"uv": [14, 2, 12.5, 1.5], "texture": "#0"},
				"down": {"uv": [1.5, 13, 0, 13.5], "texture": "#0"}
			}
		},
		{
			"from": [10.21895, -1.495, 1.35824],
			"to": [11.21895, 0.995, 3.85824],
			"rotation": {"angle": -22.5, "axis": "y", "origin": [3.71895, -1, -1.64176]},
			"faces": {
				"north": {"uv": [1.5, 13, 2, 14.5], "texture": "#0"},
				"east": {"uv": [8.5, 3.5, 10, 5], "texture": "#0"},
				"south": {"uv": [4, 13, 4.5, 14.5], "texture": "#0"},
				"west": {"uv": [8, 8.5, 9.5, 10], "texture": "#0"},
				"up": {"uv": [5, 14.5, 4.5, 13], "texture": "#0"},
				"down": {"uv": [5.5, 13, 5, 14.5], "texture": "#0"}
			}
		},
		{
			"from": [4.78105, -1.495, 1.35824],
			"to": [5.78105, 0.995, 3.85824],
			"rotation": {"angle": 22.5, "axis": "y", "origin": [12.28105, -1, -1.64176]},
			"faces": {
				"north": {"uv": [5.5, 13, 6, 14.5], "texture": "#0"},
				"east": {"uv": [5, 9.5, 6.5, 11], "texture": "#0"},
				"south": {"uv": [6, 13, 6.5, 14.5], "texture": "#0"},
				"west": {"uv": [6.5, 9.5, 8, 11], "texture": "#0"},
				"up": {"uv": [7, 14.5, 6.5, 13], "texture": "#0"},
				"down": {"uv": [13.5, 7, 13, 8.5], "texture": "#0"}
			}
		},
		{
			"from": [7.45671, -1.49, 3.3097],
			"to": [8.55671, 0.99, 6.3097],
			"rotation": {"angle": 0, "axis": "y", "origin": [0.95671, -1, 0.3097]},
			"faces": {
				"north": {"uv": [13, 10.5, 13.5, 12], "texture": "#0"},
				"east": {"uv": [9.5, 8.5, 11, 10], "texture": "#0"},
				"south": {"uv": [11, 13, 11.5, 14.5], "texture": "#0"},
				"west": {"uv": [10, 0.5, 11.5, 2], "texture": "#0"},
				"up": {"uv": [12, 14.5, 11.5, 13], "texture": "#0"},
				"down": {"uv": [13.5, 12, 13, 13.5], "texture": "#0"}
			}
		},
		{
			"from": [6.5, -1.75, 5],
			"to": [9.5, -0.75, 15],
			"faces": {
				"north": {"uv": [13.5, 11.5, 15, 12], "texture": "#0"},
				"east": {"uv": [8, 8, 13, 8.5], "texture": "#0"},
				"south": {"uv": [13.5, 12, 15, 12.5], "texture": "#0"},
				"west": {"uv": [8.5, 0, 13.5, 0.5], "texture": "#0"},
				"up": {"uv": [1.5, 5, 0, 0], "texture": "#0"},
				"down": {"uv": [3, 0, 1.5, 5], "texture": "#0"}
			}
		},
		{
			"from": [7, -9.5, 11],
			"to": [9, -6.5, 13],
			"rotation": {"angle": -22.5, "axis": "x", "origin": [0, 0, 0]},
			"faces": {
				"north": {"uv": [7, 11, 8, 12.5], "texture": "#0"},
				"east": {"uv": [11, 10.5, 12, 12], "texture": "#0"},
				"south": {"uv": [11.5, 0.5, 12.5, 2], "texture": "#0"},
				"west": {"uv": [1, 11.5, 2, 13], "texture": "#0"},
				"up": {"uv": [13.5, 10.5, 12.5, 9.5], "texture": "#0"},
				"down": {"uv": [11, 12.5, 10, 13.5], "texture": "#0"}
			}
		},
		{
			"from": [15, -2, 3.7],
			"to": [18, -0.5, 6.7],
			"rotation": {"angle": -45, "axis": "y", "origin": [0, 0, 0]},
			"faces": {
				"north": {"uv": [4, 11, 5.5, 12], "texture": "#0"},
				"east": {"uv": [5.5, 11, 7, 12], "texture": "#0"},
				"south": {"uv": [11, 8.5, 12.5, 9.5], "texture": "#0"},
				"west": {"uv": [11, 9.5, 12.5, 10.5], "texture": "#0"},
				"up": {"uv": [11.5, 3.5, 10, 2], "texture": "#0"},
				"down": {"uv": [11.5, 3.5, 10, 5], "texture": "#0"}
			}
		},
		{
			"from": [5.5, 1.25, 6],
			"to": [7, 3.25, 8],
			"rotation": {"angle": 22.5, "axis": "x", "origin": [0, 0, 0]},
			"faces": {
				"north": {"uv": [12, 5, 13, 6], "texture": "#0"},
				"east": {"uv": [6, 12, 7, 13], "texture": "#0"},
				"south": {"uv": [12, 10.5, 13, 11.5], "texture": "#0"},
				"west": {"uv": [11, 12, 12, 13], "texture": "#0"},
				"up": {"uv": [13, 12.5, 12, 11.5], "texture": "#0"},
				"down": {"uv": [13.5, 0.5, 12.5, 1.5], "texture": "#0"}
			}
		},
		{
			"from": [9, 1.25, 6],
			"to": [10.5, 3.25, 8],
			"rotation": {"angle": 22.5, "axis": "x", "origin": [0, 0, 0]},
			"faces": {
				"north": {"uv": [2, 12.5, 3, 13.5], "texture": "#0"},
				"east": {"uv": [3, 12.5, 4, 13.5], "texture": "#0"},
				"south": {"uv": [7, 12.5, 8, 13.5], "texture": "#0"},
				"west": {"uv": [8, 12.5, 9, 13.5], "texture": "#0"},
				"up": {"uv": [13.5, 9.5, 12.5, 8.5], "texture": "#0"},
				"down": {"uv": [10, 12.5, 9, 13.5], "texture": "#0"}
			}
		},
		{
			"from": [5, 1.75, 6.5],
			"to": [11, 2.75, 7.5],
			"rotation": {"angle": 22.5, "axis": "x", "origin": [0, 0, 0]},
			"faces": {
				"north": {"uv": [8.5, 6, 11.5, 6.5], "texture": "#0"},
				"east": {"uv": [7.5, 14, 8, 14.5], "texture": "#0"},
				"south": {"uv": [8.5, 6.5, 11.5, 7], "texture": "#0"},
				"west": {"uv": [14, 7.5, 14.5, 8], "texture": "#0"},
				"up": {"uv": [4, 11, 1, 10.5], "texture": "#0"},
				"down": {"uv": [4, 11, 1, 11.5], "texture": "#0"}
			}
		}
	],
	"display": {
		"thirdperson_righthand": {
			"translation": [0, 9.25, -2.25]
		},
		"thirdperson_lefthand": {
			"translation": [0, 9.25, -2.25]
		},
		"firstperson_righthand": {
			"rotation": [0, 0, 15],
			"translation": [-0.5, 10.5, -1]
		},
		"firstperson_lefthand": {
			"rotation": [0, 0, 15],
			"translation": [-0.5, 10.5, -1]
		},
		"ground": {
			"translation": [0, 7.25, 0]
		},
		"gui": {
			"rotation": [30, 30, 20],
			"translation": [-2, 5.5, 0]
		}
	},
	"groups": [
		0,
		{
			"name": "scope",
			"origin": [0, -1, 0],
			"color": 0,
			"children": [1, 2, 3]
		},
		{
			"name": "bowlimbs",
			"origin": [11.17438, -1, -9.53967],
			"color": 0,
			"children": [
				{
					"name": "left bowlimb",
					"origin": [-12.29228, -1, -2.40713],
					"color": 0,
					"children": [4, 5, 6, 7, 8]
				},
				{
					"name": "right bowlimb",
					"origin": [11.17438, -1, -9.53967],
					"color": 0,
					"children": [9, 10, 11, 12, 13]
				}
			]
		},
		{
			"name": "rest",
			"origin": [0.95671, -1, 0.3097],
			"color": 0,
			"children": [14, 15, 16, 17]
		},
		18,
		19,
		20,
		21,
		22,
		23
	]
}