{
	"credit": "Made with Blockbench by ProbsWinter",
	"texture_size": [32, 32],
	"textures": {
		"0": "item/apocalypse",
		"particle": "item/apocalypse"
	},
	"elements": [
		{
			"from": [21, 14, 7],
			"to": [23, 16, 9],
			"rotation": {"angle": 45, "axis": "z", "origin": [8, 1, 8]},
			"faces": {
				"north": {"uv": [6.5, 2, 7.5, 3], "texture": "#0"},
				"east": {"uv": [6.5, 3, 7.5, 4], "texture": "#0"},
				"south": {"uv": [6.5, 4, 7.5, 5], "texture": "#0"},
				"west": {"uv": [6.5, 5, 7.5, 6], "texture": "#0"},
				"up": {"uv": [3, 8, 2, 7], "texture": "#0"},
				"down": {"uv": [4, 7, 3, 8], "texture": "#0"}
			}
		},
		{
			"from": [22.68038, 17.94321, 7.3],
			"to": [24.68038, 18.94321, 8.7],
			"rotation": {"angle": 45, "axis": "z", "origin": [9.68038, 0.94321, 8]},
			"faces": {
				"north": {"uv": [7, 9, 8, 9.5], "texture": "#0"},
				"east": {"uv": [11, 4, 11.5, 4.5], "texture": "#0"},
				"south": {"uv": [8, 9, 9, 9.5], "texture": "#0"},
				"west": {"uv": [4.5, 11, 5, 11.5], "texture": "#0"},
				"up": {"uv": [10, 8.5, 9, 8], "texture": "#0"},
				"down": {"uv": [10, 8.5, 9, 9], "texture": "#0"}
			}
		},
		{
			"from": [23.68038, 18.94321, 7.3],
			"to": [24.68038, 22.94321, 8.7],
			"rotation": {"angle": 45, "axis": "z", "origin": [9.68038, 0.94321, 8]},
			"faces": {
				"north": {"uv": [7, 7, 7.5, 9], "texture": "#0"},
				"east": {"uv": [7.5, 2, 8, 4], "texture": "#0"},
				"south": {"uv": [7.5, 4, 8, 6], "texture": "#0"},
				"west": {"uv": [7.5, 7, 8, 9], "texture": "#0"},
				"up": {"uv": [6, 11.5, 5.5, 11], "texture": "#0"},
				"down": {"uv": [6.5, 11, 6, 11.5], "texture": "#0"}
			}
		},
		{
			"from": [6, 19.38478, 7.1],
			"to": [8, 23.38478, 8.9],
			"rotation": {"angle": 0, "axis": "y", "origin": [-15, 5.38478, 8]},
			"faces": {
				"north": {"uv": [2, 0, 3, 2], "texture": "#0"},
				"east": {"uv": [2, 2, 3, 4], "texture": "#0"},
				"south": {"uv": [3, 0, 4, 2], "texture": "#0"},
				"west": {"uv": [3, 2, 4, 4], "texture": "#0"},
				"up": {"uv": [5, 8, 4, 7], "texture": "#0"},
				"down": {"uv": [6, 7, 5, 8], "texture": "#0"}
			}
		},
		{
			"from": [6.25, 20, 6.75],
			"to": [8.25, 22, 7.25],
			"faces": {
				"north": {"uv": [8, 0, 9, 1], "texture": "#0"},
				"east": {"uv": [9.5, 6, 10, 7], "texture": "#0"},
				"south": {"uv": [8, 1, 9, 2], "texture": "#0"},
				"west": {"uv": [7, 9.5, 7.5, 10.5], "texture": "#0"},
				"up": {"uv": [10.5, 7.5, 9.5, 7], "texture": "#0"},
				"down": {"uv": [8.5, 9.5, 7.5, 10], "texture": "#0"}
			}
		},
		{
			"from": [6.255, 26.18164, -0.77254],
			"to": [8.245, 27.18164, -0.27254],
			"rotation": {"angle": 22.5, "axis": "x", "origin": [0, 5.18164, -7.52254]},
			"faces": {
				"north": {"uv": [9.5, 7.5, 10.5, 8], "texture": "#0"},
				"east": {"uv": [8, 11, 8.5, 11.5], "texture": "#0"},
				"south": {"uv": [9.5, 9, 10.5, 9.5], "texture": "#0"},
				"west": {"uv": [11, 8, 11.5, 8.5], "texture": "#0"},
				"up": {"uv": [10.5, 10, 9.5, 9.5], "texture": "#0"},
				"down": {"uv": [11, 0, 10, 0.5], "texture": "#0"}
			}
		},
		{
			"from": [6.25, 20, 8.75],
			"to": [8.25, 22, 9.25],
			"rotation": {"angle": 0, "axis": "y", "origin": [0, 0, 16]},
			"faces": {
				"north": {"uv": [4, 9, 5, 10], "texture": "#0"},
				"east": {"uv": [11, 2, 11.5, 3], "texture": "#0"},
				"south": {"uv": [9, 4, 10, 5], "texture": "#0"},
				"west": {"uv": [3, 11, 3.5, 12], "texture": "#0"},
				"up": {"uv": [12, 3.5, 11, 3], "texture": "#0"},
				"down": {"uv": [12, 3.5, 11, 4], "texture": "#0"}
			}
		},
		{
			"from": [6.255, 26.18164, 16.27254],
			"to": [8.245, 27.18164, 16.77254],
			"rotation": {"angle": -22.5, "axis": "x", "origin": [0, 5.18164, 23.52254]},
			"faces": {
				"north": {"uv": [10, 0.5, 11, 1], "texture": "#0"},
				"east": {"uv": [11, 8.5, 11.5, 9], "texture": "#0"},
				"south": {"uv": [10, 1, 11, 1.5], "texture": "#0"},
				"west": {"uv": [9, 11, 9.5, 11.5], "texture": "#0"},
				"up": {"uv": [11, 2, 10, 1.5], "texture": "#0"},
				"down": {"uv": [3, 10, 2, 10.5], "texture": "#0"}
			}
		},
		{
			"from": [14.90315, 11.14954, 7.2],
			"to": [16.90315, 14.14954, 8.8],
			"rotation": {"angle": 22.5, "axis": "z", "origin": [-11.09685, -2.85046, 8]},
			"faces": {
				"north": {"uv": [4, 0, 5, 1.5], "texture": "#0"},
				"east": {"uv": [4, 1.5, 5, 3], "texture": "#0"},
				"south": {"uv": [2, 4, 3, 5.5], "texture": "#0"},
				"west": {"uv": [3, 4, 4, 5.5], "texture": "#0"},
				"up": {"uv": [7, 8, 6, 7], "texture": "#0"},
				"down": {"uv": [8, 6, 7, 7], "texture": "#0"}
			}
		},
		{
			"from": [14.17079, 14.51436, 7.305],
			"to": [15.17079, 17.11436, 8.695],
			"rotation": {"angle": 22.5, "axis": "z", "origin": [-10.82921, -1.48564, 8]},
			"faces": {
				"north": {"uv": [5.5, 9, 6, 10.5], "texture": "#0"},
				"east": {"uv": [6, 9, 6.5, 10.5], "texture": "#0"},
				"south": {"uv": [6.5, 9, 7, 10.5], "texture": "#0"},
				"west": {"uv": [9, 6.5, 9.5, 8], "texture": "#0"},
				"up": {"uv": [11.5, 5, 11, 4.5], "texture": "#0"},
				"down": {"uv": [11.5, 5, 11, 5.5], "texture": "#0"}
			}
		},
		{
			"from": [3.73063, 26.10616, 7.295],
			"to": [4.73063, 27.10616, 8.705],
			"rotation": {"angle": 0, "axis": "y", "origin": [-21.26937, 7.10616, 8]},
			"faces": {
				"north": {"uv": [6.5, 11, 7, 11.5], "texture": "#0"},
				"east": {"uv": [11, 6.5, 11.5, 7], "texture": "#0"},
				"south": {"uv": [7, 11, 7.5, 11.5], "texture": "#0"},
				"west": {"uv": [11, 7, 11.5, 7.5], "texture": "#0"},
				"up": {"uv": [8, 11.5, 7.5, 11], "texture": "#0"},
				"down": {"uv": [11.5, 7.5, 11, 8], "texture": "#0"}
			}
		},
		{
			"from": [1.4336, 29.45526, 7.2],
			"to": [2.4336, 32, 8.8],
			"rotation": {"angle": -22.5, "axis": "z", "origin": [-21.09708, 15.45526, 8]},
			"faces": {
				"north": {"uv": [5, 9, 5.5, 10.5], "texture": "#0"},
				"east": {"uv": [4, 3, 5, 4.5], "texture": "#0"},
				"south": {"uv": [9, 5, 9.5, 6.5], "texture": "#0"},
				"west": {"uv": [4, 4.5, 5, 6], "texture": "#0"},
				"up": {"uv": [9.5, 10, 9, 9], "texture": "#0"},
				"down": {"uv": [10, 5, 9.5, 6], "texture": "#0"}
			}
		},
		{
			"from": [5.75, 17.38478, 7],
			"to": [8.75, 19.38478, 9],
			"rotation": {"angle": 0, "axis": "y", "origin": [6, 17.38478, 7.1]},
			"faces": {
				"north": {"uv": [5, 0, 6.5, 1], "texture": "#0"},
				"east": {"uv": [2, 8, 3, 9], "texture": "#0"},
				"south": {"uv": [5, 1, 6.5, 2], "texture": "#0"},
				"west": {"uv": [8, 2, 9, 3], "texture": "#0"},
				"up": {"uv": [6.5, 3, 5, 2], "texture": "#0"},
				"down": {"uv": [6.5, 3, 5, 4], "texture": "#0"}
			}
		},
		{
			"from": [13.84056, 15, 7.005],
			"to": [15.84056, 17, 8.995],
			"rotation": {"angle": 22.5, "axis": "z", "origin": [7.09056, -0.87709, 0]},
			"faces": {
				"north": {"uv": [4, 8, 5, 9], "texture": "#0"},
				"east": {"uv": [8, 4, 9, 5], "texture": "#0"},
				"south": {"uv": [5, 8, 6, 9], "texture": "#0"},
				"west": {"uv": [8, 5, 9, 6], "texture": "#0"},
				"up": {"uv": [7, 9, 6, 8], "texture": "#0"},
				"down": {"uv": [9, 6, 8, 7], "texture": "#0"}
			}
		},
		{
			"from": [3.12734, 10.31585, 7.01],
			"to": [4.54155, 11.73006, 8.99],
			"rotation": {"angle": -22.5, "axis": "z", "origin": [20.41865, 2.98006, 0]},
			"faces": {
				"north": {"uv": [11, 9, 11.5, 9.5], "texture": "#0"},
				"east": {"uv": [3.5, 10, 4.5, 10.5], "texture": "#0"},
				"south": {"uv": [9.5, 11, 10, 11.5], "texture": "#0"},
				"west": {"uv": [10, 4, 11, 4.5], "texture": "#0"},
				"up": {"uv": [5, 11, 4.5, 10], "texture": "#0"},
				"down": {"uv": [10.5, 4.5, 10, 5.5], "texture": "#0"}
			}
		},
		{
			"from": [-1.78653, 17.5, 7.25],
			"to": [1.21347, 19.5, 8.75],
			"rotation": {"angle": -22.5, "axis": "z", "origin": [0, 0, 0]},
			"faces": {
				"north": {"uv": [4, 6, 5.5, 7], "texture": "#0"},
				"east": {"uv": [9, 0, 10, 1], "texture": "#0"},
				"south": {"uv": [5.5, 6, 7, 7], "texture": "#0"},
				"west": {"uv": [9, 1, 10, 2], "texture": "#0"},
				"up": {"uv": [8, 1, 6.5, 0], "texture": "#0"},
				"down": {"uv": [8, 1, 6.5, 2], "texture": "#0"}
			}
		},
		{
			"from": [10, 9.9237, 7.245],
			"to": [11, 11.9237, 8.755],
			"rotation": {"angle": 22.5, "axis": "z", "origin": [-4.15023, 7.63774, 0]},
			"faces": {
				"north": {"uv": [10, 5.5, 10.5, 6.5], "texture": "#0"},
				"east": {"uv": [2, 9, 3, 10], "texture": "#0"},
				"south": {"uv": [7.5, 10, 8, 11], "texture": "#0"},
				"west": {"uv": [9, 2, 10, 3], "texture": "#0"},
				"up": {"uv": [8.5, 11, 8, 10], "texture": "#0"},
				"down": {"uv": [10.5, 8, 10, 9], "texture": "#0"}
			}
		},
		{
			"from": [8, 4.9237, 7.375],
			"to": [10, 6.9237, 8.625],
			"rotation": {"angle": 45, "axis": "z", "origin": [-4.15023, 7.63774, 0]},
			"faces": {
				"north": {"uv": [3, 9, 4, 10], "texture": "#0"},
				"east": {"uv": [9, 10, 9.5, 11], "texture": "#0"},
				"south": {"uv": [9, 3, 10, 4], "texture": "#0"},
				"west": {"uv": [9.5, 10, 10, 11], "texture": "#0"},
				"up": {"uv": [11, 7, 10, 6.5], "texture": "#0"},
				"down": {"uv": [11, 10, 10, 10.5], "texture": "#0"}
			}
		},
		{
			"from": [12.03523, 17.54097, 7.005],
			"to": [13.03523, 19.54097, 8.995],
			"rotation": {"angle": 22.5, "axis": "z", "origin": [9.28523, 1.66388, -0.005]},
			"faces": {
				"north": {"uv": [8.5, 9.5, 9, 10.5], "texture": "#0"},
				"east": {"uv": [8, 7, 9, 8], "texture": "#0"},
				"south": {"uv": [10, 2, 10.5, 3], "texture": "#0"},
				"west": {"uv": [8, 8, 9, 9], "texture": "#0"},
				"up": {"uv": [3.5, 11, 3, 10], "texture": "#0"},
				"down": {"uv": [10.5, 3, 10, 4], "texture": "#0"}
			}
		},
		{
			"from": [7.41421, 18.38478, 6.75],
			"to": [9.41421, 20.38478, 9.25],
			"rotation": {"angle": 45, "axis": "z", "origin": [9.41421, 19.38478, 8]},
			"faces": {
				"north": {"uv": [3, 8, 4, 9], "texture": "#0"},
				"east": {"uv": [5, 4, 6.5, 5], "texture": "#0"},
				"south": {"uv": [8, 3, 9, 4], "texture": "#0"},
				"west": {"uv": [5, 5, 6.5, 6], "texture": "#0"},
				"up": {"uv": [3, 7, 2, 5.5], "texture": "#0"},
				"down": {"uv": [4, 5.5, 3, 7], "texture": "#0"}
			}
		},
		{
			"from": [7, -4, 7.5],
			"to": [8, 21, 8.5],
			"rotation": {"angle": 0, "axis": "y", "origin": [0, -5, 0]},
			"faces": {
				"north": {"uv": [0, 0, 0.5, 12.5], "texture": "#0"},
				"east": {"uv": [0.5, 0, 1, 12.5], "texture": "#0"},
				"south": {"uv": [1, 0, 1.5, 12.5], "texture": "#0"},
				"west": {"uv": [1.5, 0, 2, 12.5], "texture": "#0"},
				"up": {"uv": [11.5, 10, 11, 9.5], "texture": "#0"},
				"down": {"uv": [11.5, 10, 11, 10.5], "texture": "#0"}
			}
		},
		{
			"from": [9.64257, -10.71815, 7.505],
			"to": [11.39049, -9.71034, 8.495],
			"rotation": {"angle": 45, "axis": "z", "origin": [2.89283, -11.71034, 2.205]},
			"faces": {
				"north": {"uv": [5.5, 10.5, 6.5, 11], "texture": "#0"},
				"east": {"uv": [11.5, 6.5, 12, 7], "texture": "#0"},
				"south": {"uv": [10.5, 5.5, 11.5, 6], "texture": "#0"},
				"west": {"uv": [7, 11.5, 7.5, 12], "texture": "#0"},
				"up": {"uv": [11.5, 6.5, 10.5, 6], "texture": "#0"},
				"down": {"uv": [7.5, 10.5, 6.5, 11], "texture": "#0"}
			}
		},
		{
			"from": [5.27343, -9.67459, 7.5],
			"to": [6.27343, -7.67459, 8.5],
			"rotation": {"angle": -22.5, "axis": "z", "origin": [15.27343, -9.67459, 2.2]},
			"faces": {
				"north": {"uv": [10.5, 7, 11, 8], "texture": "#0"},
				"east": {"uv": [10.5, 8, 11, 9], "texture": "#0"},
				"south": {"uv": [8.5, 10.5, 9, 11.5], "texture": "#0"},
				"west": {"uv": [10.5, 9, 11, 10], "texture": "#0"},
				"up": {"uv": [12, 7.5, 11.5, 7], "texture": "#0"},
				"down": {"uv": [8, 11.5, 7.5, 12], "texture": "#0"}
			}
		},
		{
			"from": [6.8, -5, 7.3],
			"to": [8.2, -4, 8.7],
			"rotation": {"angle": 0, "axis": "y", "origin": [0, -5, 0]},
			"faces": {
				"north": {"uv": [11.5, 5, 12, 5.5], "texture": "#0"},
				"east": {"uv": [5.5, 11.5, 6, 12], "texture": "#0"},
				"south": {"uv": [11.5, 5.5, 12, 6], "texture": "#0"},
				"west": {"uv": [6, 11.5, 6.5, 12], "texture": "#0"},
				"up": {"uv": [12, 6.5, 11.5, 6], "texture": "#0"},
				"down": {"uv": [7, 11.5, 6.5, 12], "texture": "#0"}
			}
		},
		{
			"from": [7, -7, 7.55],
			"to": [7.9, -5, 8.45],
			"rotation": {"angle": 0, "axis": "y", "origin": [0, -7, 0]},
			"faces": {
				"north": {"uv": [10, 10.5, 10.5, 11.5], "texture": "#0"},
				"east": {"uv": [10.5, 10.5, 11, 11.5], "texture": "#0"},
				"south": {"uv": [11, 0, 11.5, 1], "texture": "#0"},
				"west": {"uv": [11, 1, 11.5, 2], "texture": "#0"},
				"up": {"uv": [12, 8, 11.5, 7.5], "texture": "#0"},
				"down": {"uv": [8.5, 11.5, 8, 12], "texture": "#0"}
			}
		},
		{
			"from": [8.87035, -1.75736, 7.555],
			"to": [9.50675, -1.12096, 8.445],
			"rotation": {"angle": -45, "axis": "z", "origin": [1.60675, -2.12096, 0]},
			"faces": {
				"north": {"uv": [11.5, 8, 12, 8.5], "texture": "#0"},
				"east": {"uv": [8.5, 11.5, 9, 12], "texture": "#0"},
				"south": {"uv": [11.5, 8.5, 12, 9], "texture": "#0"},
				"west": {"uv": [9, 11.5, 9.5, 12], "texture": "#0"},
				"up": {"uv": [12, 9.5, 11.5, 9], "texture": "#0"},
				"down": {"uv": [10, 11.5, 9.5, 12], "texture": "#0"}
			}
		},
		{
			"from": [18.75736, 4.34315, 7.505],
			"to": [20.15736, 5.74315, 8.495],
			"rotation": {"angle": 45, "axis": "z", "origin": [3.75736, -4.65685, 0]},
			"faces": {
				"north": {"uv": [11, 10.5, 11.5, 11], "texture": "#0"},
				"east": {"uv": [11, 11, 11.5, 11.5], "texture": "#0"},
				"south": {"uv": [11.5, 0, 12, 0.5], "texture": "#0"},
				"west": {"uv": [11.5, 0.5, 12, 1], "texture": "#0"},
				"up": {"uv": [12, 1.5, 11.5, 1], "texture": "#0"},
				"down": {"uv": [12, 1.5, 11.5, 2], "texture": "#0"}
			}
		},
		{
			"from": [16.375, 3.34315, 7.505],
			"to": [17.375, 4.34315, 8.495],
			"rotation": {"angle": 45, "axis": "z", "origin": [3.75736, -4.65685, 0]},
			"faces": {
				"north": {"uv": [2.5, 11.5, 3, 12], "texture": "#0"},
				"east": {"uv": [11.5, 2.5, 12, 3], "texture": "#0"},
				"south": {"uv": [3.5, 11.5, 4, 12], "texture": "#0"},
				"west": {"uv": [4, 11.5, 4.5, 12], "texture": "#0"},
				"up": {"uv": [12, 4.5, 11.5, 4], "texture": "#0"},
				"down": {"uv": [5, 11.5, 4.5, 12], "texture": "#0"}
			}
		},
		{
			"from": [1.84264, 4.8, 7.505],
			"to": [2.84264, 6.8, 8.495],
			"rotation": {"angle": -22.5, "axis": "z", "origin": [12.24264, -4.65685, 0]},
			"faces": {
				"north": {"uv": [2, 10.5, 2.5, 11.5], "texture": "#0"},
				"east": {"uv": [10.5, 2, 11, 3], "texture": "#0"},
				"south": {"uv": [2.5, 10.5, 3, 11.5], "texture": "#0"},
				"west": {"uv": [10.5, 3, 11, 4], "texture": "#0"},
				"up": {"uv": [2.5, 12, 2, 11.5], "texture": "#0"},
				"down": {"uv": [12, 2, 11.5, 2.5], "texture": "#0"}
			}
		},
		{
			"from": [4.375, 15.375, 7.505],
			"to": [5.375, 17.375, 8.495],
			"rotation": {"angle": 22.5, "axis": "z", "origin": [12.24264, 20.65685, 0]},
			"faces": {
				"north": {"uv": [3.5, 10.5, 4, 11.5], "texture": "#0"},
				"east": {"uv": [4, 10.5, 4.5, 11.5], "texture": "#0"},
				"south": {"uv": [10.5, 4.5, 11, 5.5], "texture": "#0"},
				"west": {"uv": [5, 10.5, 5.5, 11.5], "texture": "#0"},
				"up": {"uv": [12, 5, 11.5, 4.5], "texture": "#0"},
				"down": {"uv": [5.5, 11.5, 5, 12], "texture": "#0"}
			}
		}
	],
	"display": {
		"thirdperson_righthand": {
			"rotation": [0, 90, 0],
			"translation": [0, 1.25, 0.5],
			"scale": [1.75, 1.75, 1.75]
		},
		"thirdperson_lefthand": {
			"rotation": [0, -90, 0],
			"translation": [0, 1.25, 0.5],
			"scale": [1.75, 1.75, 1.75]
		},
		"firstperson_righthand": {
			"rotation": [-10, 90, 0],
			"translation": [4, -0.5, -2],
			"scale": [0.8, 0.8, 0.8]
		},
		"firstperson_lefthand": {
			"rotation": [-10, -90, 0],
			"translation": [4, -0.5, -2],
			"scale": [0.8, 0.8, 0.8]
		},
		"gui": {
			"rotation": [-20, -30, -30],
			"translation": [0, -1.5, 0],
			"scale": [1, 0.9, 1]
		}
	}
}