{
	"credit": "Made with Blockbench by ProbsWinter",
	"texture_size": [32, 32],
	"textures": {
		"0": "item/archangel",
		"particle": "item/archangel"
	},
	"elements": [
		{
			"from": [7.5, -9, 7.5],
			"to": [8.5, 18.99, 8.5],
			"rotation": {"angle": 0, "axis": "y", "origin": [0, -5, 0]},
			"faces": {
				"north": {"uv": [0, 0, 0.5, 14], "texture": "#0"},
				"east": {"uv": [0.5, 0, 1, 14], "texture": "#0"},
				"south": {"uv": [1, 0, 1.5, 14], "texture": "#0"},
				"west": {"uv": [1.5, 0, 2, 14], "texture": "#0"},
				"up": {"uv": [9, 8, 8.5, 7.5], "texture": "#0"},
				"down": {"uv": [12.5, 9.5, 12, 10], "texture": "#0"}
			}
		},
		{
			"from": [7.3, -0.2, 7.3],
			"to": [8.7, 1.2, 8.7],
			"rotation": {"angle": 0, "axis": "y", "origin": [0, -5, 0]},
			"faces": {
				"north": {"uv": [8.5, 15, 9, 15.5], "texture": "#0"},
				"east": {"uv": [15, 8.5, 15.5, 9], "texture": "#0"},
				"south": {"uv": [9, 15, 9.5, 15.5], "texture": "#0"},
				"west": {"uv": [15, 9, 15.5, 9.5], "texture": "#0"},
				"up": {"uv": [10, 15.5, 9.5, 15], "texture": "#0"},
				"down": {"uv": [15.5, 9.5, 15, 10], "texture": "#0"}
			}
		},
		{
			"from": [7.3, -4.2, 7.3],
			"to": [8.7, -2.8, 8.7],
			"rotation": {"angle": 0, "axis": "y", "origin": [0, -7, 0]},
			"faces": {
				"north": {"uv": [10, 15, 10.5, 15.5], "texture": "#0"},
				"east": {"uv": [15, 10, 15.5, 10.5], "texture": "#0"},
				"south": {"uv": [10.5, 15, 11, 15.5], "texture": "#0"},
				"west": {"uv": [15, 10.5, 15.5, 11], "texture": "#0"},
				"up": {"uv": [11.5, 15.5, 11, 15], "texture": "#0"},
				"down": {"uv": [15.5, 11, 15, 11.5], "texture": "#0"}
			}
		},
		{
			"from": [7, 17, 7.005],
			"to": [9, 19, 8.995],
			"rotation": {"angle": 0, "axis": "y", "origin": [0, -3, 0]},
			"faces": {
				"north": {"uv": [9, 7, 10, 8], "texture": "#0"},
				"east": {"uv": [8, 9, 9, 10], "texture": "#0"},
				"south": {"uv": [9, 8, 10, 9], "texture": "#0"},
				"west": {"uv": [9, 9, 10, 10], "texture": "#0"},
				"up": {"uv": [10.5, 3.5, 9.5, 2.5], "texture": "#0"},
				"down": {"uv": [10.5, 3.5, 9.5, 4.5], "texture": "#0"}
			}
		},
		{
			"from": [11.75, 16.7008, 7.52],
			"to": [12.75, 20.0043, 8.48],
			"rotation": {"angle": -45, "axis": "z", "origin": [10.89458, 20.74629, 8]},
			"faces": {
				"north": {"uv": [11.5, 7, 12, 8.5], "texture": "#0"},
				"east": {"uv": [11.5, 8.5, 12, 10], "texture": "#0"},
				"south": {"uv": [10.5, 11.5, 11, 13], "texture": "#0"},
				"west": {"uv": [11, 11.5, 11.5, 13], "texture": "#0"},
				"up": {"uv": [15, 3.5, 14.5, 3], "texture": "#0"},
				"down": {"uv": [4, 14.5, 3.5, 15], "texture": "#0"}
			}
		},
		{
			"from": [12.46536, 11.41471, 7.51],
			"to": [13.17247, 12.12182, 8.49],
			"rotation": {"angle": 45, "axis": "z", "origin": [2.01044, 19.75406, 7.98]},
			"faces": {
				"north": {"uv": [14.5, 1.5, 15, 2], "texture": "#0"},
				"east": {"uv": [2, 14.5, 2.5, 15], "texture": "#0"},
				"south": {"uv": [14.5, 2, 15, 2.5], "texture": "#0"},
				"west": {"uv": [2.5, 14.5, 3, 15], "texture": "#0"},
				"up": {"uv": [15, 3, 14.5, 2.5], "texture": "#0"},
				"down": {"uv": [3.5, 14.5, 3, 15], "texture": "#0"}
			}
		},
		{
			"from": [12.3, 21.25, 7.505],
			"to": [15.3, 22.25, 8.495],
			"rotation": {"angle": 0, "axis": "y", "origin": [10.89458, 19.74629, 8]},
			"faces": {
				"north": {"uv": [11.5, 2, 13, 2.5], "texture": "#0"},
				"east": {"uv": [14.5, 1, 15, 1.5], "texture": "#0"},
				"south": {"uv": [11.5, 2.5, 13, 3], "texture": "#0"},
				"west": {"uv": [1.5, 14.5, 2, 15], "texture": "#0"},
				"up": {"uv": [13, 3.5, 11.5, 3], "texture": "#0"},
				"down": {"uv": [13, 4.5, 11.5, 5], "texture": "#0"}
			}
		},
		{
			"from": [12.13804, 15.04082, 7.505],
			"to": [12.84515, 15.74793, 8.495],
			"rotation": {"angle": 22.5, "axis": "z", "origin": [2.68311, 23.38017, 7.98]},
			"faces": {
				"north": {"uv": [14, 14, 14.5, 14.5], "texture": "#0"},
				"east": {"uv": [0, 14.5, 0.5, 15], "texture": "#0"},
				"south": {"uv": [14.5, 0, 15, 0.5], "texture": "#0"},
				"west": {"uv": [0.5, 14.5, 1, 15], "texture": "#0"},
				"up": {"uv": [15, 1, 14.5, 0.5], "texture": "#0"},
				"down": {"uv": [1.5, 14.5, 1, 15], "texture": "#0"}
			}
		},
		{
			"from": [13.37591, 17.83589, 7.515],
			"to": [14.08302, 18.543, 8.485],
			"rotation": {"angle": 0, "axis": "y", "origin": [4.92098, 26.17524, 7.99]},
			"faces": {
				"north": {"uv": [12.5, 14, 13, 14.5], "texture": "#0"},
				"east": {"uv": [14, 12.5, 14.5, 13], "texture": "#0"},
				"south": {"uv": [13, 14, 13.5, 14.5], "texture": "#0"},
				"west": {"uv": [14, 13, 14.5, 13.5], "texture": "#0"},
				"up": {"uv": [14, 14.5, 13.5, 14], "texture": "#0"},
				"down": {"uv": [14.5, 13.5, 14, 14], "texture": "#0"}
			}
		},
		{
			"from": [11.5, 20.75, 7.5],
			"to": [14.5, 21.75, 8.5],
			"rotation": {"angle": -22.5, "axis": "z", "origin": [10.89458, 19.74629, 8]},
			"faces": {
				"north": {"uv": [11, 10.5, 12.5, 11], "texture": "#0"},
				"east": {"uv": [12, 14, 12.5, 14.5], "texture": "#0"},
				"south": {"uv": [11.5, 0.5, 13, 1], "texture": "#0"},
				"west": {"uv": [14, 12, 14.5, 12.5], "texture": "#0"},
				"up": {"uv": [13, 1.5, 11.5, 1], "texture": "#0"},
				"down": {"uv": [13, 1.5, 11.5, 2], "texture": "#0"}
			}
		},
		{
			"from": [11, 20.15, 7.51],
			"to": [14, 21.15, 8.49],
			"rotation": {"angle": -45, "axis": "z", "origin": [10.89458, 19.74629, 8]},
			"faces": {
				"north": {"uv": [11, 3.5, 12.5, 4], "texture": "#0"},
				"east": {"uv": [11.5, 14, 12, 14.5], "texture": "#0"},
				"south": {"uv": [11, 4, 12.5, 4.5], "texture": "#0"},
				"west": {"uv": [14, 11.5, 14.5, 12], "texture": "#0"},
				"up": {"uv": [12.5, 10.5, 11, 10], "texture": "#0"},
				"down": {"uv": [12, 11, 10.5, 11.5], "texture": "#0"}
			}
		},
		{
			"from": [15.56033, 19.80194, 7.52],
			"to": [16.26744, 20.50904, 8.48],
			"rotation": {"angle": -22.5, "axis": "z", "origin": [7.1054, 28.14129, 8]},
			"faces": {
				"north": {"uv": [9.5, 14, 10, 14.5], "texture": "#0"},
				"east": {"uv": [10, 14, 10.5, 14.5], "texture": "#0"},
				"south": {"uv": [10.5, 14, 11, 14.5], "texture": "#0"},
				"west": {"uv": [14, 10.5, 14.5, 11], "texture": "#0"},
				"up": {"uv": [11.5, 14.5, 11, 14], "texture": "#0"},
				"down": {"uv": [14.5, 11, 14, 11.5], "texture": "#0"}
			}
		},
		{
			"from": [10.43965, 17.40693, 7.51],
			"to": [11.43965, 22.40693, 8.49],
			"rotation": {"angle": -22.5, "axis": "z", "origin": [10.89458, 20.74629, 8]},
			"faces": {
				"north": {"uv": [4, 7.5, 4.5, 10], "texture": "#0"},
				"east": {"uv": [4.5, 7.5, 5, 10], "texture": "#0"},
				"south": {"uv": [5, 7.5, 5.5, 10], "texture": "#0"},
				"west": {"uv": [5.5, 7.5, 6, 10], "texture": "#0"},
				"up": {"uv": [9, 14.5, 8.5, 14], "texture": "#0"},
				"down": {"uv": [9.5, 14, 9, 14.5], "texture": "#0"}
			}
		},
		{
			"from": [11.34441, 20.60686, 7.505],
			"to": [12.34441, 22.60686, 8.495],
			"rotation": {"angle": 0, "axis": "y", "origin": [10.89458, 20.74629, 8]},
			"faces": {
				"north": {"uv": [13, 2, 13.5, 3], "texture": "#0"},
				"east": {"uv": [13, 3, 13.5, 4], "texture": "#0"},
				"south": {"uv": [13, 4, 13.5, 5], "texture": "#0"},
				"west": {"uv": [13, 5, 13.5, 6], "texture": "#0"},
				"up": {"uv": [14.5, 8, 14, 7.5], "texture": "#0"},
				"down": {"uv": [14.5, 8, 14, 8.5], "texture": "#0"}
			}
		},
		{
			"from": [11.01836, 20.17289, 7.52],
			"to": [12.01836, 21.67289, 8.48],
			"rotation": {"angle": -45, "axis": "z", "origin": [10.89458, 20.74629, 8]},
			"faces": {
				"north": {"uv": [14, 5.5, 14.5, 6], "texture": "#0"},
				"east": {"uv": [14, 6, 14.5, 6.5], "texture": "#0"},
				"south": {"uv": [14, 6.5, 14.5, 7], "texture": "#0"},
				"west": {"uv": [7, 14, 7.5, 14.5], "texture": "#0"},
				"up": {"uv": [14.5, 7.5, 14, 7], "texture": "#0"},
				"down": {"uv": [8, 14, 7.5, 14.5], "texture": "#0"}
			}
		},
		{
			"from": [9.10367, 21.18313, 7.5],
			"to": [10.10367, 24.18313, 8.5],
			"rotation": {"angle": -45, "axis": "z", "origin": [10.89458, 19.74629, 8]},
			"faces": {
				"north": {"uv": [11, 8.5, 11.5, 10], "texture": "#0"},
				"east": {"uv": [9, 11, 9.5, 12.5], "texture": "#0"},
				"south": {"uv": [9.5, 11, 10, 12.5], "texture": "#0"},
				"west": {"uv": [10, 11, 10.5, 12.5], "texture": "#0"},
				"up": {"uv": [5.5, 14.5, 5, 14], "texture": "#0"},
				"down": {"uv": [6, 14, 5.5, 14.5], "texture": "#0"}
			}
		},
		{
			"from": [12.76554, 23.44286, 7.505],
			"to": [13.47265, 24.14997, 8.495],
			"rotation": {"angle": 0, "axis": "y", "origin": [10.89458, 19.74629, 8]},
			"faces": {
				"north": {"uv": [14, 2, 14.5, 2.5], "texture": "#0"},
				"east": {"uv": [2.5, 14, 3, 14.5], "texture": "#0"},
				"south": {"uv": [3, 14, 3.5, 14.5], "texture": "#0"},
				"west": {"uv": [3.5, 14, 4, 14.5], "texture": "#0"},
				"up": {"uv": [4.5, 14.5, 4, 14], "texture": "#0"},
				"down": {"uv": [5, 14, 4.5, 14.5], "texture": "#0"}
			}
		},
		{
			"from": [9.56035, 13.40693, 7.515],
			"to": [10.56035, 16.40693, 8.485],
			"rotation": {"angle": 22.5, "axis": "z", "origin": [1.10542, 20.74629, 8]},
			"faces": {
				"north": {"uv": [11, 2, 11.5, 3.5], "texture": "#0"},
				"east": {"uv": [7, 11, 7.5, 12.5], "texture": "#0"},
				"south": {"uv": [11, 7, 11.5, 8.5], "texture": "#0"},
				"west": {"uv": [7.5, 11, 8, 12.5], "texture": "#0"},
				"up": {"uv": [14.5, 2, 14, 1.5], "texture": "#0"},
				"down": {"uv": [2.5, 14, 2, 14.5], "texture": "#0"}
			}
		},
		{
			"from": [7.58579, -9.5, 7.505],
			"to": [8.29289, -8.79289, 8.495],
			"rotation": {"angle": 45, "axis": "z", "origin": [7.79289, -9, 8]},
			"faces": {
				"north": {"uv": [11.5, 13.5, 12, 14], "texture": "#0"},
				"east": {"uv": [12, 13.5, 12.5, 14], "texture": "#0"},
				"south": {"uv": [12.5, 13.5, 13, 14], "texture": "#0"},
				"west": {"uv": [13, 13.5, 13.5, 14], "texture": "#0"},
				"up": {"uv": [14, 13.5, 13.5, 13], "texture": "#0"},
				"down": {"uv": [14, 13.5, 13.5, 14], "texture": "#0"}
			}
		},
		{
			"from": [7.5, -10.00956, 7.505],
			"to": [8.5, -7.00956, 8.495],
			"rotation": {"angle": 22.5, "axis": "z", "origin": [-0.16084, -5.50956, -0.5]},
			"faces": {
				"north": {"uv": [6, 10.5, 6.5, 12], "texture": "#0"},
				"east": {"uv": [6.5, 10.5, 7, 12], "texture": "#0"},
				"south": {"uv": [10.5, 8, 11, 9.5], "texture": "#0"},
				"west": {"uv": [8.5, 10.5, 9, 12], "texture": "#0"},
				"up": {"uv": [13, 0.5, 12.5, 0], "texture": "#0"},
				"down": {"uv": [9, 13.5, 8.5, 14], "texture": "#0"}
			}
		},
		{
			"from": [7.5, -10.00956, 7.505],
			"to": [8.5, -7.00956, 8.495],
			"rotation": {"angle": -22.5, "axis": "z", "origin": [16.16084, -5.50956, -0.5]},
			"faces": {
				"north": {"uv": [3, 12.5, 3.5, 14], "texture": "#0"},
				"east": {"uv": [3.5, 12.5, 4, 14], "texture": "#0"},
				"south": {"uv": [4, 12.5, 4.5, 14], "texture": "#0"},
				"west": {"uv": [4.5, 12.5, 5, 14], "texture": "#0"},
				"up": {"uv": [4.5, 15.5, 4, 15], "texture": "#0"},
				"down": {"uv": [15.5, 4, 15, 4.5], "texture": "#0"}
			}
		},
		{
			"from": [8.5, 14.00956, 7.505],
			"to": [9.5, 17.00956, 8.495],
			"rotation": {"angle": 22.5, "axis": "z", "origin": [16.16084, 11.50956, -0.5]},
			"faces": {
				"north": {"uv": [9, 12.5, 9.5, 14], "texture": "#0"},
				"east": {"uv": [9.5, 12.5, 10, 14], "texture": "#0"},
				"south": {"uv": [12.5, 9.5, 13, 11], "texture": "#0"},
				"west": {"uv": [10, 12.5, 10.5, 14], "texture": "#0"},
				"up": {"uv": [8.5, 15.5, 8, 15], "texture": "#0"},
				"down": {"uv": [15.5, 8, 15, 8.5], "texture": "#0"}
			}
		},
		{
			"from": [6.5, 14.00956, 7.505],
			"to": [7.5, 17.00956, 8.495],
			"rotation": {"angle": -22.5, "axis": "z", "origin": [-0.16084, 11.50956, -0.5]},
			"faces": {
				"north": {"uv": [5, 12.5, 5.5, 14], "texture": "#0"},
				"east": {"uv": [5.5, 12.5, 6, 14], "texture": "#0"},
				"south": {"uv": [7, 12.5, 7.5, 14], "texture": "#0"},
				"west": {"uv": [7.5, 12.5, 8, 14], "texture": "#0"},
				"up": {"uv": [8, 15.5, 7.5, 15], "texture": "#0"},
				"down": {"uv": [15.5, 7.5, 15, 8], "texture": "#0"}
			}
		},
		{
			"from": [7.15, -5, 7.505],
			"to": [8.15, -3, 8.495],
			"rotation": {"angle": -22.5, "axis": "z", "origin": [-0.16084, -7.49044, -0.5]},
			"faces": {
				"north": {"uv": [12.5, 3.5, 13, 4.5], "texture": "#0"},
				"east": {"uv": [12.5, 12, 13, 13], "texture": "#0"},
				"south": {"uv": [13, 0, 13.5, 1], "texture": "#0"},
				"west": {"uv": [13, 1, 13.5, 2], "texture": "#0"},
				"up": {"uv": [14, 11, 13.5, 10.5], "texture": "#0"},
				"down": {"uv": [14, 11, 13.5, 11.5], "texture": "#0"}
			}
		},
		{
			"from": [7.85, -5, 7.505],
			"to": [8.85, -3, 8.495],
			"rotation": {"angle": 22.5, "axis": "z", "origin": [16.16084, -7.49044, -0.5]},
			"faces": {
				"north": {"uv": [6.5, 13.5, 7, 14.5], "texture": "#0"},
				"east": {"uv": [13.5, 6.5, 14, 7.5], "texture": "#0"},
				"south": {"uv": [13.5, 7.5, 14, 8.5], "texture": "#0"},
				"west": {"uv": [8, 13.5, 8.5, 14.5], "texture": "#0"},
				"up": {"uv": [5, 15.5, 4.5, 15], "texture": "#0"},
				"down": {"uv": [15.5, 4.5, 15, 5], "texture": "#0"}
			}
		},
		{
			"from": [7.85, 16, 8],
			"to": [8.85, 20, 8],
			"rotation": {"angle": 22.5, "axis": "z", "origin": [16.16084, 13.50956, -0.5]},
			"faces": {
				"north": {"uv": [5, 10.5, 5.5, 12.5], "texture": "#0"},
				"east": {"uv": [0, 0, 0, 2], "texture": "#0"},
				"south": {"uv": [5.5, 10.5, 6, 12.5], "texture": "#0"},
				"west": {"uv": [0, 0, 0, 2], "texture": "#0"},
				"up": {"uv": [0.5, 0, 0, 0], "texture": "#0"},
				"down": {"uv": [0.5, 0, 0, 0], "texture": "#0"}
			}
		},
		{
			"from": [7.15, 16, 8],
			"to": [8.15, 20, 8],
			"rotation": {"angle": -22.5, "axis": "z", "origin": [-0.16084, 13.50956, -0.5]},
			"faces": {
				"north": {"uv": [10.5, 0.5, 11, 2.5], "texture": "#0"},
				"east": {"uv": [0, 0, 0, 2], "texture": "#0"},
				"south": {"uv": [10.5, 2.5, 11, 4.5], "texture": "#0"},
				"west": {"uv": [0, 0, 0, 2], "texture": "#0"},
				"up": {"uv": [0.5, 0, 0, 0], "texture": "#0"},
				"down": {"uv": [0.5, 0, 0, 0], "texture": "#0"}
			}
		},
		{
			"from": [6, -7, 7],
			"to": [8, -5, 9],
			"rotation": {"angle": 45, "axis": "z", "origin": [8, -5, 8]},
			"faces": {
				"north": {"uv": [6, 8, 7, 9], "texture": "#0"},
				"east": {"uv": [7, 8, 8, 9], "texture": "#0"},
				"south": {"uv": [8, 8, 9, 9], "texture": "#0"},
				"west": {"uv": [6, 9, 7, 10], "texture": "#0"},
				"up": {"uv": [10, 7, 9, 6], "texture": "#0"},
				"down": {"uv": [8, 9, 7, 10], "texture": "#0"}
			}
		},
		{
			"from": [7.5, 17.5, 6.75],
			"to": [8.5, 18.5, 9.25],
			"rotation": {"angle": 45, "axis": "z", "origin": [8, 18, 8]},
			"faces": {
				"north": {"uv": [0, 14, 0.5, 14.5], "texture": "#0"},
				"east": {"uv": [8, 2.5, 9.5, 3], "texture": "#0"},
				"south": {"uv": [0.5, 14, 1, 14.5], "texture": "#0"},
				"west": {"uv": [9, 10.5, 10.5, 11], "texture": "#0"},
				"up": {"uv": [11, 11, 10.5, 9.5], "texture": "#0"},
				"down": {"uv": [11.5, 0.5, 11, 2], "texture": "#0"}
			}
		},
		{
			"from": [5.5, 17.5, 7.5075],
			"to": [10.5, 18.5, 8.4925],
			"rotation": {"angle": 45, "axis": "z", "origin": [8, 18, 8]},
			"faces": {
				"north": {"uv": [7, 3, 9.5, 3.5], "texture": "#0"},
				"east": {"uv": [14, 0.5, 14.5, 1], "texture": "#0"},
				"south": {"uv": [7, 3.5, 9.5, 4], "texture": "#0"},
				"west": {"uv": [1, 14, 1.5, 14.5], "texture": "#0"},
				"up": {"uv": [6.5, 7.5, 4, 7], "texture": "#0"},
				"down": {"uv": [9.5, 4, 7, 4.5], "texture": "#0"}
			}
		},
		{
			"from": [5.4, 19, 7.51],
			"to": [6.4, 21, 8.49],
			"rotation": {"angle": 45, "axis": "z", "origin": [8, 18, 8]},
			"faces": {
				"north": {"uv": [13, 9.5, 13.5, 10.5], "texture": "#0"},
				"east": {"uv": [10.5, 13, 11, 14], "texture": "#0"},
				"south": {"uv": [13, 10.5, 13.5, 11.5], "texture": "#0"},
				"west": {"uv": [11, 13, 11.5, 14], "texture": "#0"},
				"up": {"uv": [15, 5, 14.5, 4.5], "texture": "#0"},
				"down": {"uv": [5.5, 14.5, 5, 15], "texture": "#0"}
			}
		},
		{
			"from": [4, 16, 7.515],
			"to": [6, 17, 8.485],
			"rotation": {"angle": -22.5, "axis": "z", "origin": [8, 18, 8]},
			"faces": {
				"north": {"uv": [13.5, 8.5, 14.5, 9], "texture": "#0"},
				"east": {"uv": [5, 15, 5.5, 15.5], "texture": "#0"},
				"south": {"uv": [13.5, 9, 14.5, 9.5], "texture": "#0"},
				"west": {"uv": [15, 5, 15.5, 5.5], "texture": "#0"},
				"up": {"uv": [14.5, 10, 13.5, 9.5], "texture": "#0"},
				"down": {"uv": [14.5, 10, 13.5, 10.5], "texture": "#0"}
			}
		},
		{
			"from": [5, 17.5, 7.505],
			"to": [8, 18.5, 8.495],
			"rotation": {"angle": 22.5, "axis": "z", "origin": [8, 18, 8]},
			"faces": {
				"north": {"uv": [11.5, 5, 13, 5.5], "texture": "#0"},
				"east": {"uv": [14.5, 3.5, 15, 4], "texture": "#0"},
				"south": {"uv": [11.5, 5.5, 13, 6], "texture": "#0"},
				"west": {"uv": [4, 14.5, 4.5, 15], "texture": "#0"},
				"up": {"uv": [13, 12, 11.5, 11.5], "texture": "#0"},
				"down": {"uv": [3.5, 12, 2, 12.5], "texture": "#0"}
			}
		},
		{
			"from": [0, 19.5, 7.35],
			"to": [6, 23.5, 8.65],
			"rotation": {"angle": 22.5, "axis": "z", "origin": [8, 18, 8]},
			"faces": {
				"north": {"uv": [2, 0, 5, 2], "texture": "#0"},
				"east": {"uv": [4, 10, 4.5, 12], "texture": "#0"},
				"south": {"uv": [2, 2, 5, 4], "texture": "#0"},
				"west": {"uv": [4.5, 10, 5, 12], "texture": "#0"},
				"up": {"uv": [9, 6.5, 6, 6], "texture": "#0"},
				"down": {"uv": [9, 6.5, 6, 7], "texture": "#0"}
			}
		},
		{
			"from": [-1.24755, 22.42055, 7.4],
			"to": [3.75245, 26.42055, 8.6],
			"rotation": {"angle": 45, "axis": "z", "origin": [6.75245, 20.92055, 8]},
			"faces": {
				"north": {"uv": [2, 4, 4.5, 6], "texture": "#0"},
				"east": {"uv": [8, 10, 8.5, 12], "texture": "#0"},
				"south": {"uv": [4.5, 4, 7, 6], "texture": "#0"},
				"west": {"uv": [10, 8, 10.5, 10], "texture": "#0"},
				"up": {"uv": [10.5, 2, 8, 1.5], "texture": "#0"},
				"down": {"uv": [10.5, 2, 8, 2.5], "texture": "#0"}
			}
		},
		{
			"from": [-1.73257, 22.37818, 7.51],
			"to": [0.26743, 25.37818, 8.49],
			"rotation": {"angle": 22.5, "axis": "z", "origin": [11.26743, 19.87818, 8]},
			"faces": {
				"north": {"uv": [7, 0, 8, 1.5], "texture": "#0"},
				"east": {"uv": [8, 12, 8.5, 13.5], "texture": "#0"},
				"south": {"uv": [7, 1.5, 8, 3], "texture": "#0"},
				"west": {"uv": [8.5, 12, 9, 13.5], "texture": "#0"},
				"up": {"uv": [14, 13, 13, 12.5], "texture": "#0"},
				"down": {"uv": [14.5, 0, 13.5, 0.5], "texture": "#0"}
			}
		},
		{
			"from": [-3.73257, 22.37818, 7.51],
			"to": [-1.73257, 24.37818, 8.49],
			"rotation": {"angle": 22.5, "axis": "z", "origin": [11.26743, 19.87818, 8]},
			"faces": {
				"north": {"uv": [7, 10, 8, 11], "texture": "#0"},
				"east": {"uv": [13.5, 0.5, 14, 1.5], "texture": "#0"},
				"south": {"uv": [10, 7, 11, 8], "texture": "#0"},
				"west": {"uv": [13.5, 1.5, 14, 2.5], "texture": "#0"},
				"up": {"uv": [14.5, 3, 13.5, 2.5], "texture": "#0"},
				"down": {"uv": [14.5, 3, 13.5, 3.5], "texture": "#0"}
			}
		},
		{
			"from": [-8.9663, 28.78793, 7.525],
			"to": [-6.7663, 29.78793, 8.475],
			"rotation": {"angle": 45, "axis": "z", "origin": [10.23372, 25.28793, 8]},
			"faces": {
				"north": {"uv": [13.5, 3.5, 14.5, 4], "texture": "#0"},
				"east": {"uv": [1.5, 15, 2, 15.5], "texture": "#0"},
				"south": {"uv": [13.5, 4, 14.5, 4.5], "texture": "#0"},
				"west": {"uv": [15, 1.5, 15.5, 2], "texture": "#0"},
				"up": {"uv": [14.5, 5, 13.5, 4.5], "texture": "#0"},
				"down": {"uv": [14.5, 5, 13.5, 5.5], "texture": "#0"}
			}
		},
		{
			"from": [-6.76628, 28.78793, 7.515],
			"to": [-2.76628, 30.78793, 8.485],
			"rotation": {"angle": 45, "axis": "z", "origin": [10.23372, 25.28793, 8]},
			"faces": {
				"north": {"uv": [5, 3, 7, 4], "texture": "#0"},
				"east": {"uv": [13.5, 5.5, 14, 6.5], "texture": "#0"},
				"south": {"uv": [4, 6, 6, 7], "texture": "#0"},
				"west": {"uv": [6, 13.5, 6.5, 14.5], "texture": "#0"},
				"up": {"uv": [10.5, 10.5, 8.5, 10], "texture": "#0"},
				"down": {"uv": [12.5, 0, 10.5, 0.5], "texture": "#0"}
			}
		},
		{
			"from": [-1.17373, 8.79156, 7.52],
			"to": [-0.17373, 11.79156, 8.48],
			"rotation": {"angle": -22.5, "axis": "z", "origin": [10.05998, 25.79156, 8]},
			"faces": {
				"north": {"uv": [11.5, 12, 12, 13.5], "texture": "#0"},
				"east": {"uv": [12, 12, 12.5, 13.5], "texture": "#0"},
				"south": {"uv": [2, 12.5, 2.5, 14], "texture": "#0"},
				"west": {"uv": [2.5, 12.5, 3, 14], "texture": "#0"},
				"up": {"uv": [2.5, 15.5, 2, 15], "texture": "#0"},
				"down": {"uv": [15.5, 2, 15, 2.5], "texture": "#0"}
			}
		},
		{
			"from": [-0.805, 13.76421, 7.525],
			"to": [-0.0979, 14.47131, 8.475],
			"rotation": {"angle": 22.5, "axis": "z", "origin": [-3.59657, -0.70242, 8]},
			"faces": {
				"north": {"uv": [2.5, 15, 3, 15.5], "texture": "#0"},
				"east": {"uv": [15, 2.5, 15.5, 3], "texture": "#0"},
				"south": {"uv": [3, 15, 3.5, 15.5], "texture": "#0"},
				"west": {"uv": [15, 3, 15.5, 3.5], "texture": "#0"},
				"up": {"uv": [4, 15.5, 3.5, 15], "texture": "#0"},
				"down": {"uv": [15.5, 3.5, 15, 4], "texture": "#0"}
			}
		},
		{
			"from": [5, 21.5, 7.495],
			"to": [9, 24.5, 8.505],
			"rotation": {"angle": 45, "axis": "z", "origin": [8, 18, 8]},
			"faces": {
				"north": {"uv": [5, 0, 7, 1.5], "texture": "#0"},
				"east": {"uv": [6, 12, 6.5, 13.5], "texture": "#0"},
				"south": {"uv": [5, 1.5, 7, 3], "texture": "#0"},
				"west": {"uv": [6.5, 12, 7, 13.5], "texture": "#0"},
				"up": {"uv": [11.5, 5, 9.5, 4.5], "texture": "#0"},
				"down": {"uv": [11.5, 5, 9.5, 5.5], "texture": "#0"}
			}
		},
		{
			"from": [7, 22.5, 7.5],
			"to": [12, 23.5, 8.5],
			"rotation": {"angle": 45, "axis": "z", "origin": [8, 18, 8]},
			"faces": {
				"north": {"uv": [6, 7.5, 8.5, 8], "texture": "#0"},
				"east": {"uv": [14.5, 12, 15, 12.5], "texture": "#0"},
				"south": {"uv": [8, 0, 10.5, 0.5], "texture": "#0"},
				"west": {"uv": [12.5, 14.5, 13, 15], "texture": "#0"},
				"up": {"uv": [10.5, 1, 8, 0.5], "texture": "#0"},
				"down": {"uv": [10.5, 1, 8, 1.5], "texture": "#0"}
			}
		},
		{
			"from": [4.39049, 22.66893, 7.495],
			"to": [5.39049, 23.66893, 8.505],
			"rotation": {"angle": -22.5, "axis": "z", "origin": [9.89049, 17.66893, 8]},
			"faces": {
				"north": {"uv": [14.5, 13, 15, 13.5], "texture": "#0"},
				"east": {"uv": [13.5, 14.5, 14, 15], "texture": "#0"},
				"south": {"uv": [14.5, 13.5, 15, 14], "texture": "#0"},
				"west": {"uv": [14, 14.5, 14.5, 15], "texture": "#0"},
				"up": {"uv": [15, 14.5, 14.5, 14], "texture": "#0"},
				"down": {"uv": [15, 14.5, 14.5, 15], "texture": "#0"}
			}
		},
		{
			"from": [3.04103, 20.4895, 7.495],
			"to": [4.04103, 21.4895, 8.505],
			"rotation": {"angle": -45, "axis": "z", "origin": [8.54103, 15.4895, 8]},
			"faces": {
				"north": {"uv": [0, 15, 0.5, 15.5], "texture": "#0"},
				"east": {"uv": [15, 0, 15.5, 0.5], "texture": "#0"},
				"south": {"uv": [0.5, 15, 1, 15.5], "texture": "#0"},
				"west": {"uv": [15, 0.5, 15.5, 1], "texture": "#0"},
				"up": {"uv": [1.5, 15.5, 1, 15], "texture": "#0"},
				"down": {"uv": [15.5, 1, 15, 1.5], "texture": "#0"}
			}
		},
		{
			"from": [7.28552, 21.34347, 7.505],
			"to": [10.08552, 22.34347, 8.495],
			"rotation": {"angle": 22.5, "axis": "z", "origin": [3.28552, 14.84347, 8]},
			"faces": {
				"north": {"uv": [12, 7.5, 13.5, 8], "texture": "#0"},
				"east": {"uv": [14.5, 11, 15, 11.5], "texture": "#0"},
				"south": {"uv": [12, 8, 13.5, 8.5], "texture": "#0"},
				"west": {"uv": [11.5, 14.5, 12, 15], "texture": "#0"},
				"up": {"uv": [13.5, 9, 12, 8.5], "texture": "#0"},
				"down": {"uv": [13.5, 9, 12, 9.5], "texture": "#0"}
			}
		},
		{
			"from": [7.28552, 19.5, 7.5],
			"to": [11.28552, 20.5, 8.5],
			"rotation": {"angle": 22.5, "axis": "z", "origin": [3.28552, 14.84347, 8]},
			"faces": {
				"north": {"uv": [9.5, 5.5, 11.5, 6], "texture": "#0"},
				"east": {"uv": [14.5, 11.5, 15, 12], "texture": "#0"},
				"south": {"uv": [5, 10, 7, 10.5], "texture": "#0"},
				"west": {"uv": [12, 14.5, 12.5, 15], "texture": "#0"},
				"up": {"uv": [12, 6.5, 10, 6], "texture": "#0"},
				"down": {"uv": [12, 6.5, 10, 7], "texture": "#0"}
			}
		},
		{
			"from": [6, 21, 7.505],
			"to": [8, 22, 8.495],
			"rotation": {"angle": 0, "axis": "y", "origin": [3.28552, 14.84347, 8]},
			"faces": {
				"north": {"uv": [12, 11, 13, 11.5], "texture": "#0"},
				"east": {"uv": [14.5, 12.5, 15, 13], "texture": "#0"},
				"south": {"uv": [13, 11.5, 14, 12], "texture": "#0"},
				"west": {"uv": [13, 14.5, 13.5, 15], "texture": "#0"},
				"up": {"uv": [14, 12.5, 13, 12], "texture": "#0"},
				"down": {"uv": [13.5, 13, 12.5, 13.5], "texture": "#0"}
			}
		},
		{
			"from": [8, 17.5, 7.505],
			"to": [11, 18.5, 8.495],
			"rotation": {"angle": -22.5, "axis": "z", "origin": [8, 18, 8]},
			"faces": {
				"north": {"uv": [3.5, 12, 5, 12.5], "texture": "#0"},
				"east": {"uv": [14.5, 4, 15, 4.5], "texture": "#0"},
				"south": {"uv": [12, 6, 13.5, 6.5], "texture": "#0"},
				"west": {"uv": [4.5, 14.5, 5, 15], "texture": "#0"},
				"up": {"uv": [13.5, 7, 12, 6.5], "texture": "#0"},
				"down": {"uv": [13.5, 7, 12, 7.5], "texture": "#0"}
			}
		},
		{
			"from": [5.5, 17.5, 7.51],
			"to": [10.5, 18.5, 8.49],
			"rotation": {"angle": -45, "axis": "z", "origin": [8, 18, 8]},
			"faces": {
				"north": {"uv": [7, 4.5, 9.5, 5], "texture": "#0"},
				"east": {"uv": [14, 1, 14.5, 1.5], "texture": "#0"},
				"south": {"uv": [7, 5, 9.5, 5.5], "texture": "#0"},
				"west": {"uv": [1.5, 14, 2, 14.5], "texture": "#0"},
				"up": {"uv": [9.5, 6, 7, 5.5], "texture": "#0"},
				"down": {"uv": [9, 7, 6.5, 7.5], "texture": "#0"}
			}
		},
		{
			"from": [5.5858, 19.4142, 7.5],
			"to": [6.5858, 20.4142, 8.5],
			"rotation": {"angle": 0, "axis": "y", "origin": [6.58579, 19.41421, 8]},
			"faces": {
				"north": {"uv": [14.5, 5, 15, 5.5], "texture": "#0"},
				"east": {"uv": [5.5, 14.5, 6, 15], "texture": "#0"},
				"south": {"uv": [14.5, 5.5, 15, 6], "texture": "#0"},
				"west": {"uv": [6, 14.5, 6.5, 15], "texture": "#0"},
				"up": {"uv": [15, 6.5, 14.5, 6], "texture": "#0"},
				"down": {"uv": [7, 14.5, 6.5, 15], "texture": "#0"}
			}
		},
		{
			"from": [9.4142, 19.4142, 7.5],
			"to": [10.4142, 20.4142, 8.5],
			"rotation": {"angle": 0, "axis": "y", "origin": [9.41421, 19.41421, 8]},
			"faces": {
				"north": {"uv": [14.5, 6.5, 15, 7], "texture": "#0"},
				"east": {"uv": [7, 14.5, 7.5, 15], "texture": "#0"},
				"south": {"uv": [14.5, 7, 15, 7.5], "texture": "#0"},
				"west": {"uv": [7.5, 14.5, 8, 15], "texture": "#0"},
				"up": {"uv": [15, 8, 14.5, 7.5], "texture": "#0"},
				"down": {"uv": [8.5, 14.5, 8, 15], "texture": "#0"}
			}
		},
		{
			"from": [9.4142, 15.5858, 7.5],
			"to": [10.4142, 16.5858, 8.5],
			"rotation": {"angle": 0, "axis": "y", "origin": [9.41421, -3.41421, 8]},
			"faces": {
				"north": {"uv": [14.5, 8, 15, 8.5], "texture": "#0"},
				"east": {"uv": [8.5, 14.5, 9, 15], "texture": "#0"},
				"south": {"uv": [14.5, 8.5, 15, 9], "texture": "#0"},
				"west": {"uv": [9, 14.5, 9.5, 15], "texture": "#0"},
				"up": {"uv": [15, 9.5, 14.5, 9], "texture": "#0"},
				"down": {"uv": [10, 14.5, 9.5, 15], "texture": "#0"}
			}
		},
		{
			"from": [20.938, 17.5579, 7.305],
			"to": [21.938, 18.5579, 8.695],
			"rotation": {"angle": 45, "axis": "z", "origin": [21.42794, -0.94213, 8.2]},
			"faces": {
				"north": {"uv": [6, 15, 6.5, 15.5], "texture": "#0"},
				"east": {"uv": [15, 6, 15.5, 6.5], "texture": "#0"},
				"south": {"uv": [6.5, 15, 7, 15.5], "texture": "#0"},
				"west": {"uv": [15, 6.5, 15.5, 7], "texture": "#0"},
				"up": {"uv": [7.5, 15.5, 7, 15], "texture": "#0"},
				"down": {"uv": [15.5, 7, 15, 7.5], "texture": "#0"}
			}
		},
		{
			"from": [5.5858, 15.5858, 7.5],
			"to": [6.5858, 16.5858, 8.5],
			"rotation": {"angle": 0, "axis": "y", "origin": [6.58579, -3.41421, 8]},
			"faces": {
				"north": {"uv": [14.5, 9.5, 15, 10], "texture": "#0"},
				"east": {"uv": [10, 14.5, 10.5, 15], "texture": "#0"},
				"south": {"uv": [14.5, 10, 15, 10.5], "texture": "#0"},
				"west": {"uv": [10.5, 14.5, 11, 15], "texture": "#0"},
				"up": {"uv": [15, 11, 14.5, 10.5], "texture": "#0"},
				"down": {"uv": [11.5, 14.5, 11, 15], "texture": "#0"}
			}
		}
	],
	"display": {
		"thirdperson_righthand": {
			"rotation": [0, -80, 0],
			"translation": [0, 0, 1],
			"scale": [1.5, 1.5, 1.5]
		},
		"thirdperson_lefthand": {
			"rotation": [0, 100, 0],
			"translation": [0, 0, 1],
			"scale": [1.5, 1.5, 1.5]
		},
		"firstperson_righthand": {
			"rotation": [-15, -90, 0],
			"translation": [4.5, 0, -0.25],
			"scale": [0.8, 0.8, 0.8]
		},
		"firstperson_lefthand": {
			"rotation": [-15, 90, 0],
			"translation": [4.5, 0, -0.25],
			"scale": [0.8, 0.8, 0.8]
		},
		"ground": {
			"rotation": [86, 0, 0]
		},
		"gui": {
			"rotation": [-23, 163, 35],
			"translation": [-2, 0, 0],
			"scale": [0.8, 0.8, 0.8]
		}
	}
}