{
	"credit": "Made with Blockbench by ProbsWinter",
	"texture_size": [32, 32],
	"textures": {
		"0": "anim/disc",
		"1": "item/convergence",
		"particle": "anim/disc"
	},
	"elements": [
		{
			"from": [5.07404, 18.89321, 7.5],
			"to": [7.07404, 20.09321, 8.25],
			"rotation": {"angle": 0, "axis": "y", "origin": [5.88869, 21.09293, -5.61722]},
			"faces": {
				"north": {"uv": [4, 0, 2, 1], "rotation": 180, "texture": "#0"},
				"east": {"uv": [0, 11, 1, 12], "rotation": 270, "texture": "#0"},
				"south": {"uv": [2, 3, 0, 2], "texture": "#0"},
				"west": {"uv": [1, 11, 2, 12], "rotation": 90, "texture": "#0"},
				"up": {"uv": [0, 0, 2, 1], "rotation": 180, "texture": "#0"},
				"down": {"uv": [0, 1, 2, 2], "texture": "#0"}
			}
		},
		{
			"from": [4.63041, 17.92905, 7.505],
			"to": [6.63041, 19.12905, 8.245],
			"rotation": {"angle": 22.5, "axis": "z", "origin": [5.44506, 20.12627, -5.61722]},
			"faces": {
				"north": {"uv": [4, 3, 2, 4], "rotation": 180, "texture": "#0"},
				"east": {"uv": [11, 1, 12, 2], "rotation": 270, "texture": "#0"},
				"south": {"uv": [2, 4, 0, 3], "texture": "#0"},
				"west": {"uv": [2, 11, 3, 12], "rotation": 90, "texture": "#0"},
				"up": {"uv": [2, 1, 4, 2], "rotation": 180, "texture": "#0"},
				"down": {"uv": [2, 2, 4, 3], "texture": "#0"}
			}
		},
		{
			"from": [4.58951, 16.86852, 7.5],
			"to": [6.58951, 18.06852, 8.25],
			"rotation": {"angle": 45, "axis": "z", "origin": [5.40417, 19.06574, -5.61722]},
			"faces": {
				"north": {"uv": [4, 4, 2, 5], "rotation": 180, "texture": "#0"},
				"east": {"uv": [11, 2, 12, 3], "rotation": 270, "texture": "#0"},
				"south": {"uv": [6, 2, 4, 1], "texture": "#0"},
				"west": {"uv": [3, 11, 4, 12], "rotation": 90, "texture": "#0"},
				"up": {"uv": [0, 4, 2, 5], "rotation": 180, "texture": "#0"},
				"down": {"uv": [4, 0, 6, 1], "texture": "#0"}
			}
		},
		{
			"from": [6.76945, 17.25563, 7.505],
			"to": [7.96945, 19.25563, 8.245],
			"rotation": {"angle": -22.5, "axis": "z", "origin": [5.77223, 18.07028, -5.61722]},
			"faces": {
				"north": {"uv": [1, 5, 0, 7], "rotation": 180, "texture": "#0"},
				"east": {"uv": [4, 2, 6, 3], "rotation": 270, "texture": "#0"},
				"south": {"uv": [5, 6, 4, 4], "texture": "#0"},
				"west": {"uv": [4, 3, 6, 4], "rotation": 90, "texture": "#0"},
				"up": {"uv": [4, 11, 5, 12], "rotation": 180, "texture": "#0"},
				"down": {"uv": [11, 4, 12, 5], "texture": "#0"}
			}
		},
		{
			"from": [7.49044, 16.4768, 7.5],
			"to": [8.69044, 18.4768, 8.25],
			"rotation": {"angle": 0, "axis": "y", "origin": [6.49322, 17.29146, -5.61722]},
			"faces": {
				"north": {"uv": [6, 5, 5, 7], "rotation": 180, "texture": "#0"},
				"east": {"uv": [1, 5, 3, 6], "rotation": 270, "texture": "#0"},
				"south": {"uv": [4, 7, 3, 5], "texture": "#0"},
				"west": {"uv": [5, 4, 7, 5], "rotation": 90, "texture": "#0"},
				"up": {"uv": [5, 11, 6, 12], "rotation": 180, "texture": "#0"},
				"down": {"uv": [6, 11, 7, 12], "texture": "#0"}
			}
		},
		{
			"from": [9.51513, 15.99227, 7.5],
			"to": [10.71513, 17.99227, 8.25],
			"rotation": {"angle": 45, "axis": "z", "origin": [8.51791, 16.80693, -5.61722]},
			"faces": {
				"north": {"uv": [5, 6, 4, 8], "rotation": 180, "texture": "#0"},
				"east": {"uv": [6, 0, 8, 1], "rotation": 270, "texture": "#0"},
				"south": {"uv": [7, 3, 6, 1], "texture": "#0"},
				"west": {"uv": [1, 6, 3, 7], "rotation": 90, "texture": "#0"},
				"up": {"uv": [7, 11, 8, 12], "rotation": 180, "texture": "#0"},
				"down": {"uv": [11, 7, 12, 8], "texture": "#0"}
			}
		},
		{
			"from": [8.32802, 18.17221, 7.505],
			"to": [10.32802, 19.37221, 8.245],
			"rotation": {"angle": -22.5, "axis": "z", "origin": [9.51336, 17.17499, -5.61722]},
			"faces": {
				"north": {"uv": [2, 7, 0, 8], "rotation": 180, "texture": "#0"},
				"east": {"uv": [11, 8, 12, 9], "rotation": 270, "texture": "#0"},
				"south": {"uv": [8, 7, 6, 6], "texture": "#0"},
				"west": {"uv": [9, 11, 10, 12], "rotation": 90, "texture": "#0"},
				"up": {"uv": [6, 3, 8, 4], "rotation": 180, "texture": "#0"},
				"down": {"uv": [6, 5, 8, 6], "texture": "#0"}
			}
		},
		{
			"from": [9.10685, 18.89321, 7.5],
			"to": [11.10685, 20.09321, 8.25],
			"rotation": {"angle": 0, "axis": "y", "origin": [10.29219, 17.89598, -5.61722]},
			"faces": {
				"north": {"uv": [9, 4, 7, 5], "rotation": 180, "texture": "#0"},
				"east": {"uv": [11, 10, 12, 11], "rotation": 270, "texture": "#0"},
				"south": {"uv": [9, 3, 7, 2], "texture": "#0"},
				"west": {"uv": [11, 11, 12, 12], "rotation": 90, "texture": "#0"},
				"up": {"uv": [7, 1, 9, 2], "rotation": 180, "texture": "#0"},
				"down": {"uv": [2, 7, 4, 8], "texture": "#0"}
			}
		},
		{
			"from": [9.55048, 19.85736, 7.505],
			"to": [11.55048, 21.05736, 8.245],
			"rotation": {"angle": 22.5, "axis": "z", "origin": [10.73582, 18.86014, -5.62222]},
			"faces": {
				"north": {"uv": [10, 0, 8, 1], "rotation": 180, "texture": "#0"},
				"east": {"uv": [0, 12, 1, 13], "rotation": 270, "texture": "#0"},
				"south": {"uv": [2, 9, 0, 8], "texture": "#0"},
				"west": {"uv": [12, 0, 13, 1], "rotation": 90, "texture": "#0"},
				"up": {"uv": [5, 7, 7, 8], "rotation": 180, "texture": "#0"},
				"down": {"uv": [7, 7, 9, 8], "texture": "#0"}
			}
		},
		{
			"from": [9.59138, 20.91789, 7.5],
			"to": [11.59138, 22.11789, 8.25],
			"rotation": {"angle": 45, "axis": "z", "origin": [10.77672, 19.92067, -5.62222]},
			"faces": {
				"north": {"uv": [10, 5, 8, 6], "rotation": 180, "texture": "#0"},
				"east": {"uv": [1, 12, 2, 13], "rotation": 270, "texture": "#0"},
				"south": {"uv": [6, 9, 4, 8], "texture": "#0"},
				"west": {"uv": [12, 1, 13, 2], "rotation": 90, "texture": "#0"},
				"up": {"uv": [2, 8, 4, 9], "rotation": 180, "texture": "#0"},
				"down": {"uv": [8, 3, 10, 4], "texture": "#0"}
			}
		},
		{
			"from": [8.21143, 19.73078, 7.505],
			"to": [9.41143, 21.73078, 8.245],
			"rotation": {"angle": -22.5, "axis": "z", "origin": [10.40866, 20.91613, -5.62222]},
			"faces": {
				"north": {"uv": [1, 9, 0, 11], "rotation": 180, "texture": "#0"},
				"east": {"uv": [6, 8, 8, 9], "rotation": 270, "texture": "#0"},
				"south": {"uv": [9, 10, 8, 8], "texture": "#0"},
				"west": {"uv": [8, 6, 10, 7], "rotation": 90, "texture": "#0"},
				"up": {"uv": [2, 12, 3, 13], "rotation": 180, "texture": "#0"},
				"down": {"uv": [12, 2, 13, 3], "texture": "#0"}
			}
		},
		{
			"from": [7.49044, 20.50961, 7.5],
			"to": [8.69044, 22.50961, 8.25],
			"rotation": {"angle": 0, "axis": "y", "origin": [9.68766, 21.69495, -5.62222]},
			"faces": {
				"north": {"uv": [5, 9, 4, 11], "rotation": 180, "texture": "#0"},
				"east": {"uv": [1, 9, 3, 10], "rotation": 270, "texture": "#0"},
				"south": {"uv": [4, 11, 3, 9], "texture": "#0"},
				"west": {"uv": [9, 1, 11, 2], "rotation": 90, "texture": "#0"},
				"up": {"uv": [3, 12, 4, 13], "rotation": 180, "texture": "#0"},
				"down": {"uv": [12, 3, 13, 4], "texture": "#0"}
			}
		},
		{
			"from": [6.52629, 20.95324, 7.505],
			"to": [7.72629, 22.95324, 8.245],
			"rotation": {"angle": 22.5, "axis": "z", "origin": [8.72351, 22.13859, -5.62222]},
			"faces": {
				"north": {"uv": [7, 9, 6, 11], "rotation": 180, "texture": "#0"},
				"east": {"uv": [9, 2, 11, 3], "rotation": 270, "texture": "#0"},
				"south": {"uv": [6, 11, 5, 9], "texture": "#0"},
				"west": {"uv": [9, 4, 11, 5], "rotation": 90, "texture": "#0"},
				"up": {"uv": [4, 12, 5, 13], "rotation": 180, "texture": "#0"},
				"down": {"uv": [12, 4, 13, 5], "texture": "#0"}
			}
		},
		{
			"from": [5.46576, 20.99414, 7.5],
			"to": [6.66576, 22.99414, 8.25],
			"rotation": {"angle": 45, "axis": "z", "origin": [7.66298, 22.17948, -5.62222]},
			"faces": {
				"north": {"uv": [10, 9, 9, 11], "rotation": 180, "texture": "#0"},
				"east": {"uv": [9, 7, 11, 8], "rotation": 270, "texture": "#0"},
				"south": {"uv": [8, 11, 7, 9], "texture": "#0"},
				"west": {"uv": [9, 8, 11, 9], "rotation": 90, "texture": "#0"},
				"up": {"uv": [5, 12, 6, 13], "rotation": 180, "texture": "#0"},
				"down": {"uv": [12, 5, 13, 6], "texture": "#0"}
			}
		},
		{
			"from": [5.85287, 19.6142, 7.505],
			"to": [7.85287, 20.8142, 8.245],
			"rotation": {"angle": -22.5, "axis": "z", "origin": [6.66752, 21.81142, -5.62222]},
			"faces": {
				"north": {"uv": [12, 5, 10, 6], "rotation": 180, "texture": "#0"},
				"east": {"uv": [6, 12, 7, 13], "rotation": 270, "texture": "#0"},
				"south": {"uv": [12, 4, 10, 3], "texture": "#0"},
				"west": {"uv": [12, 6, 13, 7], "rotation": 90, "texture": "#0"},
				"up": {"uv": [10, 0, 12, 1], "rotation": 180, "texture": "#0"},
				"down": {"uv": [1, 10, 3, 11], "texture": "#0"}
			}
		},
		{
			"from": [8.4546, 16.03317, 7.505],
			"to": [9.6546, 18.03317, 8.245],
			"rotation": {"angle": 22.5, "axis": "z", "origin": [7.45738, 16.84782, -5.61722]},
			"faces": {
				"north": {"uv": [11, 10, 10, 12], "rotation": 180, "texture": "#0"},
				"east": {"uv": [10, 6, 12, 7], "rotation": 270, "texture": "#0"},
				"south": {"uv": [9, 12, 8, 10], "texture": "#0"},
				"west": {"uv": [10, 9, 12, 10], "rotation": 90, "texture": "#0"},
				"up": {"uv": [7, 12, 8, 13], "rotation": 180, "texture": "#0"},
				"down": {"uv": [12, 7, 13, 8], "texture": "#0"}
			}
		},
		{
			"from": [6.66147, 30.80983, 7.505],
			"to": [7.73147, 31.87983, 8.495],
			"rotation": {"angle": 0, "axis": "y", "origin": [29.67858, 23.50928, 1]},
			"faces": {
				"north": {"uv": [8, 3, 8.5, 3.5], "texture": "#1"},
				"east": {"uv": [8, 13, 8.5, 13.5], "texture": "#1"},
				"south": {"uv": [13, 11, 13.5, 11.5], "texture": "#1"},
				"west": {"uv": [11.5, 13, 12, 13.5], "texture": "#1"},
				"up": {"uv": [13.5, 12, 13, 11.5], "texture": "#1"},
				"down": {"uv": [12.5, 13, 12, 13.5], "texture": "#1"}
			}
		},
		{
			"from": [-11.18296, 20.88893, 7.25],
			"to": [-10.29796, 21.77393, 8.75],
			"rotation": {"angle": -45, "axis": "z", "origin": [9.64915, 5.70338, 0.75]},
			"faces": {
				"north": {"uv": [12.5, 13, 13, 13.5], "texture": "#1"},
				"east": {"uv": [11.5, 6, 12.5, 6.5], "texture": "#1"},
				"south": {"uv": [13, 13, 13.5, 13.5], "texture": "#1"},
				"west": {"uv": [11.5, 6.5, 12.5, 7], "texture": "#1"},
				"up": {"uv": [7, 12.5, 6.5, 11.5], "texture": "#1"},
				"down": {"uv": [12, 7, 11.5, 8], "texture": "#1"}
			}
		},
		{
			"from": [-3, 22.375, 7.5],
			"to": [-2, 24.375, 8.5],
			"rotation": {"angle": -22.5, "axis": "z", "origin": [18.94711, 7.18945, 1]},
			"faces": {
				"north": {"uv": [11.5, 8, 12, 9], "texture": "#1"},
				"east": {"uv": [11.5, 9, 12, 10], "texture": "#1"},
				"south": {"uv": [11.5, 10, 12, 11], "texture": "#1"},
				"west": {"uv": [11.5, 11, 12, 12], "texture": "#1"},
				"up": {"uv": [14, 0.5, 13.5, 0], "texture": "#1"},
				"down": {"uv": [1, 13.5, 0.5, 14], "texture": "#1"}
			}
		},
		{
			"from": [14.17281, 29.48706, 7.505],
			"to": [14.87781, 30.19206, 8.495],
			"rotation": {"angle": 22.5, "axis": "z", "origin": [10.77492, 5.55151, 1]},
			"faces": {
				"north": {"uv": [13.5, 0.5, 14, 1], "texture": "#1"},
				"east": {"uv": [1, 13.5, 1.5, 14], "texture": "#1"},
				"south": {"uv": [13.5, 1, 14, 1.5], "texture": "#1"},
				"west": {"uv": [13.5, 1.5, 14, 2], "texture": "#1"},
				"up": {"uv": [14, 2.5, 13.5, 2], "texture": "#1"},
				"down": {"uv": [14, 2.5, 13.5, 3], "texture": "#1"}
			}
		},
		{
			"from": [-11.9187, 20.39442, 7.5],
			"to": [-10.4187, 22.39442, 8.5],
			"rotation": {"angle": -45, "axis": "z", "origin": [10.0284, 5.20887, 1]},
			"faces": {
				"north": {"uv": [9, 0, 10, 1], "texture": "#1"},
				"east": {"uv": [0, 12, 0.5, 13], "texture": "#1"},
				"south": {"uv": [9, 1, 10, 2], "texture": "#1"},
				"west": {"uv": [12, 0, 12.5, 1], "texture": "#1"},
				"up": {"uv": [1.5, 12.5, 0.5, 12], "texture": "#1"},
				"down": {"uv": [13, 1, 12, 1.5], "texture": "#1"}
			}
		},
		{
			"from": [16.93959, 25.59834, 7.505],
			"to": [17.46959, 26.12834, 8.495],
			"rotation": {"angle": 45, "axis": "z", "origin": [17.3667, 6.66279, 1]},
			"faces": {
				"north": {"uv": [3.5, 13.5, 4, 14], "texture": "#1"},
				"east": {"uv": [4, 13.5, 4.5, 14], "texture": "#1"},
				"south": {"uv": [4.5, 13.5, 5, 14], "texture": "#1"},
				"west": {"uv": [5, 13.5, 5.5, 14], "texture": "#1"},
				"up": {"uv": [6, 14, 5.5, 13.5], "texture": "#1"},
				"down": {"uv": [6.5, 13.5, 6, 14], "texture": "#1"}
			}
		},
		{
			"from": [3.3, 20.125, 7.5],
			"to": [4.05, 21.625, 8.5],
			"rotation": {"angle": 0, "axis": "y", "origin": [18.94711, 6.18945, 1]},
			"faces": {
				"north": {"uv": [1.5, 12, 2, 13], "texture": "#1"},
				"east": {"uv": [12, 1.5, 12.5, 2.5], "texture": "#1"},
				"south": {"uv": [2, 12, 2.5, 13], "texture": "#1"},
				"west": {"uv": [2.5, 12, 3, 13], "texture": "#1"},
				"up": {"uv": [7, 14, 6.5, 13.5], "texture": "#1"},
				"down": {"uv": [7.5, 13.5, 7, 14], "texture": "#1"}
			}
		},
		{
			"from": [5.65801, 24.17171, 7.25],
			"to": [6.90801, 31.17171, 8.75],
			"rotation": {"angle": 0, "axis": "y", "origin": [25.35512, 16.17171, 1.25]},
			"faces": {
				"north": {"uv": [7, 0, 7.5, 3.5], "texture": "#1"},
				"east": {"uv": [4, 0, 5, 3.5], "texture": "#1"},
				"south": {"uv": [7, 3.5, 7.5, 7], "texture": "#1"},
				"west": {"uv": [4, 3.5, 5, 7], "texture": "#1"},
				"up": {"uv": [12.5, 3.5, 12, 2.5], "texture": "#1"},
				"down": {"uv": [3.5, 12, 3, 13], "texture": "#1"}
			}
		},
		{
			"from": [-1.5, 14.375, 7.255],
			"to": [-0.5, 20.875, 8.745],
			"rotation": {"angle": -22.5, "axis": "z", "origin": [18.94711, 6.18945, 1]},
			"faces": {
				"north": {"uv": [4, 7, 4.5, 10.5], "texture": "#1"},
				"east": {"uv": [4.5, 7, 5, 10.5], "texture": "#1"},
				"south": {"uv": [5, 7, 5.5, 10.5], "texture": "#1"},
				"west": {"uv": [5.5, 7, 6, 10.5], "texture": "#1"},
				"up": {"uv": [14, 7.5, 13.5, 7], "texture": "#1"},
				"down": {"uv": [8, 13.5, 7.5, 14], "texture": "#1"}
			}
		},
		{
			"from": [-3.8996, 9.90825, 7],
			"to": [-1.8996, 12.90825, 9],
			"rotation": {"angle": -45, "axis": "z", "origin": [16.1004, 7.90825, 0.5]},
			"faces": {
				"north": {"uv": [2, 7.5, 3, 9], "texture": "#1"},
				"east": {"uv": [3, 7.5, 4, 9], "texture": "#1"},
				"south": {"uv": [7.5, 3.5, 8.5, 5], "texture": "#1"},
				"west": {"uv": [7.5, 5, 8.5, 6.5], "texture": "#1"},
				"up": {"uv": [3, 10, 2, 9], "texture": "#1"},
				"down": {"uv": [10, 2, 9, 3], "texture": "#1"}
			}
		},
		{
			"from": [8.26853, 30.80983, 7.505],
			"to": [9.33853, 31.87983, 8.495],
			"rotation": {"angle": 0, "axis": "y", "origin": [-13.67858, 23.50928, 1]},
			"faces": {
				"north": {"uv": [4, 14, 4.5, 14.5], "texture": "#1"},
				"east": {"uv": [14, 4, 14.5, 4.5], "texture": "#1"},
				"south": {"uv": [4.5, 14, 5, 14.5], "texture": "#1"},
				"west": {"uv": [14, 4.5, 14.5, 5], "texture": "#1"},
				"up": {"uv": [5.5, 14.5, 5, 14], "texture": "#1"},
				"down": {"uv": [14.5, 5, 14, 5.5], "texture": "#1"}
			}
		},
		{
			"from": [26.29796, 20.88893, 7.25],
			"to": [27.18296, 21.77393, 8.75],
			"rotation": {"angle": 45, "axis": "z", "origin": [6.35085, 5.70338, 0.75]},
			"faces": {
				"north": {"uv": [3.5, 14, 4, 14.5], "texture": "#1"},
				"east": {"uv": [9, 12.5, 10, 13], "texture": "#1"},
				"south": {"uv": [14, 3.5, 14.5, 4], "texture": "#1"},
				"west": {"uv": [12.5, 9.5, 13.5, 10], "texture": "#1"},
				"up": {"uv": [10.5, 13.5, 10, 12.5], "texture": "#1"},
				"down": {"uv": [13, 10, 12.5, 11], "texture": "#1"}
			}
		},
		{
			"from": [18, 22.375, 7.5],
			"to": [19, 24.375, 8.5],
			"rotation": {"angle": 22.5, "axis": "z", "origin": [-2.94711, 7.18945, 1]},
			"faces": {
				"north": {"uv": [6.5, 12.5, 7, 13.5], "texture": "#1"},
				"east": {"uv": [12.5, 7.5, 13, 8.5], "texture": "#1"},
				"south": {"uv": [8.5, 12.5, 9, 13.5], "texture": "#1"},
				"west": {"uv": [12.5, 8.5, 13, 9.5], "texture": "#1"},
				"up": {"uv": [3.5, 14.5, 3, 14], "texture": "#1"},
				"down": {"uv": [14.5, 3, 14, 3.5], "texture": "#1"}
			}
		},
		{
			"from": [1.12219, 29.48706, 7.505],
			"to": [1.82719, 30.19206, 8.495],
			"rotation": {"angle": -22.5, "axis": "z", "origin": [5.22508, 5.55151, 1]},
			"faces": {
				"north": {"uv": [1.5, 14, 2, 14.5], "texture": "#1"},
				"east": {"uv": [14, 1.5, 14.5, 2], "texture": "#1"},
				"south": {"uv": [2, 14, 2.5, 14.5], "texture": "#1"},
				"west": {"uv": [14, 2, 14.5, 2.5], "texture": "#1"},
				"up": {"uv": [3, 14.5, 2.5, 14], "texture": "#1"},
				"down": {"uv": [14.5, 2.5, 14, 3], "texture": "#1"}
			}
		},
		{
			"from": [26.4187, 20.39442, 7.5],
			"to": [27.9187, 22.39442, 8.5],
			"rotation": {"angle": 45, "axis": "z", "origin": [5.9716, 5.20887, 1]},
			"faces": {
				"north": {"uv": [2, 10, 3, 11], "texture": "#1"},
				"east": {"uv": [12.5, 4.5, 13, 5.5], "texture": "#1"},
				"south": {"uv": [10, 2, 11, 3], "texture": "#1"},
				"west": {"uv": [12.5, 6, 13, 7], "texture": "#1"},
				"up": {"uv": [13.5, 7.5, 12.5, 7], "texture": "#1"},
				"down": {"uv": [8.5, 12.5, 7.5, 13], "texture": "#1"}
			}
		},
		{
			"from": [-1.46959, 25.59834, 7.505],
			"to": [-0.93959, 26.12834, 8.495],
			"rotation": {"angle": -45, "axis": "z", "origin": [-1.3667, 6.66279, 1]},
			"faces": {
				"north": {"uv": [0, 14, 0.5, 14.5], "texture": "#1"},
				"east": {"uv": [14, 0, 14.5, 0.5], "texture": "#1"},
				"south": {"uv": [0.5, 14, 1, 14.5], "texture": "#1"},
				"west": {"uv": [14, 0.5, 14.5, 1], "texture": "#1"},
				"up": {"uv": [1.5, 14.5, 1, 14], "texture": "#1"},
				"down": {"uv": [14.5, 1, 14, 1.5], "texture": "#1"}
			}
		},
		{
			"from": [11.95, 20.125, 7.5],
			"to": [12.7, 21.625, 8.5],
			"rotation": {"angle": 0, "axis": "y", "origin": [-2.94711, 6.18945, 1]},
			"faces": {
				"north": {"uv": [1, 12.5, 1.5, 13.5], "texture": "#1"},
				"east": {"uv": [12.5, 1.5, 13, 2.5], "texture": "#1"},
				"south": {"uv": [12.5, 2.5, 13, 3.5], "texture": "#1"},
				"west": {"uv": [12.5, 3.5, 13, 4.5], "texture": "#1"},
				"up": {"uv": [14, 13.5, 13.5, 13], "texture": "#1"},
				"down": {"uv": [14, 13.5, 13.5, 14], "texture": "#1"}
			}
		},
		{
			"from": [9.09199, 24.17171, 7.25],
			"to": [10.34199, 31.17171, 8.75],
			"rotation": {"angle": 0, "axis": "y", "origin": [-9.35512, 16.17171, 1.25]},
			"faces": {
				"north": {"uv": [1, 7.5, 1.5, 11], "texture": "#1"},
				"east": {"uv": [5, 0, 6, 3.5], "texture": "#1"},
				"south": {"uv": [1.5, 7.5, 2, 11], "texture": "#1"},
				"west": {"uv": [5, 3.5, 6, 7], "texture": "#1"},
				"up": {"uv": [13, 1, 12.5, 0], "texture": "#1"},
				"down": {"uv": [1, 12.5, 0.5, 13.5], "texture": "#1"}
			}
		},
		{
			"from": [16.5, 14.375, 7.255],
			"to": [17.5, 20.875, 8.745],
			"rotation": {"angle": 22.5, "axis": "z", "origin": [-2.94711, 6.18945, 1]},
			"faces": {
				"north": {"uv": [7, 7, 7.5, 10.5], "texture": "#1"},
				"east": {"uv": [0, 7.5, 0.5, 11], "texture": "#1"},
				"south": {"uv": [7.5, 0, 8, 3.5], "texture": "#1"},
				"west": {"uv": [0.5, 7.5, 1, 11], "texture": "#1"},
				"up": {"uv": [14, 13, 13.5, 12.5], "texture": "#1"},
				"down": {"uv": [13.5, 13.5, 13, 14], "texture": "#1"}
			}
		},
		{
			"from": [17.8996, 9.90825, 7],
			"to": [19.8996, 12.90825, 9],
			"rotation": {"angle": 45, "axis": "z", "origin": [-0.1004, 7.90825, 0.5]},
			"faces": {
				"north": {"uv": [7.5, 6.5, 8.5, 8], "texture": "#1"},
				"east": {"uv": [8, 0, 9, 1.5], "texture": "#1"},
				"south": {"uv": [8, 1.5, 9, 3], "texture": "#1"},
				"west": {"uv": [6, 8, 7, 9.5], "texture": "#1"},
				"up": {"uv": [11, 1, 10, 0], "texture": "#1"},
				"down": {"uv": [11, 1, 10, 2], "texture": "#1"}
			}
		},
		{
			"from": [-3.375, 27.75, 7],
			"to": [-1.875, 29.75, 9],
			"rotation": {"angle": 45, "axis": "z", "origin": [16.1004, 31.09175, 0.5]},
			"faces": {
				"north": {"uv": [3, 9, 4, 10], "texture": "#1"},
				"east": {"uv": [9, 3, 10, 4], "texture": "#1"},
				"south": {"uv": [9, 4, 10, 5], "texture": "#1"},
				"west": {"uv": [9, 5, 10, 6], "texture": "#1"},
				"up": {"uv": [10, 7, 9, 6], "texture": "#1"},
				"down": {"uv": [10, 7, 9, 8], "texture": "#1"}
			}
		},
		{
			"from": [-1.425, 23.375, 7.25],
			"to": [-0.425, 24.875, 8.75],
			"rotation": {"angle": 22.5, "axis": "z", "origin": [18.94711, 32.81055, 1]},
			"faces": {
				"north": {"uv": [3.5, 12, 4, 13], "texture": "#1"},
				"east": {"uv": [9, 8, 10, 9], "texture": "#1"},
				"south": {"uv": [12, 3.5, 12.5, 4.5], "texture": "#1"},
				"west": {"uv": [8.5, 9, 9.5, 10], "texture": "#1"},
				"up": {"uv": [12.5, 5.5, 12, 4.5], "texture": "#1"},
				"down": {"uv": [7.5, 12, 7, 13], "texture": "#1"}
			}
		},
		{
			"from": [3.3, 17.375, 7.5],
			"to": [4.05, 18.875, 8.5],
			"rotation": {"angle": 0, "axis": "y", "origin": [18.94711, 32.81055, 1]},
			"faces": {
				"north": {"uv": [12, 7, 12.5, 8], "texture": "#1"},
				"east": {"uv": [12, 8, 12.5, 9], "texture": "#1"},
				"south": {"uv": [12, 9, 12.5, 10], "texture": "#1"},
				"west": {"uv": [12, 10, 12.5, 11], "texture": "#1"},
				"up": {"uv": [8.5, 14, 8, 13.5], "texture": "#1"},
				"down": {"uv": [9, 13.5, 8.5, 14], "texture": "#1"}
			}
		},
		{
			"from": [16.93959, 12.87166, 7.505],
			"to": [17.46959, 13.40166, 8.495],
			"rotation": {"angle": -45, "axis": "z", "origin": [17.3667, 32.33721, 1]},
			"faces": {
				"north": {"uv": [9, 13.5, 9.5, 14], "texture": "#1"},
				"east": {"uv": [9.5, 13.5, 10, 14], "texture": "#1"},
				"south": {"uv": [13.5, 9.5, 14, 10], "texture": "#1"},
				"west": {"uv": [10, 13.5, 10.5, 14], "texture": "#1"},
				"up": {"uv": [11, 14, 10.5, 13.5], "texture": "#1"},
				"down": {"uv": [11.5, 13.5, 11, 14], "texture": "#1"}
			}
		},
		{
			"from": [11.75, 10.375, 7.25],
			"to": [13.25, 11.375, 8.75],
			"rotation": {"angle": -22.5, "axis": "z", "origin": [20.84004, 30.24321, 1]},
			"faces": {
				"north": {"uv": [12, 5.5, 13, 6], "texture": "#1"},
				"east": {"uv": [12, 11, 13, 11.5], "texture": "#1"},
				"south": {"uv": [11.5, 12, 12.5, 12.5], "texture": "#1"},
				"west": {"uv": [12, 11.5, 13, 12], "texture": "#1"},
				"up": {"uv": [7, 10.5, 6, 9.5], "texture": "#1"},
				"down": {"uv": [10.5, 9, 9.5, 10], "texture": "#1"}
			}
		},
		{
			"from": [7.23519, 22.89958, 7.255],
			"to": [7.94019, 23.60458, 8.745],
			"rotation": {"angle": 22.5, "axis": "z", "origin": [27.10339, 16.30954, 1]},
			"faces": {
				"north": {"uv": [13.5, 11, 14, 11.5], "texture": "#1"},
				"east": {"uv": [11.5, 13.5, 12, 14], "texture": "#1"},
				"south": {"uv": [13.5, 11.5, 14, 12], "texture": "#1"},
				"west": {"uv": [12, 13.5, 12.5, 14], "texture": "#1"},
				"up": {"uv": [14, 12.5, 13.5, 12], "texture": "#1"},
				"down": {"uv": [13, 13.5, 12.5, 14], "texture": "#1"}
			}
		},
		{
			"from": [17.875, 27.75, 7],
			"to": [19.375, 29.75, 9],
			"rotation": {"angle": -45, "axis": "z", "origin": [-0.1004, 31.09175, 0.5]},
			"faces": {
				"north": {"uv": [10, 6, 11, 7], "texture": "#1"},
				"east": {"uv": [10, 7, 11, 8], "texture": "#1"},
				"south": {"uv": [10, 8, 11, 9], "texture": "#1"},
				"west": {"uv": [8.5, 10, 9.5, 11], "texture": "#1"},
				"up": {"uv": [10.5, 11, 9.5, 10], "texture": "#1"},
				"down": {"uv": [5, 10.5, 4, 11.5], "texture": "#1"}
			}
		},
		{
			"from": [16.425, 23.375, 7.25],
			"to": [17.425, 24.875, 8.75],
			"rotation": {"angle": -22.5, "axis": "z", "origin": [-2.94711, 32.81055, 1]},
			"faces": {
				"north": {"uv": [2, 13, 2.5, 14], "texture": "#1"},
				"east": {"uv": [10, 4, 11, 5], "texture": "#1"},
				"south": {"uv": [13, 2, 13.5, 3], "texture": "#1"},
				"west": {"uv": [10, 5, 11, 6], "texture": "#1"},
				"up": {"uv": [3, 14, 2.5, 13], "texture": "#1"},
				"down": {"uv": [3.5, 13, 3, 14], "texture": "#1"}
			}
		},
		{
			"from": [11.95, 17.375, 7.5],
			"to": [12.7, 18.875, 8.5],
			"rotation": {"angle": 0, "axis": "y", "origin": [-2.94711, 32.81055, 1]},
			"faces": {
				"north": {"uv": [0, 13, 0.5, 14], "texture": "#1"},
				"east": {"uv": [13, 0, 13.5, 1], "texture": "#1"},
				"south": {"uv": [13, 1, 13.5, 2], "texture": "#1"},
				"west": {"uv": [1.5, 13, 2, 14], "texture": "#1"},
				"up": {"uv": [9, 14.5, 8.5, 14], "texture": "#1"},
				"down": {"uv": [14.5, 8.5, 14, 9], "texture": "#1"}
			}
		},
		{
			"from": [-1.46959, 12.87166, 7.505],
			"to": [-0.93959, 13.40166, 8.495],
			"rotation": {"angle": 45, "axis": "z", "origin": [-1.3667, 32.33721, 1]},
			"faces": {
				"north": {"uv": [7, 14, 7.5, 14.5], "texture": "#1"},
				"east": {"uv": [14, 7, 14.5, 7.5], "texture": "#1"},
				"south": {"uv": [7.5, 14, 8, 14.5], "texture": "#1"},
				"west": {"uv": [14, 7.5, 14.5, 8], "texture": "#1"},
				"up": {"uv": [8.5, 14.5, 8, 14], "texture": "#1"},
				"down": {"uv": [14.5, 8, 14, 8.5], "texture": "#1"}
			}
		},
		{
			"from": [2.75, 10.375, 7.25],
			"to": [4.25, 11.375, 8.75],
			"rotation": {"angle": 22.5, "axis": "z", "origin": [-4.84004, 30.24321, 1]},
			"faces": {
				"north": {"uv": [10.5, 12.5, 11.5, 13], "texture": "#1"},
				"east": {"uv": [11.5, 12.5, 12.5, 13], "texture": "#1"},
				"south": {"uv": [12.5, 12, 13.5, 12.5], "texture": "#1"},
				"west": {"uv": [12.5, 12.5, 13.5, 13], "texture": "#1"},
				"up": {"uv": [4, 11, 3, 10], "texture": "#1"},
				"down": {"uv": [11, 3, 10, 4], "texture": "#1"}
			}
		},
		{
			"from": [8.05981, 22.89958, 7.255],
			"to": [8.76481, 23.60458, 8.745],
			"rotation": {"angle": -22.5, "axis": "z", "origin": [-11.10339, 16.30954, 1]},
			"faces": {
				"north": {"uv": [5.5, 14, 6, 14.5], "texture": "#1"},
				"east": {"uv": [14, 5.5, 14.5, 6], "texture": "#1"},
				"south": {"uv": [6, 14, 6.5, 14.5], "texture": "#1"},
				"west": {"uv": [14, 6, 14.5, 6.5], "texture": "#1"},
				"up": {"uv": [7, 14.5, 6.5, 14], "texture": "#1"},
				"down": {"uv": [14.5, 6.5, 14, 7], "texture": "#1"}
			}
		},
		{
			"from": [7.5, 4, 7.5],
			"to": [8.5, 10, 8.5],
			"rotation": {"angle": 0, "axis": "y", "origin": [0, 1, 0]},
			"faces": {
				"north": {"uv": [7.5, 8, 8, 11], "texture": "#1"},
				"east": {"uv": [8, 8, 8.5, 11], "texture": "#1"},
				"south": {"uv": [8.5, 3, 9, 6], "texture": "#1"},
				"west": {"uv": [8.5, 6, 9, 9], "texture": "#1"},
				"up": {"uv": [9.5, 14.5, 9, 14], "texture": "#1"},
				"down": {"uv": [14.5, 9, 14, 9.5], "texture": "#1"}
			}
		},
		{
			"from": [14.38728, -10.889, 7.5],
			"to": [15.38728, -7.889, 8.5],
			"rotation": {"angle": -22.5, "axis": "z", "origin": [6.88728, 5.111, -0.5]},
			"faces": {
				"north": {"uv": [7, 10.5, 7.5, 12], "texture": "#1"},
				"east": {"uv": [11, 6, 11.5, 7.5], "texture": "#1"},
				"south": {"uv": [7.5, 11, 8, 12.5], "texture": "#1"},
				"west": {"uv": [11, 7.5, 11.5, 9], "texture": "#1"},
				"up": {"uv": [10, 14.5, 9.5, 14], "texture": "#1"},
				"down": {"uv": [14.5, 9.5, 14, 10], "texture": "#1"}
			}
		},
		{
			"from": [20.89029, -12.30687, 7.505],
			"to": [21.76529, -11.43187, 8.495],
			"rotation": {"angle": -45, "axis": "z", "origin": [13.39029, 3.69313, -0.5]},
			"faces": {
				"north": {"uv": [10.5, 14, 11, 14.5], "texture": "#1"},
				"east": {"uv": [14, 10.5, 14.5, 11], "texture": "#1"},
				"south": {"uv": [11, 14, 11.5, 14.5], "texture": "#1"},
				"west": {"uv": [14, 11, 14.5, 11.5], "texture": "#1"},
				"up": {"uv": [12, 14.5, 11.5, 14], "texture": "#1"},
				"down": {"uv": [14.5, 11.5, 14, 12], "texture": "#1"}
			}
		},
		{
			"from": [0.61272, -10.889, 7.5],
			"to": [1.61272, -7.889, 8.5],
			"rotation": {"angle": 22.5, "axis": "z", "origin": [9.11272, 5.111, -0.5]},
			"faces": {
				"north": {"uv": [8, 11, 8.5, 12.5], "texture": "#1"},
				"east": {"uv": [8.5, 11, 9, 12.5], "texture": "#1"},
				"south": {"uv": [9, 11, 9.5, 12.5], "texture": "#1"},
				"west": {"uv": [9.5, 11, 10, 12.5], "texture": "#1"},
				"up": {"uv": [10.5, 14.5, 10, 14], "texture": "#1"},
				"down": {"uv": [14.5, 10, 14, 10.5], "texture": "#1"}
			}
		},
		{
			"from": [7.5, -10.889, 14.26996],
			"to": [8.5, -7.889, 15.26996],
			"rotation": {"angle": 22.5, "axis": "x", "origin": [15.76996, 5.111, 6.76996]},
			"faces": {
				"north": {"uv": [4.5, 11.5, 5, 13], "texture": "#1"},
				"east": {"uv": [5, 11.5, 5.5, 13], "texture": "#1"},
				"south": {"uv": [5.5, 11.5, 6, 13], "texture": "#1"},
				"west": {"uv": [6, 11.5, 6.5, 13], "texture": "#1"},
				"up": {"uv": [13, 14.5, 12.5, 14], "texture": "#1"},
				"down": {"uv": [14.5, 12.5, 14, 13], "texture": "#1"}
			}
		},
		{
			"from": [7.5, -10.889, 0.73004],
			"to": [8.5, -7.889, 1.73004],
			"rotation": {"angle": -22.5, "axis": "x", "origin": [16.00459, 5.111, 9.23004]},
			"faces": {
				"north": {"uv": [10, 11, 10.5, 12.5], "texture": "#1"},
				"east": {"uv": [10.5, 11, 11, 12.5], "texture": "#1"},
				"south": {"uv": [11, 11, 11.5, 12.5], "texture": "#1"},
				"west": {"uv": [4, 11.5, 4.5, 13], "texture": "#1"},
				"up": {"uv": [12.5, 14.5, 12, 14], "texture": "#1"},
				"down": {"uv": [14.5, 12, 14, 12.5], "texture": "#1"}
			}
		},
		{
			"from": [7.25, 10, 7.25],
			"to": [8.75, 14, 8.75],
			"rotation": {"angle": 0, "axis": "y", "origin": [0, 1, 0]},
			"faces": {
				"north": {"uv": [6, 0, 7, 2], "texture": "#1"},
				"east": {"uv": [6, 2, 7, 4], "texture": "#1"},
				"south": {"uv": [6, 4, 7, 6], "texture": "#1"},
				"west": {"uv": [6, 6, 7, 8], "texture": "#1"},
				"up": {"uv": [6, 11.5, 5, 10.5], "texture": "#1"},
				"down": {"uv": [7, 10.5, 6, 11.5], "texture": "#1"}
			}
		},
		{
			"from": [7, 11, 7],
			"to": [9, 12, 9],
			"rotation": {"angle": 0, "axis": "y", "origin": [0, 1, 0]},
			"faces": {
				"north": {"uv": [13, 3, 14, 3.5], "texture": "#1"},
				"east": {"uv": [3.5, 13, 4.5, 13.5], "texture": "#1"},
				"south": {"uv": [13, 3.5, 14, 4], "texture": "#1"},
				"west": {"uv": [13, 4, 14, 4.5], "texture": "#1"},
				"up": {"uv": [11.5, 10, 10.5, 9], "texture": "#1"},
				"down": {"uv": [11.5, 10, 10.5, 11], "texture": "#1"}
			}
		},
		{
			"from": [7, 14, 7],
			"to": [9, 15, 9],
			"rotation": {"angle": 0, "axis": "y", "origin": [0, 1, 0]},
			"faces": {
				"north": {"uv": [13, 7.5, 14, 8], "texture": "#1"},
				"east": {"uv": [13, 8, 14, 8.5], "texture": "#1"},
				"south": {"uv": [13, 8.5, 14, 9], "texture": "#1"},
				"west": {"uv": [9, 13, 10, 13.5], "texture": "#1"},
				"up": {"uv": [4, 12, 3, 11], "texture": "#1"},
				"down": {"uv": [12, 3, 11, 4], "texture": "#1"}
			}
		},
		{
			"from": [7.25, -11, 7.25],
			"to": [8.75, 4, 8.75],
			"rotation": {"angle": 0, "axis": "y", "origin": [0, 17, 0]},
			"faces": {
				"north": {"uv": [0, 0, 1, 7.5], "texture": "#1"},
				"east": {"uv": [1, 0, 2, 7.5], "texture": "#1"},
				"south": {"uv": [2, 0, 3, 7.5], "texture": "#1"},
				"west": {"uv": [3, 0, 4, 7.5], "texture": "#1"},
				"up": {"uv": [2, 12, 1, 11], "texture": "#1"},
				"down": {"uv": [12, 1, 11, 2], "texture": "#1"}
			}
		},
		{
			"from": [7, 2, 7],
			"to": [9, 3, 9],
			"rotation": {"angle": 0, "axis": "y", "origin": [0, 17, 0]},
			"faces": {
				"north": {"uv": [4.5, 13, 5.5, 13.5], "texture": "#1"},
				"east": {"uv": [13, 4.5, 14, 5], "texture": "#1"},
				"south": {"uv": [13, 5, 14, 5.5], "texture": "#1"},
				"west": {"uv": [5.5, 13, 6.5, 13.5], "texture": "#1"},
				"up": {"uv": [1, 12, 0, 11], "texture": "#1"},
				"down": {"uv": [12, 0, 11, 1], "texture": "#1"}
			}
		},
		{
			"from": [7, -1, 7],
			"to": [9, 0, 9],
			"rotation": {"angle": 0, "axis": "y", "origin": [0, 17, 0]},
			"faces": {
				"north": {"uv": [13, 9, 14, 9.5], "texture": "#1"},
				"east": {"uv": [13, 10, 14, 10.5], "texture": "#1"},
				"south": {"uv": [10.5, 13, 11.5, 13.5], "texture": "#1"},
				"west": {"uv": [13, 10.5, 14, 11], "texture": "#1"},
				"up": {"uv": [12, 5, 11, 4], "texture": "#1"},
				"down": {"uv": [12, 5, 11, 6], "texture": "#1"}
			}
		},
		{
			"from": [7, -12, 7],
			"to": [9, -11, 9],
			"rotation": {"angle": 0, "axis": "y", "origin": [0, 17, 0]},
			"faces": {
				"north": {"uv": [13, 5.5, 14, 6], "texture": "#1"},
				"east": {"uv": [13, 6, 14, 6.5], "texture": "#1"},
				"south": {"uv": [13, 6.5, 14, 7], "texture": "#1"},
				"west": {"uv": [7, 13, 8, 13.5], "texture": "#1"},
				"up": {"uv": [3, 12, 2, 11], "texture": "#1"},
				"down": {"uv": [12, 2, 11, 3], "texture": "#1"}
			}
		}
	],
	"display": {
		"thirdperson_righthand": {
			"rotation": [0, 90, 0],
			"translation": [0, -0.5, 1.5],
			"scale": [1.5, 1.5, 1.5]
		},
		"thirdperson_lefthand": {
			"rotation": [0, -90, 0],
			"translation": [0, -0.5, 1.5],
			"scale": [1.5, 1.5, 1.5]
		},
		"firstperson_righthand": {
			"rotation": [-15, 92.5, 0],
			"translation": [4.25, -1.5, 0],
			"scale": [0.88, 0.9, 0.9]
		},
		"firstperson_lefthand": {
			"rotation": [-15, 92.5, 0],
			"translation": [4.25, -1.5, 0],
			"scale": [0.88, 0.9, 0.9]
		},
		"gui": {
			"rotation": [-30, -25, -30],
			"translation": [-0.25, -0.75, 0],
			"scale": [0.55, 0.55, 0.55]
		}
	},
	"groups": [
		{
			"name": "convergencedisc",
			"origin": [7.45738, 8.84782, -5.61722],
			"color": 0,
			"children": [0, 1, 2, 3, 4, 5, 6, 7, 8, 9, 10, 11, 12, 13, 14, 15]
		},
		{
			"name": "blades",
			"origin": [16.1004, 6.90825, 0.5],
			"color": 0,
			"children": [
				{
					"name": "leftblade",
					"origin": [16.1004, 6.90825, 0.5],
					"color": 0,
					"children": [16, 17, 18, 19, 20, 21, 22, 23, 24, 25]
				},
				{
					"name": "rightblade",
					"origin": [16.1004, 6.90825, 0.5],
					"color": 0,
					"children": [26, 27, 28, 29, 30, 31, 32, 33, 34, 35]
				}
			]
		},
		{
			"name": "deco",
			"origin": [27.10339, 15.30954, 1],
			"color": 0,
			"children": [
				{
					"name": "leftlowerdeco",
					"origin": [27.10339, 15.30954, 1],
					"color": 0,
					"children": [36, 37, 38, 39, 40, 41]
				},
				{
					"name": "rightlowerdeco",
					"origin": [-11.10339, 15.30954, 1],
					"color": 0,
					"children": [42, 43, 44, 45, 46, 47]
				}
			]
		},
		48,
		49,
		50,
		51,
		52,
		53,
		54,
		55,
		56,
		57,
		58,
		59,
		60
	]
}