{
	"credit": "Made with Blockbench by ProbsWinter",
	"texture_size": [48, 48],
	"textures": {
		"1": "item/fantasia"
	},
	"elements": [
		{
			"from": [5, 2.1, 6],
			"to": [11, 15.1, 9],
			"rotation": {"angle": 0, "axis": "y", "origin": [15, 0, 16]},
			"faces": {
				"north": {"uv": [2, 0, 4, 4.33333], "texture": "#1"},
				"east": {"uv": [2, 4.33333, 3, 8.66667], "texture": "#1"},
				"south": {"uv": [0, 0, 2, 4.33333], "texture": "#1"},
				"west": {"uv": [1, 4.33333, 2, 8.66667], "texture": "#1"},
				"up": {"uv": [6.66667, 0, 8.66667, 1], "texture": "#1"},
				"down": {"uv": [6.66667, 2, 8.66667, 1], "texture": "#1"}
			}
		},
		{
			"from": [9.505, 7, 5],
			"to": [10.495, 9, 6],
			"rotation": {"angle": 22.5, "axis": "x", "origin": [15, 2, 16]},
			"faces": {
				"north": {"uv": [7, 4, 7.33333, 4.66667], "texture": "#1"},
				"east": {"uv": [8.66667, 10, 9, 10.66667], "texture": "#1"},
				"south": {"uv": [5.66667, 4.66667, 6, 5.33333], "texture": "#1"},
				"west": {"uv": [6.66667, 2, 7, 2.66667], "texture": "#1"},
				"up": {"uv": [12.33333, 7.66667, 12.66667, 8], "texture": "#1"},
				"down": {"uv": [12.33333, 8.33333, 12.66667, 8], "texture": "#1"}
			}
		},
		{
			"from": [9.5, 12.29399, 8.43999],
			"to": [10.5, 14.29399, 9.43999],
			"rotation": {"angle": 0, "axis": "y", "origin": [8, 5.29399, 19.43999]},
			"faces": {
				"north": {"uv": [2.33333, 12, 2.66667, 12.66667], "texture": "#1"},
				"east": {"uv": [2.66667, 12, 3, 12.66667], "texture": "#1"},
				"south": {"uv": [0.66667, 12, 1, 12.66667], "texture": "#1"},
				"west": {"uv": [2, 12, 2.33333, 12.66667], "texture": "#1"},
				"up": {"uv": [12.33333, 8.33333, 12.66667, 8.66667], "texture": "#1"},
				"down": {"uv": [12.33333, 9, 12.66667, 8.66667], "texture": "#1"}
			}
		},
		{
			"from": [6.25, 12.29399, 8],
			"to": [7.25, 15.29399, 9],
			"rotation": {"angle": -22.5, "axis": "z", "origin": [15, 5.29399, 19.43999]},
			"faces": {
				"north": {"uv": [11.66667, 9.33333, 12, 10.33333], "texture": "#1"},
				"east": {"uv": [10.33333, 11.66667, 10.66667, 12.66667], "texture": "#1"},
				"south": {"uv": [7.66667, 11.66667, 8, 12.66667], "texture": "#1"},
				"west": {"uv": [8, 11.66667, 8.33333, 12.66667], "texture": "#1"},
				"up": {"uv": [12.33333, 9, 12.66667, 9.33333], "texture": "#1"},
				"down": {"uv": [9.33333, 12.66667, 9.66667, 12.33333], "texture": "#1"}
			}
		},
		{
			"from": [13.625, 12, 8.005],
			"to": [14.625, 15, 8.995],
			"rotation": {"angle": 22.5, "axis": "z", "origin": [1, 5.29399, 19.43999]},
			"faces": {
				"north": {"uv": [11.33333, 11.66667, 11.66667, 12.66667], "texture": "#1"},
				"east": {"uv": [11.66667, 11.66667, 12, 12.66667], "texture": "#1"},
				"south": {"uv": [10.66667, 11.66667, 11, 12.66667], "texture": "#1"},
				"west": {"uv": [11, 11.66667, 11.33333, 12.66667], "texture": "#1"},
				"up": {"uv": [12.33333, 9.33333, 12.66667, 9.66667], "texture": "#1"},
				"down": {"uv": [9.66667, 12.66667, 10, 12.33333], "texture": "#1"}
			}
		},
		{
			"from": [9.3, 14, 7.43999],
			"to": [10.7, 16, 9.43999],
			"rotation": {"angle": -45, "axis": "x", "origin": [10, 15.29399, 8.93999]},
			"faces": {
				"north": {"uv": [12, 4, 12.33333, 4.66667], "texture": "#1"},
				"east": {"uv": [6.33333, 11, 7, 11.66667], "texture": "#1"},
				"south": {"uv": [3, 12, 3.33333, 12.66667], "texture": "#1"},
				"west": {"uv": [11, 4, 11.66667, 4.66667], "texture": "#1"},
				"up": {"uv": [12, 4.66667, 12.33333, 5.33333], "texture": "#1"},
				"down": {"uv": [12, 6, 12.33333, 5.33333], "texture": "#1"}
			}
		},
		{
			"from": [6.495, 24, 15.43999],
			"to": [9.505, 26, 17.43999],
			"rotation": {"angle": -45, "axis": "x", "origin": [10, 18.29399, 8.93999]},
			"faces": {
				"north": {"uv": [10.33333, 6.66667, 11.33333, 7.33333], "texture": "#1"},
				"east": {"uv": [11.33333, 0.66667, 12, 1.33333], "texture": "#1"},
				"south": {"uv": [6, 10.33333, 7, 11], "texture": "#1"},
				"west": {"uv": [11, 10.66667, 11.66667, 11.33333], "texture": "#1"},
				"up": {"uv": [10.33333, 7.33333, 11.33333, 8], "texture": "#1"},
				"down": {"uv": [10.33333, 9.33333, 11.33333, 8.66667], "texture": "#1"}
			}
		},
		{
			"from": [7.515, -4.81013, 1.92907],
			"to": [8.485, -4.10302, 2.63618],
			"rotation": {"angle": 45, "axis": "x", "origin": [8.17214, -13.92299, 0.99754]},
			"faces": {
				"north": {"uv": [12.33333, 4.33333, 12.66667, 4.66667], "texture": "#1"},
				"east": {"uv": [12.33333, 4.66667, 12.66667, 5], "texture": "#1"},
				"south": {"uv": [12.33333, 2.33333, 12.66667, 2.66667], "texture": "#1"},
				"west": {"uv": [12.33333, 4, 12.66667, 4.33333], "texture": "#1"},
				"up": {"uv": [12.33333, 5, 12.66667, 5.33333], "texture": "#1"},
				"down": {"uv": [12.33333, 5.66667, 12.66667, 5.33333], "texture": "#1"}
			}
		},
		{
			"from": [7.515, -7.20711, 6.61718],
			"to": [8.485, -3.20711, 7.61718],
			"rotation": {"angle": -22.5, "axis": "x", "origin": [8.18214, -3.5069, 8]},
			"faces": {
				"north": {"uv": [11, 2.66667, 11.33333, 4], "texture": "#1"},
				"east": {"uv": [6, 11, 6.33333, 12.33333], "texture": "#1"},
				"south": {"uv": [3.33333, 10.33333, 3.66667, 11.66667], "texture": "#1"},
				"west": {"uv": [11, 0.66667, 11.33333, 2], "texture": "#1"},
				"up": {"uv": [1.66667, 12.33333, 2, 12.66667], "texture": "#1"},
				"down": {"uv": [12.33333, 2.33333, 12.66667, 2], "texture": "#1"}
			}
		},
		{
			"from": [7.51, -8.13792, 8.1],
			"to": [8.49, -4.13792, 9.1],
			"rotation": {"angle": 0, "axis": "y", "origin": [7.97214, -2.43771, 8.70995]},
			"faces": {
				"north": {"uv": [5.66667, 11.33333, 6, 12.66667], "texture": "#1"},
				"east": {"uv": [8.33333, 11.33333, 8.66667, 12.66667], "texture": "#1"},
				"south": {"uv": [5, 11.33333, 5.33333, 12.66667], "texture": "#1"},
				"west": {"uv": [5.33333, 11.33333, 5.66667, 12.66667], "texture": "#1"},
				"up": {"uv": [12.66667, 1.66667, 13, 2], "texture": "#1"},
				"down": {"uv": [2, 13, 2.33333, 12.66667], "texture": "#1"}
			}
		},
		{
			"from": [7, 26.79289, 18.61718],
			"to": [9, 30.79289, 20.61718],
			"rotation": {"angle": -22.5, "axis": "x", "origin": [8.18214, 1.4931, 8]},
			"faces": {
				"north": {"uv": [9.66667, 0, 10.33333, 1.33333], "texture": "#1"},
				"east": {"uv": [0.66667, 9.66667, 1.33333, 11], "texture": "#1"},
				"south": {"uv": [9.33333, 2.66667, 10, 4], "texture": "#1"},
				"west": {"uv": [0, 9.66667, 0.66667, 11], "texture": "#1"},
				"up": {"uv": [1.33333, 11.33333, 2, 12], "texture": "#1"},
				"down": {"uv": [11.33333, 2, 12, 1.33333], "texture": "#1"}
			}
		},
		{
			"from": [6.25, 31.25, 7.75],
			"to": [9.75, 31.75, 8.25],
			"rotation": {"angle": 0, "axis": "y", "origin": [8.18214, 1.4931, 8]},
			"faces": {
				"north": {"uv": [11.33333, 3, 12.66667, 3.33333], "texture": "#1"},
				"east": {"uv": [1.33333, 12.66667, 1.66667, 13], "texture": "#1"},
				"south": {"uv": [11.33333, 2.66667, 12.66667, 3], "texture": "#1"},
				"west": {"uv": [12.66667, 1, 13, 1.33333], "texture": "#1"},
				"up": {"uv": [11.33333, 3.33333, 12.66667, 3.66667], "texture": "#1"},
				"down": {"uv": [11.33333, 4, 12.66667, 3.66667], "texture": "#1"}
			}
		},
		{
			"from": [6.25, 30.25, 8.5],
			"to": [9.75, 30.75, 9],
			"rotation": {"angle": 0, "axis": "y", "origin": [8.18214, 1.4931, 8]},
			"faces": {
				"north": {"uv": [7, 11.33333, 8.33333, 11.66667], "texture": "#1"},
				"east": {"uv": [1.66667, 12.66667, 2, 13], "texture": "#1"},
				"south": {"uv": [11.33333, 6.66667, 12.66667, 7], "texture": "#1"},
				"west": {"uv": [12.66667, 1.33333, 13, 1.66667], "texture": "#1"},
				"up": {"uv": [11.33333, 7, 12.66667, 7.33333], "texture": "#1"},
				"down": {"uv": [11.33333, 7.66667, 12.66667, 7.33333], "texture": "#1"}
			}
		},
		{
			"from": [6.5, 27, -6.75],
			"to": [9.5, 29, -4.75],
			"rotation": {"angle": 22.5, "axis": "x", "origin": [16, -3.59483, 13.79875]},
			"faces": {
				"north": {"uv": [10.66667, 4.66667, 11.66667, 5.33333], "texture": "#1"},
				"east": {"uv": [2.66667, 11.33333, 3.33333, 12], "texture": "#1"},
				"south": {"uv": [10.66667, 2, 11.66667, 2.66667], "texture": "#1"},
				"west": {"uv": [2, 11.33333, 2.66667, 12], "texture": "#1"},
				"up": {"uv": [5, 10.66667, 6, 11.33333], "texture": "#1"},
				"down": {"uv": [10.66667, 6, 11.66667, 5.33333], "texture": "#1"}
			}
		},
		{
			"from": [7.5, 20.79289, -13.38282],
			"to": [8.5, 22.79289, -12.38282],
			"rotation": {"angle": 45, "axis": "x", "origin": [8.18214, 1.4931, 8]},
			"faces": {
				"north": {"uv": [9, 12, 9.33333, 12.66667], "texture": "#1"},
				"east": {"uv": [12, 9.33333, 12.33333, 10], "texture": "#1"},
				"south": {"uv": [8.66667, 12, 9, 12.66667], "texture": "#1"},
				"west": {"uv": [12, 8.66667, 12.33333, 9.33333], "texture": "#1"},
				"up": {"uv": [12.66667, 0.66667, 13, 1], "texture": "#1"},
				"down": {"uv": [1, 13, 1.33333, 12.66667], "texture": "#1"}
			}
		},
		{
			"from": [7, -1.69686, 8.7],
			"to": [9, -0.69686, 11.7],
			"rotation": {"angle": -45, "axis": "x", "origin": [8.18214, -3.5069, 8]},
			"faces": {
				"north": {"uv": [12, 0.66667, 12.66667, 1], "texture": "#1"},
				"east": {"uv": [11.66667, 0.33333, 12.66667, 0.66667], "texture": "#1"},
				"south": {"uv": [0, 12, 0.66667, 12.33333], "texture": "#1"},
				"west": {"uv": [11.66667, 0, 12.66667, 0.33333], "texture": "#1"},
				"up": {"uv": [2, 10.33333, 2.66667, 11.33333], "texture": "#1"},
				"down": {"uv": [2.66667, 11.33333, 3.33333, 10.33333], "texture": "#1"}
			}
		},
		{
			"from": [7.005, -1.73203, 6.50798],
			"to": [8.995, -1.02493, 7.21508],
			"rotation": {"angle": 0, "axis": "y", "origin": [8.18214, -3.54207, 7.51508]},
			"faces": {
				"north": {"uv": [1.33333, 12, 2, 12.33333], "texture": "#1"},
				"east": {"uv": [12.33333, 6.33333, 12.66667, 6.66667], "texture": "#1"},
				"south": {"uv": [12, 1, 12.66667, 1.33333], "texture": "#1"},
				"west": {"uv": [12.33333, 6, 12.66667, 6.33333], "texture": "#1"},
				"up": {"uv": [12, 1.33333, 12.66667, 1.66667], "texture": "#1"},
				"down": {"uv": [12, 2, 12.66667, 1.66667], "texture": "#1"}
			}
		},
		{
			"from": [7.52, -4.85092, 7.51041],
			"to": [8.48, -1.85092, 8.51041],
			"rotation": {"angle": 22.5, "axis": "x", "origin": [8.18214, -3.5069, 8]},
			"faces": {
				"north": {"uv": [11.66667, 4, 12, 5], "texture": "#1"},
				"east": {"uv": [11.66667, 5, 12, 6], "texture": "#1"},
				"south": {"uv": [1, 11.66667, 1.33333, 12.66667], "texture": "#1"},
				"west": {"uv": [3.33333, 11.66667, 3.66667, 12.66667], "texture": "#1"},
				"up": {"uv": [0.33333, 12.33333, 0.66667, 12.66667], "texture": "#1"},
				"down": {"uv": [1.33333, 12.66667, 1.66667, 12.33333], "texture": "#1"}
			}
		},
		{
			"from": [7.3, -2.75, 8.35],
			"to": [8.7, 0.25, 9.75],
			"rotation": {"angle": -22.5, "axis": "x", "origin": [8.18214, -3.5069, 8]},
			"faces": {
				"north": {"uv": [7, 11.66667, 7.33333, 12.66667], "texture": "#1"},
				"east": {"uv": [7.33333, 11.66667, 7.66667, 12.66667], "texture": "#1"},
				"south": {"uv": [6.33333, 11.66667, 6.66667, 12.66667], "texture": "#1"},
				"west": {"uv": [6.66667, 11.66667, 7, 12.66667], "texture": "#1"},
				"up": {"uv": [12.33333, 5.66667, 12.66667, 6], "texture": "#1"},
				"down": {"uv": [6, 12.66667, 6.33333, 12.33333], "texture": "#1"}
			}
		},
		{
			"from": [6.5, 3, 7.5],
			"to": [9.5, 4, 10.5],
			"rotation": {"angle": -22.5, "axis": "x", "origin": [15, 0, 16]},
			"faces": {
				"north": {"uv": [11.33333, 11.33333, 12.33333, 11.66667], "texture": "#1"},
				"east": {"uv": [0, 11.66667, 1, 12], "texture": "#1"},
				"south": {"uv": [10.33333, 11.33333, 11.33333, 11.66667], "texture": "#1"},
				"west": {"uv": [11.33333, 10.33333, 12.33333, 10.66667], "texture": "#1"},
				"up": {"uv": [5, 8, 6, 9], "texture": "#1"},
				"down": {"uv": [8.33333, 9, 9.33333, 8], "texture": "#1"}
			}
		},
		{
			"from": [7.005, 3.55729, 6.75],
			"to": [8.995, 5.55729, 9.75],
			"rotation": {"angle": -22.5, "axis": "x", "origin": [15.5, 1.55729, 15.38371]},
			"faces": {
				"north": {"uv": [0.66667, 11, 1.33333, 11.66667], "texture": "#1"},
				"east": {"uv": [7.66667, 10, 8.66667, 10.66667], "texture": "#1"},
				"south": {"uv": [11, 0, 11.66667, 0.66667], "texture": "#1"},
				"west": {"uv": [5, 10, 6, 10.66667], "texture": "#1"},
				"up": {"uv": [10.33333, 0, 11, 1], "texture": "#1"},
				"down": {"uv": [1.33333, 11.33333, 2, 10.33333], "texture": "#1"}
			}
		},
		{
			"from": [-1.91574, 22.35398, 8.01],
			"to": [-1.20864, 23.06108, 8.99],
			"rotation": {"angle": -22.5, "axis": "z", "origin": [-4.68119, -6.58875, 16.505]},
			"faces": {
				"north": {"uv": [12.33333, 10.33333, 12.66667, 10.66667], "texture": "#1"},
				"east": {"uv": [12.33333, 10.66667, 12.66667, 11], "texture": "#1"},
				"south": {"uv": [12.33333, 9.66667, 12.66667, 10], "texture": "#1"},
				"west": {"uv": [10, 12.33333, 10.33333, 12.66667], "texture": "#1"},
				"up": {"uv": [12.33333, 11, 12.66667, 11.33333], "texture": "#1"},
				"down": {"uv": [12.33333, 11.66667, 12.66667, 11.33333], "texture": "#1"}
			}
		},
		{
			"from": [18.99966, 8.96423, 8.005],
			"to": [19.70677, 9.67133, 8.995],
			"rotation": {"angle": 22.5, "axis": "z", "origin": [-5.76579, -6.9785, 16.505]},
			"faces": {
				"north": {"uv": [12.66667, 0, 13, 0.33333], "texture": "#1"},
				"east": {"uv": [0.33333, 12.66667, 0.66667, 13], "texture": "#1"},
				"south": {"uv": [12.33333, 12, 12.66667, 12.33333], "texture": "#1"},
				"west": {"uv": [12.33333, 12.33333, 12.66667, 12.66667], "texture": "#1"},
				"up": {"uv": [12.66667, 0.33333, 13, 0.66667], "texture": "#1"},
				"down": {"uv": [0.66667, 13, 1, 12.66667], "texture": "#1"}
			}
		},
		{
			"from": [12.57656, -9.5, 6.5],
			"to": [16.57656, -7.5, 8.5],
			"rotation": {"angle": 45, "axis": "z", "origin": [-0.36616, -5.45673, 16]},
			"faces": {
				"north": {"uv": [1.33333, 9.66667, 2.66667, 10.33333], "texture": "#1"},
				"east": {"uv": [11.33333, 8.66667, 12, 9.33333], "texture": "#1"},
				"south": {"uv": [9.33333, 8, 10.66667, 8.66667], "texture": "#1"},
				"west": {"uv": [8.66667, 11.33333, 9.33333, 12], "texture": "#1"},
				"up": {"uv": [9.66667, 1.33333, 11, 2], "texture": "#1"},
				"down": {"uv": [9.66667, 4.66667, 11, 4], "texture": "#1"}
			}
		},
		{
			"from": [10.93765, 0.83613, 6.505],
			"to": [11.64475, 1.54323, 8.495],
			"rotation": {"angle": 0, "axis": "y", "origin": [8.1722, -10.10659, 16.005]},
			"faces": {
				"north": {"uv": [2.33333, 12.66667, 2.66667, 13], "texture": "#1"},
				"east": {"uv": [12, 11.66667, 12.66667, 12], "texture": "#1"},
				"south": {"uv": [12.66667, 2, 13, 2.33333], "texture": "#1"},
				"west": {"uv": [12, 10, 12.66667, 10.33333], "texture": "#1"},
				"up": {"uv": [12, 12, 12.33333, 12.66667], "texture": "#1"},
				"down": {"uv": [0, 13, 0.33333, 12.33333], "texture": "#1"}
			}
		},
		{
			"from": [13.23653, 1.48599, 6.01],
			"to": [17.23653, 7.48599, 8.99],
			"rotation": {"angle": 22.5, "axis": "z", "origin": [-1.36616, -5.45673, 16]},
			"faces": {
				"north": {"uv": [6, 4.66667, 7.33333, 6.66667], "texture": "#1"},
				"east": {"uv": [7, 2, 8, 4], "texture": "#1"},
				"south": {"uv": [5.66667, 2.66667, 7, 4.66667], "texture": "#1"},
				"west": {"uv": [6, 6.66667, 7, 8.66667], "texture": "#1"},
				"up": {"uv": [8.33333, 6, 9.66667, 7], "texture": "#1"},
				"down": {"uv": [8.33333, 8, 9.66667, 7], "texture": "#1"}
			}
		},
		{
			"from": [11.13504, -3.55326, 6.015],
			"to": [14.13504, -1.55326, 8.985],
			"rotation": {"angle": 22.5, "axis": "z", "origin": [-2.46765, -4.01243, 16.005]},
			"faces": {
				"north": {"uv": [8, 10.66667, 9, 11.33333], "texture": "#1"},
				"east": {"uv": [10.66667, 8, 11.66667, 8.66667], "texture": "#1"},
				"south": {"uv": [10.66667, 6, 11.66667, 6.66667], "texture": "#1"},
				"west": {"uv": [7, 10.66667, 8, 11.33333], "texture": "#1"},
				"up": {"uv": [5, 9, 6, 10], "texture": "#1"},
				"down": {"uv": [8, 10, 9, 9], "texture": "#1"}
			}
		},
		{
			"from": [9.7508, 9.95607, 6.01],
			"to": [13.7508, 12.95607, 8.99],
			"rotation": {"angle": -22.5, "axis": "z", "origin": [-4.85189, 9.01335, 16]},
			"faces": {
				"north": {"uv": [7, 7.66667, 8.33333, 8.66667], "texture": "#1"},
				"east": {"uv": [7, 8.66667, 8, 9.66667], "texture": "#1"},
				"south": {"uv": [7.33333, 5, 8.66667, 6], "texture": "#1"},
				"west": {"uv": [6, 8.66667, 7, 9.66667], "texture": "#1"},
				"up": {"uv": [8, 2, 9.33333, 3], "texture": "#1"},
				"down": {"uv": [8, 4, 9.33333, 3], "texture": "#1"}
			}
		},
		{
			"from": [15.64784, -6.4771, 6.005],
			"to": [18.64784, -3.4771, 8.995],
			"rotation": {"angle": 45, "axis": "z", "origin": [-0.95485, -5.41982, 16]},
			"faces": {
				"north": {"uv": [8.66667, 1, 9.66667, 2], "texture": "#1"},
				"east": {"uv": [2, 8.66667, 3, 9.66667], "texture": "#1"},
				"south": {"uv": [8.66667, 0, 9.66667, 1], "texture": "#1"},
				"west": {"uv": [1, 8.66667, 2, 9.66667], "texture": "#1"},
				"up": {"uv": [8.66667, 4, 9.66667, 5], "texture": "#1"},
				"down": {"uv": [8.66667, 6, 9.66667, 5], "texture": "#1"}
			}
		},
		{
			"from": [9, 3, 9.01],
			"to": [12, 11, 9.01],
			"rotation": {"angle": 0, "axis": "y", "origin": [1, 0, 16]},
			"faces": {
				"north": {"uv": [5.66667, 0, 6.66667, 2.66667], "texture": "#1"},
				"east": {"uv": [0, 0, 0, 2.66667], "texture": "#1"},
				"south": {"uv": [5, 5.33333, 6, 8], "texture": "#1"},
				"west": {"uv": [0, 0, 0, 2.66667], "texture": "#1"},
				"up": {"uv": [0, 0, 1, 0], "texture": "#1"},
				"down": {"uv": [0, 0, 1, 0], "texture": "#1"}
			}
		},
		{
			"from": [4, 3, 9.01],
			"to": [7, 11, 9.01],
			"rotation": {"angle": 0, "axis": "y", "origin": [15, 0, 16]},
			"faces": {
				"north": {"uv": [6.66667, 0, 5.66667, 2.66667], "texture": "#1"},
				"east": {"uv": [0, 0, 0, 2.66667], "texture": "#1"},
				"south": {"uv": [6, 5.33333, 5, 8], "texture": "#1"},
				"west": {"uv": [0, 0, 0, 2.66667], "texture": "#1"},
				"up": {"uv": [1, 0, 0, 0], "texture": "#1"},
				"down": {"uv": [1, 0, 0, 0], "texture": "#1"}
			}
		},
		{
			"from": [-2.64784, -6.4771, 6.005],
			"to": [0.35216, -3.4771, 8.995],
			"rotation": {"angle": -45, "axis": "z", "origin": [16.95485, -5.41982, 16]},
			"faces": {
				"north": {"uv": [9.66667, 1, 8.66667, 2], "texture": "#1"},
				"east": {"uv": [2, 8.66667, 1, 9.66667], "texture": "#1"},
				"south": {"uv": [9.66667, 0, 8.66667, 1], "texture": "#1"},
				"west": {"uv": [3, 8.66667, 2, 9.66667], "texture": "#1"},
				"up": {"uv": [9.66667, 4, 8.66667, 5], "texture": "#1"},
				"down": {"uv": [9.66667, 6, 8.66667, 5], "texture": "#1"}
			}
		},
		{
			"from": [2.2492, 9.95607, 6.01],
			"to": [6.2492, 12.95607, 8.99],
			"rotation": {"angle": 22.5, "axis": "z", "origin": [20.85189, 9.01335, 16]},
			"faces": {
				"north": {"uv": [8.33333, 7.66667, 7, 8.66667], "texture": "#1"},
				"east": {"uv": [7, 8.66667, 6, 9.66667], "texture": "#1"},
				"south": {"uv": [8.66667, 5, 7.33333, 6], "texture": "#1"},
				"west": {"uv": [8, 8.66667, 7, 9.66667], "texture": "#1"},
				"up": {"uv": [9.33333, 2, 8, 3], "texture": "#1"},
				"down": {"uv": [9.33333, 4, 8, 3], "texture": "#1"}
			}
		},
		{
			"from": [1.86496, -3.55326, 6.015],
			"to": [4.86496, -1.55326, 8.985],
			"rotation": {"angle": -22.5, "axis": "z", "origin": [18.46765, -4.01243, 16.005]},
			"faces": {
				"north": {"uv": [9, 10.66667, 8, 11.33333], "texture": "#1"},
				"east": {"uv": [8, 10.66667, 7, 11.33333], "texture": "#1"},
				"south": {"uv": [11.66667, 6, 10.66667, 6.66667], "texture": "#1"},
				"west": {"uv": [11.66667, 8, 10.66667, 8.66667], "texture": "#1"},
				"up": {"uv": [6, 9, 5, 10], "texture": "#1"},
				"down": {"uv": [9, 10, 8, 9], "texture": "#1"}
			}
		},
		{
			"from": [-1.23653, 1.48599, 6.01],
			"to": [2.76347, 7.48599, 8.99],
			"rotation": {"angle": -22.5, "axis": "z", "origin": [17.36616, -5.45673, 16]},
			"faces": {
				"north": {"uv": [7.33333, 4.66667, 6, 6.66667], "texture": "#1"},
				"east": {"uv": [7, 6.66667, 6, 8.66667], "texture": "#1"},
				"south": {"uv": [7, 2.66667, 5.66667, 4.66667], "texture": "#1"},
				"west": {"uv": [8, 2, 7, 4], "texture": "#1"},
				"up": {"uv": [9.66667, 6, 8.33333, 7], "texture": "#1"},
				"down": {"uv": [9.66667, 8, 8.33333, 7], "texture": "#1"}
			}
		},
		{
			"from": [4.35525, 0.83613, 6.505],
			"to": [5.06235, 1.54323, 8.495],
			"rotation": {"angle": 0, "axis": "y", "origin": [7.8278, -10.10659, 16.005]},
			"faces": {
				"north": {"uv": [2.66667, 12.66667, 2.33333, 13], "texture": "#1"},
				"east": {"uv": [12.66667, 10, 12, 10.33333], "texture": "#1"},
				"south": {"uv": [13, 2, 12.66667, 2.33333], "texture": "#1"},
				"west": {"uv": [12.66667, 11.66667, 12, 12], "texture": "#1"},
				"up": {"uv": [12.33333, 12, 12, 12.66667], "texture": "#1"},
				"down": {"uv": [0.33333, 13, 0, 12.33333], "texture": "#1"}
			}
		},
		{
			"from": [-0.57656, -9.5, 6.5],
			"to": [3.42344, -7.5, 8.5],
			"rotation": {"angle": -45, "axis": "z", "origin": [16.36616, -5.45673, 16]},
			"faces": {
				"north": {"uv": [2.66667, 9.66667, 1.33333, 10.33333], "texture": "#1"},
				"east": {"uv": [9.33333, 11.33333, 8.66667, 12], "texture": "#1"},
				"south": {"uv": [10.66667, 8, 9.33333, 8.66667], "texture": "#1"},
				"west": {"uv": [12, 8.66667, 11.33333, 9.33333], "texture": "#1"},
				"up": {"uv": [11, 1.33333, 9.66667, 2], "texture": "#1"},
				"down": {"uv": [11, 4.66667, 9.66667, 4], "texture": "#1"}
			}
		},
		{
			"from": [6.5, 12, 7.5],
			"to": [9.5, 28, 9.5],
			"rotation": {"angle": 0, "axis": "y", "origin": [16, 5, 16]},
			"faces": {
				"north": {"uv": [0, 4.33333, 1, 9.66667], "texture": "#1"},
				"east": {"uv": [5, 0, 5.66667, 5.33333], "texture": "#1"},
				"south": {"uv": [4, 0, 5, 5.33333], "texture": "#1"},
				"west": {"uv": [3, 4.33333, 3.66667, 9.66667], "texture": "#1"},
				"up": {"uv": [7.33333, 6, 8.33333, 6.66667], "texture": "#1"},
				"down": {"uv": [2.66667, 10.33333, 3.66667, 9.66667], "texture": "#1"}
			}
		},
		{
			"from": [6, 28, 7],
			"to": [10, 30, 10],
			"rotation": {"angle": 0, "axis": "y", "origin": [16, 5, 16]},
			"faces": {
				"north": {"uv": [9.33333, 2, 10.66667, 2.66667], "texture": "#1"},
				"east": {"uv": [10.33333, 10, 11.33333, 10.66667], "texture": "#1"},
				"south": {"uv": [9, 9, 10.33333, 9.66667], "texture": "#1"},
				"west": {"uv": [10.33333, 9.33333, 11.33333, 10], "texture": "#1"},
				"up": {"uv": [7, 6.66667, 8.33333, 7.66667], "texture": "#1"},
				"down": {"uv": [7.33333, 5, 8.66667, 4], "texture": "#1"}
			}
		},
		{
			"from": [6.75, 3.5, 9.85],
			"to": [7.15, 28.5, 10.25],
			"rotation": {"angle": 0, "axis": "y", "origin": [-2.1, 5, 16]},
			"faces": {
				"north": {"uv": [4.33333, 5.33333, 4.66667, 13.66667], "texture": "#1"},
				"east": {"uv": [4.66667, 5.33333, 5, 13.66667], "texture": "#1"},
				"south": {"uv": [3.66667, 4.33333, 4, 12.66667], "texture": "#1"},
				"west": {"uv": [4, 5.33333, 4.33333, 13.66667], "texture": "#1"},
				"up": {"uv": [8, 8.66667, 8.33333, 9], "texture": "#1"},
				"down": {"uv": [7.66667, 10, 8, 9.66667], "texture": "#1"}
			}
		},
		{
			"from": [8.1, 3.5, 9.85],
			"to": [8.5, 28.5, 10.25],
			"rotation": {"angle": 0, "axis": "y", "origin": [-0.75, 5, 16]},
			"faces": {
				"north": {"uv": [4.33333, 5.33333, 4.66667, 13.66667], "texture": "#1"},
				"east": {"uv": [4.66667, 5.33333, 5, 13.66667], "texture": "#1"},
				"south": {"uv": [3.66667, 4.33333, 4, 12.66667], "texture": "#1"},
				"west": {"uv": [4, 5.33333, 4.33333, 13.66667], "texture": "#1"},
				"up": {"uv": [8, 8.66667, 8.33333, 9], "texture": "#1"},
				"down": {"uv": [7.66667, 10, 8, 9.66667], "texture": "#1"}
			}
		},
		{
			"from": [7.45, 3.5, 9.85],
			"to": [7.85, 28.5, 10.25],
			"rotation": {"angle": 0, "axis": "y", "origin": [-1.4, 5, 16]},
			"faces": {
				"north": {"uv": [4.33333, 5.33333, 4.66667, 13.66667], "texture": "#1"},
				"east": {"uv": [4.66667, 5.33333, 5, 13.66667], "texture": "#1"},
				"south": {"uv": [3.66667, 4.33333, 4, 12.66667], "texture": "#1"},
				"west": {"uv": [4, 5.33333, 4.33333, 13.66667], "texture": "#1"},
				"up": {"uv": [8, 8.66667, 8.33333, 9], "texture": "#1"},
				"down": {"uv": [7.66667, 10, 8, 9.66667], "texture": "#1"}
			}
		},
		{
			"from": [8.85, 3.5, 9.85],
			"to": [9.25, 28.5, 10.25],
			"rotation": {"angle": 0, "axis": "y", "origin": [0, 5, 16]},
			"faces": {
				"north": {"uv": [4.33333, 5.33333, 4.66667, 13.66667], "texture": "#1"},
				"east": {"uv": [4.66667, 5.33333, 5, 13.66667], "texture": "#1"},
				"south": {"uv": [3.66667, 4.33333, 4, 12.66667], "texture": "#1"},
				"west": {"uv": [4, 5.33333, 4.33333, 13.66667], "texture": "#1"},
				"up": {"uv": [8, 8.66667, 8.33333, 9], "texture": "#1"},
				"down": {"uv": [7.66667, 10, 8, 9.66667], "texture": "#1"}
			}
		},
		{
			"from": [7.005, 10.69285, 1.45],
			"to": [8.995, 13.69285, 2.75],
			"rotation": {"angle": 22.5, "axis": "x", "origin": [15, 0.63601, 14.99468]},
			"faces": {
				"north": {"uv": [9.66667, 9.66667, 10.33333, 10.66667], "texture": "#1"},
				"east": {"uv": [10, 11.33333, 10.33333, 12.33333], "texture": "#1"},
				"south": {"uv": [9, 9.66667, 9.66667, 10.66667], "texture": "#1"},
				"west": {"uv": [9.66667, 11.33333, 10, 12.33333], "texture": "#1"},
				"up": {"uv": [11.66667, 2, 12.33333, 2.33333], "texture": "#1"},
				"down": {"uv": [11.66667, 2.66667, 12.33333, 2.33333], "texture": "#1"}
			}
		},
		{
			"from": [6.5, -2, 4.94975],
			"to": [9.5, 0, 6.94975],
			"rotation": {"angle": 45, "axis": "x", "origin": [16, -2.36396, 12.94975]},
			"faces": {
				"north": {"uv": [9.66667, 5.33333, 10.66667, 6], "texture": "#1"},
				"east": {"uv": [9.66667, 10.66667, 10.33333, 11.33333], "texture": "#1"},
				"south": {"uv": [9.66667, 4.66667, 10.66667, 5.33333], "texture": "#1"},
				"west": {"uv": [9, 10.66667, 9.66667, 11.33333], "texture": "#1"},
				"up": {"uv": [6, 9.66667, 7, 10.33333], "texture": "#1"},
				"down": {"uv": [9.66667, 6.66667, 10.66667, 6], "texture": "#1"}
			}
		},
		{
			"from": [7, -1.51749, 7.77391],
			"to": [9, 1.48251, 8.77391],
			"rotation": {"angle": 22.5, "axis": "x", "origin": [16.5, -1.51749, 14.77391]},
			"faces": {
				"north": {"uv": [7, 9.66667, 7.66667, 10.66667], "texture": "#1"},
				"east": {"uv": [11.33333, 9.33333, 11.66667, 10.33333], "texture": "#1"},
				"south": {"uv": [9.66667, 6.66667, 10.33333, 7.66667], "texture": "#1"},
				"west": {"uv": [9.33333, 11.33333, 9.66667, 12.33333], "texture": "#1"},
				"up": {"uv": [9.66667, 7.66667, 10.33333, 8], "texture": "#1"},
				"down": {"uv": [10.33333, 1.33333, 11, 1], "texture": "#1"}
			}
		},
		{
			"from": [7, 4.00838, 5.27903],
			"to": [9, 4.93226, 7.27903],
			"rotation": {"angle": 22.5, "axis": "x", "origin": [16, -1.06774, 14.50269]},
			"faces": {
				"north": {"uv": [11.66667, 8, 12.33333, 8.33333], "texture": "#1"},
				"east": {"uv": [11.66667, 8.33333, 12.33333, 8.66667], "texture": "#1"},
				"south": {"uv": [11.66667, 6, 12.33333, 6.33333], "texture": "#1"},
				"west": {"uv": [11.66667, 6.33333, 12.33333, 6.66667], "texture": "#1"},
				"up": {"uv": [10.33333, 10.66667, 11, 11.33333], "texture": "#1"},
				"down": {"uv": [0, 11.66667, 0.66667, 11], "texture": "#1"}
			}
		},
		{
			"from": [6.5, 6.23991, 8.125],
			"to": [9.5, 7.23991, 10.125],
			"rotation": {"angle": 0, "axis": "y", "origin": [16, 1.23991, 18.06962]},
			"faces": {
				"north": {"uv": [11.33333, 7.66667, 12.33333, 8], "texture": "#1"},
				"east": {"uv": [11.66667, 11, 12.33333, 11.33333], "texture": "#1"},
				"south": {"uv": [9.33333, 8.66667, 10.33333, 9], "texture": "#1"},
				"west": {"uv": [11.66667, 10.66667, 12.33333, 11], "texture": "#1"},
				"up": {"uv": [10, 2.66667, 11, 3.33333], "texture": "#1"},
				"down": {"uv": [10, 4, 11, 3.33333], "texture": "#1"}
			}
		}
	],
	"display": {
		"thirdperson_righthand": {
			"rotation": [0, -128, 0],
			"translation": [0.25, -9.5, 0.5],
			"scale": [0.9, 0.9, 0.9]
		},
		"thirdperson_lefthand": {
			"rotation": [0, -128, 0],
			"translation": [0.25, -9.5, 0.5],
			"scale": [0.9, 0.9, 0.9]
		},
		"firstperson_righthand": {
			"rotation": [15, -85, 0],
			"translation": [10.5, 0.75, -7.5],
			"scale": [0.8, 0.8, 0.8]
		},
		"firstperson_lefthand": {
			"rotation": [15, -85, 0],
			"translation": [10.5, 0.75, -7.5],
			"scale": [0.8, 0.8, 0.8]
		},
		"ground": {
			"rotation": [-91, 0, 0],
			"scale": [0.6, 0.6, 0.6]
		},
		"gui": {
			"rotation": [-20, -25, -30],
			"translation": [-1, -2, 0],
			"scale": [0.7, 0.6, 0.6]
		},
		"fixed": {
			"rotation": [0, 180, 0]
		}
	}
}