{
	"credit": "Made with Blockbench by ProbsWinter",
	"texture_size": [32, 32],
	"textures": {
		"1": "anim/fshotflameanim",
		"2": "anim/fshotflareanim",
		"4": "item/fshothilt",
		"particle": "anim/fshotflareanim"
	},
	"elements": [
		{
			"from": [9.7283, -2.17249, 6.5],
			"to": [12.7283, 0.82751, 9.5],
			"rotation": {"angle": 45, "axis": "z", "origin": [1.4133, -1.17249, 0.5]},
			"faces": {
				"north": {"uv": [2.5, 1, 4, 2.5], "texture": "#4"},
				"east": {"uv": [2.5, 2.5, 4, 4], "texture": "#4"},
				"south": {"uv": [0, 3, 1.5, 4.5], "texture": "#4"},
				"west": {"uv": [4, 1, 5.5, 2.5], "texture": "#4"},
				"up": {"uv": [3, 5.5, 1.5, 4], "texture": "#4"},
				"down": {"uv": [5.5, 2.5, 4, 4], "texture": "#4"}
			}
		},
		{
			"from": [11.7283, 2, 7.5],
			"to": [13.7283, 3, 8.5],
			"rotation": {"angle": 22.5, "axis": "z", "origin": [1.4133, -1.17249, 0.5]},
			"faces": {
				"north": {"uv": [4, 8.5, 5, 9], "texture": "#4"},
				"east": {"uv": [10.5, 1, 11, 1.5], "texture": "#4"},
				"south": {"uv": [8.5, 4.5, 9.5, 5], "texture": "#4"},
				"west": {"uv": [1.5, 10.5, 2, 11], "texture": "#4"},
				"up": {"uv": [9.5, 5.5, 8.5, 5], "texture": "#4"},
				"down": {"uv": [9.5, 5.5, 8.5, 6], "texture": "#4"}
			}
		},
		{
			"from": [2.2717, 2, 7.5],
			"to": [4.2717, 3, 8.5],
			"rotation": {"angle": -22.5, "axis": "z", "origin": [14.5867, -1.17249, 0.5]},
			"faces": {
				"north": {"uv": [8.5, 6, 9.5, 6.5], "texture": "#4"},
				"east": {"uv": [2, 10.5, 2.5, 11], "texture": "#4"},
				"south": {"uv": [8.5, 6.5, 9.5, 7], "texture": "#4"},
				"west": {"uv": [2.5, 10.5, 3, 11], "texture": "#4"},
				"up": {"uv": [9.5, 7.5, 8.5, 7], "texture": "#4"},
				"down": {"uv": [8.5, 8.5, 7.5, 9], "texture": "#4"}
			}
		},
		{
			"from": [9.7283, -3, 7.25],
			"to": [14.7283, -2, 8.75],
			"rotation": {"angle": 45, "axis": "z", "origin": [1.4133, -1.17249, 0.5]},
			"faces": {
				"north": {"uv": [7, 0, 9.5, 0.5], "texture": "#4"},
				"east": {"uv": [8.5, 7.5, 9.5, 8], "texture": "#4"},
				"south": {"uv": [7, 0.5, 9.5, 1], "texture": "#4"},
				"west": {"uv": [8.5, 8, 9.5, 8.5], "texture": "#4"},
				"up": {"uv": [2.5, 1, 0, 0], "texture": "#4"},
				"down": {"uv": [2.5, 1, 0, 2], "texture": "#4"}
			}
		},
		{
			"from": [1.2717, -3, 7.25],
			"to": [6.2717, -2, 8.75],
			"rotation": {"angle": -45, "axis": "z", "origin": [14.5867, -1.17249, 0.5]},
			"faces": {
				"north": {"uv": [7, 1, 9.5, 1.5], "texture": "#4"},
				"east": {"uv": [8.5, 8.5, 9.5, 9], "texture": "#4"},
				"south": {"uv": [2, 7, 4.5, 7.5], "texture": "#4"},
				"west": {"uv": [9, 1.5, 10, 2], "texture": "#4"},
				"up": {"uv": [2.5, 3, 0, 2], "texture": "#4"},
				"down": {"uv": [5, 0, 2.5, 1], "texture": "#4"}
			}
		},
		{
			"from": [7.5, -2, 7.5],
			"to": [8.5, 5, 8.5],
			"rotation": {"angle": 0, "axis": "y", "origin": [0, -5, 0]},
			"faces": {
				"north": {"uv": [4.5, 4, 5, 7.5], "texture": "#4"},
				"east": {"uv": [5, 4, 5.5, 7.5], "texture": "#4"},
				"south": {"uv": [5.5, 0, 6, 3.5], "texture": "#4"},
				"west": {"uv": [1.5, 5.5, 2, 9], "texture": "#4"},
				"up": {"uv": [11, 3, 10.5, 2.5], "texture": "#4"},
				"down": {"uv": [3.5, 10.5, 3, 11], "texture": "#4"}
			}
		},
		{
			"from": [7.25, -3, 7.25],
			"to": [8.75, -2, 8.75],
			"rotation": {"angle": 0, "axis": "y", "origin": [0, -6, 0]},
			"faces": {
				"north": {"uv": [9, 2, 10, 2.5], "texture": "#4"},
				"east": {"uv": [9, 2.5, 10, 3], "texture": "#4"},
				"south": {"uv": [9, 3, 10, 3.5], "texture": "#4"},
				"west": {"uv": [9, 3.5, 10, 4], "texture": "#4"},
				"up": {"uv": [8.5, 2.5, 7.5, 1.5], "texture": "#4"},
				"down": {"uv": [3, 7.5, 2, 8.5], "texture": "#4"}
			}
		},
		{
			"from": [7, 3, 7],
			"to": [9, 4, 9],
			"rotation": {"angle": 0, "axis": "y", "origin": [0, -5, 0]},
			"faces": {
				"north": {"uv": [4, 9, 5, 9.5], "texture": "#4"},
				"east": {"uv": [9, 4, 10, 4.5], "texture": "#4"},
				"south": {"uv": [7.5, 9, 8.5, 9.5], "texture": "#4"},
				"west": {"uv": [8.5, 9, 9.5, 9.5], "texture": "#4"},
				"up": {"uv": [8.5, 3.5, 7.5, 2.5], "texture": "#4"},
				"down": {"uv": [4, 7.5, 3, 8.5], "texture": "#4"}
			}
		},
		{
			"from": [4.18751, -0.90987, 7.5],
			"to": [5.18751, 1.09013, 8.5],
			"rotation": {"angle": -22.5, "axis": "z", "origin": [-3.31249, -9.90987, 0]},
			"faces": {
				"north": {"uv": [5, 0, 5.5, 1], "texture": "#4"},
				"east": {"uv": [1.5, 9, 2, 10], "texture": "#4"},
				"south": {"uv": [9.5, 0, 10, 1], "texture": "#4"},
				"west": {"uv": [4, 9.5, 4.5, 10.5], "texture": "#4"},
				"up": {"uv": [11, 3.5, 10.5, 3], "texture": "#4"},
				"down": {"uv": [11, 3.5, 10.5, 4], "texture": "#4"}
			}
		},
		{
			"from": [11.19518, -0.83375, 7.5],
			"to": [12.19518, 1.16625, 8.5],
			"rotation": {"angle": 22.5, "axis": "z", "origin": [19.69518, -10.83375, -0.25]},
			"faces": {
				"north": {"uv": [4.5, 9.5, 5, 10.5], "texture": "#4"},
				"east": {"uv": [9.5, 4.5, 10, 5.5], "texture": "#4"},
				"south": {"uv": [5, 9.5, 5.5, 10.5], "texture": "#4"},
				"west": {"uv": [9.5, 5.5, 10, 6.5], "texture": "#4"},
				"up": {"uv": [4.5, 11, 4, 10.5], "texture": "#4"},
				"down": {"uv": [11, 4, 10.5, 4.5], "texture": "#4"}
			}
		},
		{
			"from": [7.5, -0.83375, 11.19518],
			"to": [8.5, 1.16625, 12.19518],
			"rotation": {"angle": -22.5, "axis": "x", "origin": [16.25, -10.83375, 19.69518]},
			"faces": {
				"north": {"uv": [9.5, 6.5, 10, 7.5], "texture": "#4"},
				"east": {"uv": [7.5, 9.5, 8, 10.5], "texture": "#4"},
				"south": {"uv": [9.5, 7.5, 10, 8.5], "texture": "#4"},
				"west": {"uv": [8, 9.5, 8.5, 10.5], "texture": "#4"},
				"up": {"uv": [5, 11, 4.5, 10.5], "texture": "#4"},
				"down": {"uv": [11, 4.5, 10.5, 5], "texture": "#4"}
			}
		},
		{
			"from": [7.5, -0.90987, 4.18751],
			"to": [8.5, 1.09013, 5.18751],
			"rotation": {"angle": 22.5, "axis": "x", "origin": [16, -9.90987, -3.31249]},
			"faces": {
				"north": {"uv": [8.5, 9.5, 9, 10.5], "texture": "#4"},
				"east": {"uv": [9.5, 8.5, 10, 9.5], "texture": "#4"},
				"south": {"uv": [9, 9.5, 9.5, 10.5], "texture": "#4"},
				"west": {"uv": [9.5, 9.5, 10, 10.5], "texture": "#4"},
				"up": {"uv": [5.5, 11, 5, 10.5], "texture": "#4"},
				"down": {"uv": [11, 5, 10.5, 5.5], "texture": "#4"}
			}
		},
		{
			"from": [7.5, -5, 7.5],
			"to": [8.5, -4, 8.5],
			"rotation": {"angle": 0, "axis": "y", "origin": [0, -6, 0]},
			"faces": {
				"north": {"uv": [10.5, 5.5, 11, 6], "texture": "#4"},
				"east": {"uv": [10.5, 6, 11, 6.5], "texture": "#4"},
				"south": {"uv": [10.5, 6.5, 11, 7], "texture": "#4"},
				"west": {"uv": [10.5, 7, 11, 7.5], "texture": "#4"},
				"up": {"uv": [8, 11, 7.5, 10.5], "texture": "#4"},
				"down": {"uv": [11, 7.5, 10.5, 8], "texture": "#4"}
			}
		},
		{
			"from": [10.58579, 5, 7],
			"to": [12.58579, 8, 9],
			"rotation": {"angle": 0, "axis": "y", "origin": [1.4133, -1.17249, 0.5]},
			"faces": {
				"north": {"uv": [6.5, 3.5, 7.5, 5], "texture": "#4"},
				"east": {"uv": [6.5, 5, 7.5, 6.5], "texture": "#4"},
				"south": {"uv": [5.5, 6.5, 6.5, 8], "texture": "#4"},
				"west": {"uv": [6.5, 6.5, 7.5, 8], "texture": "#4"},
				"up": {"uv": [8.5, 4.5, 7.5, 3.5], "texture": "#4"},
				"down": {"uv": [5, 7.5, 4, 8.5], "texture": "#4"}
			}
		},
		{
			"from": [13.58579, 3, 7.25],
			"to": [15.08579, 4, 8.75],
			"rotation": {"angle": 22.5, "axis": "z", "origin": [1.4133, -1.17249, 0.5]},
			"faces": {
				"north": {"uv": [9.5, 1, 10.5, 1.5], "texture": "#4"},
				"east": {"uv": [10, 0, 11, 0.5], "texture": "#4"},
				"south": {"uv": [0.5, 10, 1.5, 10.5], "texture": "#4"},
				"west": {"uv": [10, 0.5, 11, 1], "texture": "#4"},
				"up": {"uv": [8.5, 5.5, 7.5, 4.5], "texture": "#4"},
				"down": {"uv": [8.5, 5.5, 7.5, 6.5], "texture": "#4"}
			}
		},
		{
			"from": [10.875, 8.25, 7.5],
			"to": [11.875, 9.25, 8.5],
			"rotation": {"angle": 0, "axis": "y", "origin": [1.4133, -1.17249, 0.5]},
			"faces": {
				"north": {"uv": [8, 10.5, 8.5, 11], "texture": "#4"},
				"east": {"uv": [10.5, 8, 11, 8.5], "texture": "#4"},
				"south": {"uv": [8.5, 10.5, 9, 11], "texture": "#4"},
				"west": {"uv": [10.5, 8.5, 11, 9], "texture": "#4"},
				"up": {"uv": [9.5, 11, 9, 10.5], "texture": "#4"},
				"down": {"uv": [11, 9, 10.5, 9.5], "texture": "#4"}
			}
		},
		{
			"from": [6.25, 12, 7.6],
			"to": [7.05, 13, 8.4],
			"rotation": {"angle": -22.5, "axis": "z", "origin": [1.4133, -1.17249, 0.5]},
			"faces": {
				"north": {"uv": [11, 0.5, 11.5, 1], "texture": "#4"},
				"east": {"uv": [11, 1, 11.5, 1.5], "texture": "#4"},
				"south": {"uv": [1.5, 11, 2, 11.5], "texture": "#4"},
				"west": {"uv": [11, 1.5, 11.5, 2], "texture": "#4"},
				"up": {"uv": [2.5, 11.5, 2, 11], "texture": "#4"},
				"down": {"uv": [11.5, 2, 11, 2.5], "texture": "#4"}
			}
		},
		{
			"from": [0.55, 13.75, 7.7],
			"to": [1.15, 14.75, 8.3],
			"rotation": {"angle": -45, "axis": "z", "origin": [1.4133, -1.17249, 0.5]},
			"faces": {
				"north": {"uv": [2.5, 11, 3, 11.5], "texture": "#4"},
				"east": {"uv": [11, 2.5, 11.5, 3], "texture": "#4"},
				"south": {"uv": [3, 11, 3.5, 11.5], "texture": "#4"},
				"west": {"uv": [11, 3, 11.5, 3.5], "texture": "#4"},
				"up": {"uv": [4, 11.5, 3.5, 11], "texture": "#4"},
				"down": {"uv": [11.5, 3.5, 11, 4], "texture": "#4"}
			}
		},
		{
			"from": [15.75, 5.2, 7.8],
			"to": [16.75, 5.6, 8.2],
			"rotation": {"angle": 22.5, "axis": "z", "origin": [1.4133, -1.17249, 0.5]},
			"faces": {
				"north": {"uv": [4, 11, 4.5, 11.5], "texture": "#4"},
				"east": {"uv": [11, 4, 11.5, 4.5], "texture": "#4"},
				"south": {"uv": [4.5, 11, 5, 11.5], "texture": "#4"},
				"west": {"uv": [11, 4.5, 11.5, 5], "texture": "#4"},
				"up": {"uv": [5.5, 11.5, 5, 11], "texture": "#4"},
				"down": {"uv": [11.5, 5, 11, 5.5], "texture": "#4"}
			}
		},
		{
			"from": [12.00919, 6.28921, 7.5],
			"to": [13.00919, 7.28921, 8.5],
			"rotation": {"angle": 0, "axis": "y", "origin": [2.5867, -3.17249, 0.5]},
			"faces": {
				"north": {"uv": [11.5, 4.5, 12, 5], "texture": "#4"},
				"east": {"uv": [5, 11.5, 5.5, 12], "texture": "#4"},
				"south": {"uv": [11.5, 5, 12, 5.5], "texture": "#4"},
				"west": {"uv": [5.5, 11.5, 6, 12], "texture": "#4"},
				"up": {"uv": [12, 6, 11.5, 5.5], "texture": "#4"},
				"down": {"uv": [6.5, 11.5, 6, 12], "texture": "#4"}
			}
		},
		{
			"from": [15.75919, 1.66421, 7.6],
			"to": [16.75919, 2.46421, 8.4],
			"rotation": {"angle": 22.5, "axis": "z", "origin": [2.5867, -3.17249, 0.5]},
			"faces": {
				"north": {"uv": [11.5, 6, 12, 6.5], "texture": "#4"},
				"east": {"uv": [6.5, 11.5, 7, 12], "texture": "#4"},
				"south": {"uv": [11.5, 6.5, 12, 7], "texture": "#4"},
				"west": {"uv": [7, 11.5, 7.5, 12], "texture": "#4"},
				"up": {"uv": [12, 7.5, 11.5, 7], "texture": "#4"},
				"down": {"uv": [8, 11.5, 7.5, 12], "texture": "#4"}
			}
		},
		{
			"from": [17.50919, -4.03579, 7.7],
			"to": [18.50919, -3.43579, 8.3],
			"rotation": {"angle": 45, "axis": "z", "origin": [2.5867, -3.17249, 0.5]},
			"faces": {
				"north": {"uv": [11.5, 7.5, 12, 8], "texture": "#4"},
				"east": {"uv": [8, 11.5, 8.5, 12], "texture": "#4"},
				"south": {"uv": [11.5, 8, 12, 8.5], "texture": "#4"},
				"west": {"uv": [8.5, 11.5, 9, 12], "texture": "#4"},
				"up": {"uv": [12, 9, 11.5, 8.5], "texture": "#4"},
				"down": {"uv": [9.5, 11.5, 9, 12], "texture": "#4"}
			}
		},
		{
			"from": [8.95919, 11.16421, 7.8],
			"to": [9.35919, 12.16421, 8.2],
			"rotation": {"angle": -22.5, "axis": "z", "origin": [2.5867, -3.17249, 0.5]},
			"faces": {
				"north": {"uv": [11.5, 9, 12, 9.5], "texture": "#4"},
				"east": {"uv": [9.5, 11.5, 10, 12], "texture": "#4"},
				"south": {"uv": [11.5, 9.5, 12, 10], "texture": "#4"},
				"west": {"uv": [10, 11.5, 10.5, 12], "texture": "#4"},
				"up": {"uv": [12, 10.5, 11.5, 10], "texture": "#4"},
				"down": {"uv": [11, 11.5, 10.5, 12], "texture": "#4"}
			}
		},
		{
			"name": "east fire",
			"from": [9.58579, 1, 8],
			"to": [13.58579, 5, 8],
			"rotation": {"angle": 0, "axis": "y", "origin": [1.4133, -1.17249, 0.5]},
			"faces": {
				"north": {"uv": [0, 0, 8, 8], "texture": "#2"},
				"east": {"uv": [0, 0, 0, 8], "texture": "#2"},
				"south": {"uv": [8, 0, 0, 8], "texture": "#2"},
				"west": {"uv": [0, 0, 0, 8], "texture": "#2"},
				"up": {"uv": [8, 0, 0, 0], "texture": "#2"},
				"down": {"uv": [8, 0, 0, 0], "texture": "#2"}
			}
		},
		{
			"from": [3.41421, 5, 7],
			"to": [5.41421, 8, 9],
			"rotation": {"angle": 0, "axis": "y", "origin": [14.5867, -1.17249, 0.5]},
			"faces": {
				"north": {"uv": [2, 5.5, 3, 7], "texture": "#4"},
				"east": {"uv": [3, 5.5, 4, 7], "texture": "#4"},
				"south": {"uv": [5.5, 3.5, 6.5, 5], "texture": "#4"},
				"west": {"uv": [5.5, 5, 6.5, 6.5], "texture": "#4"},
				"up": {"uv": [2.5, 4, 1.5, 3], "texture": "#4"},
				"down": {"uv": [1, 7.5, 0, 8.5], "texture": "#4"}
			}
		},
		{
			"from": [0.91421, 3, 7.25],
			"to": [2.41421, 4, 8.75],
			"rotation": {"angle": -22.5, "axis": "z", "origin": [14.5867, -1.17249, 0.5]},
			"faces": {
				"north": {"uv": [1.5, 10, 2.5, 10.5], "texture": "#4"},
				"east": {"uv": [10, 1.5, 11, 2], "texture": "#4"},
				"south": {"uv": [10, 2, 11, 2.5], "texture": "#4"},
				"west": {"uv": [2.5, 10, 3.5, 10.5], "texture": "#4"},
				"up": {"uv": [8.5, 7.5, 7.5, 6.5], "texture": "#4"},
				"down": {"uv": [8.5, 7.5, 7.5, 8.5], "texture": "#4"}
			}
		},
		{
			"from": [4.125, 8.25, 7.5],
			"to": [5.125, 9.25, 8.5],
			"rotation": {"angle": 0, "axis": "y", "origin": [14.5867, -1.17249, 0.5]},
			"faces": {
				"north": {"uv": [9.5, 10.5, 10, 11], "texture": "#4"},
				"east": {"uv": [10.5, 9.5, 11, 10], "texture": "#4"},
				"south": {"uv": [10, 10.5, 10.5, 11], "texture": "#4"},
				"west": {"uv": [10.5, 10, 11, 10.5], "texture": "#4"},
				"up": {"uv": [11, 11, 10.5, 10.5], "texture": "#4"},
				"down": {"uv": [11.5, 0, 11, 0.5], "texture": "#4"}
			}
		},
		{
			"from": [-0.75, 5.2, 7.8],
			"to": [0.25, 5.6, 8.2],
			"rotation": {"angle": -22.5, "axis": "z", "origin": [14.5867, -1.17249, 0.5]},
			"faces": {
				"north": {"uv": [5.5, 11, 6, 11.5], "texture": "#4"},
				"east": {"uv": [11, 5.5, 11.5, 6], "texture": "#4"},
				"south": {"uv": [6, 11, 6.5, 11.5], "texture": "#4"},
				"west": {"uv": [11, 6, 11.5, 6.5], "texture": "#4"},
				"up": {"uv": [7, 11.5, 6.5, 11], "texture": "#4"},
				"down": {"uv": [11.5, 6.5, 11, 7], "texture": "#4"}
			}
		},
		{
			"from": [14.85, 13.75, 7.7],
			"to": [15.45, 14.75, 8.3],
			"rotation": {"angle": 45, "axis": "z", "origin": [14.5867, -1.17249, 0.5]},
			"faces": {
				"north": {"uv": [7, 11, 7.5, 11.5], "texture": "#4"},
				"east": {"uv": [11, 7, 11.5, 7.5], "texture": "#4"},
				"south": {"uv": [7.5, 11, 8, 11.5], "texture": "#4"},
				"west": {"uv": [11, 7.5, 11.5, 8], "texture": "#4"},
				"up": {"uv": [8.5, 11.5, 8, 11], "texture": "#4"},
				"down": {"uv": [11.5, 8, 11, 8.5], "texture": "#4"}
			}
		},
		{
			"from": [8.95, 12, 7.6],
			"to": [9.75, 13, 8.4],
			"rotation": {"angle": 22.5, "axis": "z", "origin": [14.5867, -1.17249, 0.5]},
			"faces": {
				"north": {"uv": [8.5, 11, 9, 11.5], "texture": "#4"},
				"east": {"uv": [11, 8.5, 11.5, 9], "texture": "#4"},
				"south": {"uv": [9, 11, 9.5, 11.5], "texture": "#4"},
				"west": {"uv": [11, 9, 11.5, 9.5], "texture": "#4"},
				"up": {"uv": [10, 11.5, 9.5, 11], "texture": "#4"},
				"down": {"uv": [11.5, 9.5, 11, 10], "texture": "#4"}
			}
		},
		{
			"from": [6.64081, 11.16421, 7.8],
			"to": [7.04081, 12.16421, 8.2],
			"rotation": {"angle": 22.5, "axis": "z", "origin": [13.4133, -3.17249, 0.5]},
			"faces": {
				"north": {"uv": [10, 11, 10.5, 11.5], "texture": "#4"},
				"east": {"uv": [11, 10, 11.5, 10.5], "texture": "#4"},
				"south": {"uv": [10.5, 11, 11, 11.5], "texture": "#4"},
				"west": {"uv": [11, 10.5, 11.5, 11], "texture": "#4"},
				"up": {"uv": [11.5, 11.5, 11, 11], "texture": "#4"},
				"down": {"uv": [0.5, 11.5, 0, 12], "texture": "#4"}
			}
		},
		{
			"from": [-2.50919, -4.03579, 7.7],
			"to": [-1.50919, -3.43579, 8.3],
			"rotation": {"angle": -45, "axis": "z", "origin": [13.4133, -3.17249, 0.5]},
			"faces": {
				"north": {"uv": [11.5, 0, 12, 0.5], "texture": "#4"},
				"east": {"uv": [0.5, 11.5, 1, 12], "texture": "#4"},
				"south": {"uv": [11.5, 0.5, 12, 1], "texture": "#4"},
				"west": {"uv": [1, 11.5, 1.5, 12], "texture": "#4"},
				"up": {"uv": [12, 1.5, 11.5, 1], "texture": "#4"},
				"down": {"uv": [2, 11.5, 1.5, 12], "texture": "#4"}
			}
		},
		{
			"from": [-0.75919, 1.66421, 7.6],
			"to": [0.24081, 2.46421, 8.4],
			"rotation": {"angle": -22.5, "axis": "z", "origin": [13.4133, -3.17249, 0.5]},
			"faces": {
				"north": {"uv": [11.5, 1.5, 12, 2], "texture": "#4"},
				"east": {"uv": [2, 11.5, 2.5, 12], "texture": "#4"},
				"south": {"uv": [11.5, 2, 12, 2.5], "texture": "#4"},
				"west": {"uv": [2.5, 11.5, 3, 12], "texture": "#4"},
				"up": {"uv": [12, 3, 11.5, 2.5], "texture": "#4"},
				"down": {"uv": [3.5, 11.5, 3, 12], "texture": "#4"}
			}
		},
		{
			"from": [2.99081, 6.28921, 7.5],
			"to": [3.99081, 7.28921, 8.5],
			"rotation": {"angle": 0, "axis": "y", "origin": [13.4133, -3.17249, 0.5]},
			"faces": {
				"north": {"uv": [11.5, 3, 12, 3.5], "texture": "#4"},
				"east": {"uv": [3.5, 11.5, 4, 12], "texture": "#4"},
				"south": {"uv": [11.5, 3.5, 12, 4], "texture": "#4"},
				"west": {"uv": [4, 11.5, 4.5, 12], "texture": "#4"},
				"up": {"uv": [12, 4.5, 11.5, 4], "texture": "#4"},
				"down": {"uv": [5, 11.5, 4.5, 12], "texture": "#4"}
			}
		},
		{
			"name": "west fire",
			"from": [2.41421, 1, 8],
			"to": [6.41421, 5, 8],
			"rotation": {"angle": 0, "axis": "y", "origin": [14.5867, -1.17249, 0.5]},
			"faces": {
				"north": {"uv": [8, 0, 0, 8], "texture": "#2"},
				"east": {"uv": [0, 0, 0, 8], "texture": "#2"},
				"south": {"uv": [0, 0, 8, 8], "texture": "#2"},
				"west": {"uv": [0, 0, 0, 8], "texture": "#2"},
				"up": {"uv": [8, 0, 0, 0], "texture": "#2"},
				"down": {"uv": [8, 0, 0, 0], "texture": "#2"}
			}
		},
		{
			"from": [6.5, 6.82751, 7],
			"to": [9.5, 9.82751, 9],
			"rotation": {"angle": 0, "axis": "y", "origin": [1.4133, -1.17249, 0.5]},
			"faces": {
				"north": {"uv": [3, 4, 4.5, 5.5], "texture": "#4"},
				"east": {"uv": [0, 6, 1, 7.5], "texture": "#4"},
				"south": {"uv": [0, 4.5, 1.5, 6], "texture": "#4"},
				"west": {"uv": [6, 0, 7, 1.5], "texture": "#4"},
				"up": {"uv": [7.5, 2.5, 6, 1.5], "texture": "#4"},
				"down": {"uv": [7.5, 2.5, 6, 3.5], "texture": "#4"}
			}
		},
		{
			"from": [5.4, 5.25, 7.5],
			"to": [6.4, 7.25, 8.5],
			"rotation": {"angle": -22.5, "axis": "z", "origin": [14.5867, -1.17249, 0.5]},
			"faces": {
				"north": {"uv": [10, 2.5, 10.5, 3.5], "texture": "#4"},
				"east": {"uv": [3.5, 10, 4, 11], "texture": "#4"},
				"south": {"uv": [10, 3.5, 10.5, 4.5], "texture": "#4"},
				"west": {"uv": [10, 4.5, 10.5, 5.5], "texture": "#4"},
				"up": {"uv": [12, 11, 11.5, 10.5], "texture": "#4"},
				"down": {"uv": [11.5, 11.5, 11, 12], "texture": "#4"}
			}
		},
		{
			"from": [9.6, 5.25, 7.5],
			"to": [10.6, 7.25, 8.5],
			"rotation": {"angle": 22.5, "axis": "z", "origin": [1.4133, -1.17249, 0.5]},
			"faces": {
				"north": {"uv": [5.5, 10, 6, 11], "texture": "#4"},
				"east": {"uv": [10, 5.5, 10.5, 6.5], "texture": "#4"},
				"south": {"uv": [6, 10, 6.5, 11], "texture": "#4"},
				"west": {"uv": [6.5, 10, 7, 11], "texture": "#4"},
				"up": {"uv": [12, 11.5, 11.5, 11], "texture": "#4"},
				"down": {"uv": [12, 11.5, 11.5, 12], "texture": "#4"}
			}
		},
		{
			"from": [12.90966, 5.5096, 7.5],
			"to": [13.90966, 7.5096, 8.5],
			"rotation": {"angle": 45, "axis": "z", "origin": [4.72296, -0.91289, 0.5]},
			"faces": {
				"north": {"uv": [10, 6.5, 10.5, 7.5], "texture": "#4"},
				"east": {"uv": [7, 10, 7.5, 11], "texture": "#4"},
				"south": {"uv": [10, 7.5, 10.5, 8.5], "texture": "#4"},
				"west": {"uv": [10, 8.5, 10.5, 9.5], "texture": "#4"},
				"up": {"uv": [0.5, 12.5, 0, 12], "texture": "#4"},
				"down": {"uv": [12.5, 0, 12, 0.5], "texture": "#4"}
			}
		},
		{
			"from": [2.09034, 5.5096, 7.5],
			"to": [3.09034, 7.5096, 8.5],
			"rotation": {"angle": -45, "axis": "z", "origin": [11.27704, -0.91289, 0.5]},
			"faces": {
				"north": {"uv": [10, 9.5, 10.5, 10.5], "texture": "#4"},
				"east": {"uv": [0, 10.5, 0.5, 11.5], "texture": "#4"},
				"south": {"uv": [0.5, 10.5, 1, 11.5], "texture": "#4"},
				"west": {"uv": [1, 10.5, 1.5, 11.5], "texture": "#4"},
				"up": {"uv": [1, 12.5, 0.5, 12], "texture": "#4"},
				"down": {"uv": [12.5, 0.5, 12, 1], "texture": "#4"}
			}
		},
		{
			"from": [14.5, 6, 7.6],
			"to": [15.3, 8.5, 8.4],
			"rotation": {"angle": 22.5, "axis": "z", "origin": [1.17742, -1.45492, 0.5]},
			"faces": {
				"north": {"uv": [4, 5.5, 4.5, 7], "texture": "#4"},
				"east": {"uv": [0.5, 8.5, 1, 10], "texture": "#4"},
				"south": {"uv": [8.5, 1.5, 9, 3], "texture": "#4"},
				"west": {"uv": [2, 8.5, 2.5, 10], "texture": "#4"},
				"up": {"uv": [1.5, 12.5, 1, 12], "texture": "#4"},
				"down": {"uv": [12.5, 1, 12, 1.5], "texture": "#4"}
			}
		},
		{
			"from": [0.7, 6, 7.6],
			"to": [1.5, 8.5, 8.4],
			"rotation": {"angle": -22.5, "axis": "z", "origin": [14.82258, -1.45492, 0.5]},
			"faces": {
				"north": {"uv": [2.5, 8.5, 3, 10], "texture": "#4"},
				"east": {"uv": [3, 8.5, 3.5, 10], "texture": "#4"},
				"south": {"uv": [8.5, 3, 9, 4.5], "texture": "#4"},
				"west": {"uv": [3.5, 8.5, 4, 10], "texture": "#4"},
				"up": {"uv": [2, 12.5, 1.5, 12], "texture": "#4"},
				"down": {"uv": [12.5, 1.5, 12, 2], "texture": "#4"}
			}
		},
		{
			"from": [9.75, 12.75, 7.7],
			"to": [10.35, 16.75, 8.3],
			"rotation": {"angle": 0, "axis": "y", "origin": [1.17742, -1.45492, 0.5]},
			"faces": {
				"north": {"uv": [1, 6, 1.5, 8], "texture": "#4"},
				"east": {"uv": [5, 7.5, 5.5, 9.5], "texture": "#4"},
				"south": {"uv": [1, 8, 1.5, 10], "texture": "#4"},
				"west": {"uv": [5.5, 8, 6, 10], "texture": "#4"},
				"up": {"uv": [2.5, 12.5, 2, 12], "texture": "#4"},
				"down": {"uv": [12.5, 2, 12, 2.5], "texture": "#4"}
			}
		},
		{
			"from": [5.65, 12.75, 7.7],
			"to": [6.25, 16.75, 8.3],
			"rotation": {"angle": 0, "axis": "y", "origin": [14.82258, -1.45492, 0.5]},
			"faces": {
				"north": {"uv": [6, 8, 6.5, 10], "texture": "#4"},
				"east": {"uv": [6.5, 8, 7, 10], "texture": "#4"},
				"south": {"uv": [7, 8, 7.5, 10], "texture": "#4"},
				"west": {"uv": [0, 8.5, 0.5, 10.5], "texture": "#4"},
				"up": {"uv": [3, 12.5, 2.5, 12], "texture": "#4"},
				"down": {"uv": [12.5, 2.5, 12, 3], "texture": "#4"}
			}
		},
		{
			"name": "blade",
			"from": [5.5, 9.82751, 8],
			"to": [10.5, 29.82751, 8],
			"rotation": {"angle": 0, "axis": "y", "origin": [1.4133, -1.17249, 0.5]},
			"faces": {
				"north": {"uv": [0, 0, 2.5, 10], "texture": "#1"},
				"east": {"uv": [0, 0, 0, 10], "texture": "#1"},
				"south": {"uv": [2.5, 0, 0, 10], "texture": "#1"},
				"west": {"uv": [0, 0, 0, 10], "texture": "#1"},
				"up": {"uv": [2.5, 0, 0, 0], "texture": "#1"},
				"down": {"uv": [2.5, 0, 0, 0], "texture": "#1"}
			}
		}
	],
	"display": {
		"thirdperson_righthand": {
			"rotation": [0, 90, 0],
			"translation": [0, 8.25, 2],
			"scale": [1.3, 1.3, 1.3]
		},
		"thirdperson_lefthand": {
			"rotation": [0, 90, 0],
			"translation": [0, 8.25, 2],
			"scale": [1.3, 1.3, 1.3]
		},
		"firstperson_righthand": {
			"rotation": [-20, 90, 0],
			"translation": [2, 1.5, -0.5]
		},
		"firstperson_lefthand": {
			"rotation": [-20, 90, 0],
			"translation": [2, 1.5, -0.5]
		},
		"ground": {
			"rotation": [70, 0, 0],
			"translation": [0, 0.5, 0]
		},
		"gui": {
			"rotation": [-10, -30, -25],
			"translation": [-0.5, -3, 0],
			"scale": [0.7, 0.7, 0.7]
		}
	},
	"groups": [
		{
			"name": "handlehilt",
			"origin": [18.03345, 4.78552, 0.5],
			"color": 0,
			"children": [
				{
					"name": "hilt",
					"origin": [14.5867, -1.17249, 0.5],
					"color": 0,
					"children": [0, 1, 2, 3, 4]
				},
				{
					"name": "handle",
					"origin": [0, -6, 0],
					"color": 0,
					"children": [5, 6, 7, 8, 9, 10, 11, 12]
				}
			]
		},
		{
			"name": "boosters",
			"origin": [2.5867, -3.17249, 0.5],
			"color": 0,
			"children": [
				{
					"name": "east booster",
					"origin": [2.5867, -3.17249, 0.5],
					"color": 0,
					"children": [13, 14, 15, 16, 17, 18, 19, 20, 21, 22, 23]
				},
				{
					"name": "west booster",
					"origin": [13.4133, -3.17249, 0.5],
					"color": 0,
					"children": [24, 25, 26, 27, 28, 29, 30, 31, 32, 33, 34]
				}
			]
		},
		{
			"name": "fire blade",
			"origin": [14.82258, -1.45492, 0.5],
			"color": 0,
			"children": [35, 36, 37, 38, 39, 40, 41, 42, 43, 44]
		}
	]
}