{
	"credit": "Made with Blockbench by ProbsWinter",
	"texture_size": [32, 32],
	"textures": {
		"2": "anim/grimtrap_anim",
		"3": "item/grimtrap"
	},
	"elements": [
		{
			"from": [5.5, 13.5, 5],
			"to": [9.5, 17.5, 10],
			"rotation": {"angle": 22.5, "axis": "x", "origin": [-1, 9, -3]},
			"faces": {
				"north": {"uv": [2, 5, 4, 7], "texture": "#3"},
				"east": {"uv": [0, 3, 2.5, 5], "texture": "#3"},
				"south": {"uv": [5, 2.5, 7, 4.5], "texture": "#3"},
				"west": {"uv": [2.5, 3, 5, 5], "texture": "#3"},
				"up": {"uv": [2, 7.5, 0, 5], "texture": "#3"},
				"down": {"uv": [7, 0, 5, 2.5], "texture": "#3"}
			}
		},
		{
			"from": [-0.5, 7, 2],
			"to": [14.5, 22, 2],
			"rotation": {"angle": -22.5, "axis": "x", "origin": [-1, 9, -3]},
			"faces": {
				"north": {"uv": [7.5, 0, 0, 7.5], "texture": "#2"},
				"east": {"uv": [7.5, 0, 0, 7.5], "texture": "#2"},
				"south": {"uv": [0, 0, 7.5, 7.5], "texture": "#2"},
				"west": {"uv": [0, 0, 7.5, 7.5], "texture": "#2"},
				"up": {"uv": [0, 7.5, 0, 0], "texture": "#2"},
				"down": {"uv": [0, 0, 0, 7.5], "texture": "#2"}
			}
		},
		{
			"from": [5, 10, 6.005],
			"to": [10, 16, 8.005],
			"rotation": {"angle": 0, "axis": "y", "origin": [0, 10, -3]},
			"faces": {
				"north": {"uv": [0, 0, 2.5, 3], "texture": "#3"},
				"east": {"uv": [4, 5, 5, 8], "texture": "#3"},
				"south": {"uv": [2.5, 0, 5, 3], "texture": "#3"},
				"west": {"uv": [5, 4.5, 6, 7.5], "texture": "#3"},
				"up": {"uv": [9.5, 4, 7, 3], "texture": "#3"},
				"down": {"uv": [9.5, 4, 7, 5], "texture": "#3"}
			}
		},
		{
			"from": [3.74695, 18.71751, 5.75],
			"to": [6.74695, 21.71751, 7.75],
			"rotation": {"angle": -45, "axis": "z", "origin": [-5.25305, 16.21751, -1]},
			"faces": {
				"north": {"uv": [7, 5, 8.5, 6.5], "texture": "#3"},
				"east": {"uv": [8, 8, 9, 9.5], "texture": "#3"},
				"south": {"uv": [7, 6.5, 8.5, 8], "texture": "#3"},
				"west": {"uv": [8.5, 5, 9.5, 6.5], "texture": "#3"},
				"up": {"uv": [10, 7.5, 8.5, 6.5], "texture": "#3"},
				"down": {"uv": [10.5, 0, 9, 1], "texture": "#3"}
			}
		},
		{
			"from": [0.5, 10.05565, 5.755],
			"to": [2.5, 12.55565, 7.745],
			"rotation": {"angle": 22.5, "axis": "z", "origin": [-2.49249, 18.05565, -1]},
			"faces": {
				"north": {"uv": [8, 0, 9, 1.5], "texture": "#3"},
				"east": {"uv": [8, 1.5, 9, 3], "texture": "#3"},
				"south": {"uv": [4, 8, 5, 9.5], "texture": "#3"},
				"west": {"uv": [7, 8, 8, 9.5], "texture": "#3"},
				"up": {"uv": [6, 10.5, 5, 9.5], "texture": "#3"},
				"down": {"uv": [10.5, 5.5, 9.5, 6.5], "texture": "#3"}
			}
		},
		{
			"from": [6.53339, 11.20886, 6.5],
			"to": [7.53339, 13.20886, 7.5],
			"rotation": {"angle": -22.5, "axis": "z", "origin": [11.52587, 18.20886, -1]},
			"faces": {
				"north": {"uv": [11.5, 0, 12, 1], "texture": "#3"},
				"east": {"uv": [3, 11.5, 3.5, 12.5], "texture": "#3"},
				"south": {"uv": [11.5, 3.5, 12, 4.5], "texture": "#3"},
				"west": {"uv": [11.5, 4.5, 12, 5.5], "texture": "#3"},
				"up": {"uv": [9, 8, 8.5, 7.5], "texture": "#3"},
				"down": {"uv": [9.5, 2.5, 9, 3], "texture": "#3"}
			}
		},
		{
			"from": [8.64368, 15.1537, 5.75],
			"to": [10.64368, 19.1537, 7.75],
			"rotation": {"angle": -22.5, "axis": "z", "origin": [-3.88971, 13.94485, -1]},
			"faces": {
				"north": {"uv": [0, 7.5, 1, 9.5], "texture": "#3"},
				"east": {"uv": [1, 7.5, 2, 9.5], "texture": "#3"},
				"south": {"uv": [5, 7.5, 6, 9.5], "texture": "#3"},
				"west": {"uv": [6, 7.5, 7, 9.5], "texture": "#3"},
				"up": {"uv": [7, 10.5, 6, 9.5], "texture": "#3"},
				"down": {"uv": [8, 9.5, 7, 10.5], "texture": "#3"}
			}
		},
		{
			"from": [2.98681, 24.10231, 6],
			"to": [4.48681, 26.10231, 7.5],
			"rotation": {"angle": -45, "axis": "z", "origin": [-5.90689, 10.94861, -1.25]},
			"faces": {
				"north": {"uv": [8, 9.5, 9, 10.5], "texture": "#3"},
				"east": {"uv": [10, 1, 11, 2], "texture": "#3"},
				"south": {"uv": [2, 10, 3, 11], "texture": "#3"},
				"west": {"uv": [3, 10, 4, 11], "texture": "#3"},
				"up": {"uv": [11, 7.5, 10, 6.5], "texture": "#3"},
				"down": {"uv": [11, 7.5, 10, 8.5], "texture": "#3"}
			}
		},
		{
			"from": [6.75, 9, 7.5],
			"to": [8.25, 15, 9.5],
			"rotation": {"angle": -22.5, "axis": "x", "origin": [0, 10, -1]},
			"faces": {
				"north": {"uv": [6, 4.5, 7, 7.5], "texture": "#3"},
				"east": {"uv": [7, 0, 8, 3], "texture": "#3"},
				"south": {"uv": [2, 7, 3, 10], "texture": "#3"},
				"west": {"uv": [3, 7, 4, 10], "texture": "#3"},
				"up": {"uv": [11, 9.5, 10, 8.5], "texture": "#3"},
				"down": {"uv": [11, 9.5, 10, 10.5], "texture": "#3"}
			}
		},
		{
			"from": [4.5, 9, 8.5],
			"to": [6, 11, 10],
			"rotation": {"angle": -45, "axis": "x", "origin": [0, 10, 0]},
			"faces": {
				"north": {"uv": [10.5, 3, 11.5, 4], "texture": "#3"},
				"east": {"uv": [10.5, 4, 11.5, 5], "texture": "#3"},
				"south": {"uv": [5, 10.5, 6, 11.5], "texture": "#3"},
				"west": {"uv": [10.5, 5, 11.5, 6], "texture": "#3"},
				"up": {"uv": [7, 11.5, 6, 10.5], "texture": "#3"},
				"down": {"uv": [8, 10.5, 7, 11.5], "texture": "#3"}
			}
		},
		{
			"from": [6, 14, 3],
			"to": [7.5, 15, 5],
			"rotation": {"angle": -22.5, "axis": "y", "origin": [0, 6, -3]},
			"faces": {
				"north": {"uv": [12, 2.5, 13, 3], "texture": "#3"},
				"east": {"uv": [12, 3, 13, 3.5], "texture": "#3"},
				"south": {"uv": [12, 3.5, 13, 4], "texture": "#3"},
				"west": {"uv": [12, 4, 13, 4.5], "texture": "#3"},
				"up": {"uv": [11, 11.5, 10, 10.5], "texture": "#3"},
				"down": {"uv": [1, 11, 0, 12], "texture": "#3"}
			}
		},
		{
			"from": [7, 14.80172, 9.41761],
			"to": [8, 17.80172, 10.41761],
			"rotation": {"angle": 22.5, "axis": "x", "origin": [-0.25, 18.80172, -2.08239]},
			"faces": {
				"north": {"uv": [11, 11, 11.5, 12.5], "texture": "#3"},
				"east": {"uv": [2, 11.5, 2.5, 13], "texture": "#3"},
				"south": {"uv": [11.5, 2, 12, 3.5], "texture": "#3"},
				"west": {"uv": [2.5, 11.5, 3, 13], "texture": "#3"},
				"up": {"uv": [13, 2, 12.5, 1.5], "texture": "#3"},
				"down": {"uv": [13, 2, 12.5, 2.5], "texture": "#3"}
			}
		},
		{
			"from": [6.875, 10.5, 9],
			"to": [8.125, 12.5, 10.25],
			"rotation": {"angle": -45, "axis": "x", "origin": [0, 10, -1]},
			"faces": {
				"north": {"uv": [11.5, 6.5, 12, 7.5], "texture": "#3"},
				"east": {"uv": [7, 11.5, 7.5, 12.5], "texture": "#3"},
				"south": {"uv": [7.5, 11.5, 8, 12.5], "texture": "#3"},
				"west": {"uv": [11.5, 7.5, 12, 8.5], "texture": "#3"},
				"up": {"uv": [12.5, 10.5, 12, 10], "texture": "#3"},
				"down": {"uv": [12.5, 10.5, 12, 11], "texture": "#3"}
			}
		},
		{
			"from": [11.125, 14.31444, 5.505],
			"to": [12.15785, 15.375, 7.505],
			"rotation": {"angle": 0, "axis": "y", "origin": [0, 10, 0]},
			"faces": {
				"north": {"uv": [10, 2, 10.5, 2.5], "texture": "#3"},
				"east": {"uv": [10.5, 6, 11.5, 6.5], "texture": "#3"},
				"south": {"uv": [12, 7, 12.5, 7.5], "texture": "#3"},
				"west": {"uv": [2.5, 11, 3.5, 11.5], "texture": "#3"},
				"up": {"uv": [4, 12, 3.5, 11], "texture": "#3"},
				"down": {"uv": [4.5, 11, 4, 12], "texture": "#3"}
			}
		},
		{
			"from": [7, 18.625, 3.125],
			"to": [8, 19.625, 5.125],
			"rotation": {"angle": 0, "axis": "y", "origin": [0, 10, -1]},
			"faces": {
				"north": {"uv": [11.5, 12, 12, 12.5], "texture": "#3"},
				"east": {"uv": [11.5, 5.5, 12.5, 6], "texture": "#3"},
				"south": {"uv": [12, 12, 12.5, 12.5], "texture": "#3"},
				"west": {"uv": [8, 11.5, 9, 12], "texture": "#3"},
				"up": {"uv": [12, 9.5, 11.5, 8.5], "texture": "#3"},
				"down": {"uv": [9.5, 11.5, 9, 12.5], "texture": "#3"}
			}
		},
		{
			"from": [7.005, 19.23439, 9.84619],
			"to": [7.995, 20.23439, 10.84619],
			"rotation": {"angle": -45, "axis": "x", "origin": [0, 10.60939, 7.72119]},
			"faces": {
				"north": {"uv": [12.5, 7, 13, 7.5], "texture": "#3"},
				"east": {"uv": [12.5, 7, 13, 7.5], "texture": "#3"},
				"south": {"uv": [12.5, 7, 13, 7.5], "texture": "#3"},
				"west": {"uv": [12.5, 7, 13, 7.5], "texture": "#3"},
				"up": {"uv": [13, 7.5, 12.5, 7], "texture": "#3"},
				"down": {"uv": [13, 7, 12.5, 7.5], "texture": "#3"}
			}
		},
		{
			"from": [4.75, 18.875, 1.125],
			"to": [5.75, 19.875, 3.125],
			"rotation": {"angle": 22.5, "axis": "x", "origin": [-1, 11, -1]},
			"faces": {
				"north": {"uv": [3, 12.5, 3.5, 13], "texture": "#3"},
				"east": {"uv": [11.5, 11, 12.5, 11.5], "texture": "#3"},
				"south": {"uv": [3.5, 12.5, 4, 13], "texture": "#3"},
				"west": {"uv": [11.5, 11.5, 12.5, 12], "texture": "#3"},
				"up": {"uv": [0.5, 13, 0, 12], "texture": "#3"},
				"down": {"uv": [12.5, 0, 12, 1], "texture": "#3"}
			}
		},
		{
			"from": [4.755, 14.39835, 9.39617],
			"to": [5.745, 15.39835, 11.39617],
			"rotation": {"angle": -45, "axis": "x", "origin": [-1, 8.39835, 4.27117]},
			"faces": {
				"north": {"uv": [4, 12.5, 4.5, 13], "texture": "#3"},
				"east": {"uv": [0.5, 12, 1.5, 12.5], "texture": "#3"},
				"south": {"uv": [4.5, 12.5, 5, 13], "texture": "#3"},
				"west": {"uv": [12, 1, 13, 1.5], "texture": "#3"},
				"up": {"uv": [2, 13, 1.5, 12], "texture": "#3"},
				"down": {"uv": [12.5, 1.5, 12, 2.5], "texture": "#3"}
			}
		},
		{
			"from": [10.5469, 17.81633, 5],
			"to": [11.5469, 19.81633, 6],
			"rotation": {"angle": -22.5, "axis": "z", "origin": [-0.3281, 16.14253, -5.56006]},
			"faces": {
				"north": {"uv": [5, 11.5, 5.5, 12.5], "texture": "#3"},
				"east": {"uv": [5.5, 11.5, 6, 12.5], "texture": "#3"},
				"south": {"uv": [6, 11.5, 6.5, 12.5], "texture": "#3"},
				"west": {"uv": [6.5, 11.5, 7, 12.5], "texture": "#3"},
				"up": {"uv": [12.5, 8, 12, 7.5], "texture": "#3"},
				"down": {"uv": [8.5, 12, 8, 12.5], "texture": "#3"}
			}
		},
		{
			"from": [8.25, 17.81633, 6.25],
			"to": [9.75, 20.81633, 7.75],
			"rotation": {"angle": -22.5, "axis": "z", "origin": [-0.3281, 16.14253, -6.56006]},
			"faces": {
				"north": {"uv": [9, 1, 10, 2.5], "texture": "#3"},
				"east": {"uv": [9, 7.5, 10, 9], "texture": "#3"},
				"south": {"uv": [9, 9, 10, 10.5], "texture": "#3"},
				"west": {"uv": [0, 9.5, 1, 11], "texture": "#3"},
				"up": {"uv": [11.5, 1, 10.5, 0], "texture": "#3"},
				"down": {"uv": [11.5, 2, 10.5, 3], "texture": "#3"}
			}
		},
		{
			"from": [5.63562, 17.00243, 6.27817],
			"to": [7.13562, 20.00243, 7.77817],
			"rotation": {"angle": 22.5, "axis": "z", "origin": [15.71372, 15.32862, -6.53188]},
			"faces": {
				"north": {"uv": [1, 9.5, 2, 11], "texture": "#3"},
				"east": {"uv": [9.5, 2.5, 10.5, 4], "texture": "#3"},
				"south": {"uv": [4, 9.5, 5, 11], "texture": "#3"},
				"west": {"uv": [9.5, 4, 10.5, 5.5], "texture": "#3"},
				"up": {"uv": [9, 11.5, 8, 10.5], "texture": "#3"},
				"down": {"uv": [10, 10.5, 9, 11.5], "texture": "#3"}
			}
		},
		{
			"from": [4.5005, 15.73896, 6.2783],
			"to": [6.0005, 16.36396, 7.7783],
			"rotation": {"angle": 0, "axis": "y", "origin": [14.5781, 14.06515, -6.53188]},
			"faces": {
				"north": {"uv": [12, 4.5, 13, 5], "texture": "#3"},
				"east": {"uv": [12, 5, 13, 5.5], "texture": "#3"},
				"south": {"uv": [12, 6, 13, 6.5], "texture": "#3"},
				"west": {"uv": [12, 6.5, 13, 7], "texture": "#3"},
				"up": {"uv": [2, 12, 1, 11], "texture": "#3"},
				"down": {"uv": [12, 1, 11, 2], "texture": "#3"}
			}
		},
		{
			"from": [9.5, 6.5, 2.75],
			"to": [10.5, 9, 3.75],
			"rotation": {"angle": -45, "axis": "x", "origin": [-0.3281, 16.14253, -6.56006]},
			"faces": {
				"north": {"uv": [4.5, 11, 5, 12.5], "texture": "#3"},
				"east": {"uv": [11, 6.5, 11.5, 8], "texture": "#3"},
				"south": {"uv": [11, 8, 11.5, 9.5], "texture": "#3"},
				"west": {"uv": [11, 9.5, 11.5, 11], "texture": "#3"},
				"up": {"uv": [13, 0.5, 12.5, 0], "texture": "#3"},
				"down": {"uv": [1, 12.5, 0.5, 13], "texture": "#3"}
			}
		},
		{
			"from": [9.505, 15.81647, 8.19384],
			"to": [10.495, 16.81647, 10.19384],
			"rotation": {"angle": -22.5, "axis": "x", "origin": [-0.3281, 6.50642, 4.05132]},
			"faces": {
				"north": {"uv": [12.5, 0.5, 13, 1], "texture": "#3"},
				"east": {"uv": [9.5, 11.5, 10.5, 12], "texture": "#3"},
				"south": {"uv": [1, 12.5, 1.5, 13], "texture": "#3"},
				"west": {"uv": [11.5, 9.5, 12.5, 10], "texture": "#3"},
				"up": {"uv": [12, 11, 11.5, 10], "texture": "#3"},
				"down": {"uv": [11, 11.5, 10.5, 12.5], "texture": "#3"}
			}
		},
		{
			"from": [13.00533, 23.26214, 5.5005],
			"to": [14.00533, 24.26214, 6.5005],
			"rotation": {"angle": -45, "axis": "z", "origin": [1.13033, 21.58833, -5.56006]},
			"faces": {
				"north": {"uv": [12, 8, 12.5, 8.5], "texture": "#3"},
				"east": {"uv": [8.5, 12, 9, 12.5], "texture": "#3"},
				"south": {"uv": [12, 8.5, 12.5, 9], "texture": "#3"},
				"west": {"uv": [12, 9, 12.5, 9.5], "texture": "#3"},
				"up": {"uv": [10, 12.5, 9.5, 12], "texture": "#3"},
				"down": {"uv": [10.5, 12, 10, 12.5], "texture": "#3"}
			}
		}
	],
	"display": {
		"thirdperson_righthand": {
			"rotation": [-22.5, 0, 0],
			"translation": [0.5, -5.5, 3],
			"scale": [1.1, 1.1, 1.1]
		},
		"thirdperson_lefthand": {
			"rotation": [-22.5, 0, 0],
			"translation": [-0.5, -5.5, 3],
			"scale": [1.1, 1.1, 1.1]
		},
		"firstperson_righthand": {
			"rotation": [5, 5, 0],
			"translation": [4, -2, 0.5]
		},
		"firstperson_lefthand": {
			"rotation": [5, 5, 0],
			"translation": [4, -2, 0.5]
		},
		"ground": {
			"translation": [0, -3.25, 0]
		},
		"gui": {
			"rotation": [5, -155, -5],
			"translation": [-2, -10, 0],
			"scale": [1.5, 1.5, 1.5]
		}
	}
}