{
	"credit": "Made with Blockbench by ProbsWinter",
	"texture_size": [64, 64],
	"textures": {
		"0": "item/hadal",
		"particle": "item/hadal"
	},
	"elements": [
		{
			"from": [6, 0, 6],
			"to": [10, 12, 10],
			"rotation": {"angle": 0, "axis": "y", "origin": [0, 0, 1]},
			"faces": {
				"north": {"uv": [1, 0, 2, 3], "texture": "#0"},
				"east": {"uv": [1, 0, 2, 3], "texture": "#0"},
				"south": {"uv": [1, 0, 2, 3], "texture": "#0"},
				"west": {"uv": [1, 0, 2, 3], "texture": "#0"},
				"up": {"uv": [1.75, 7, 0.75, 6], "texture": "#0"},
				"down": {"uv": [7.25, 1.75, 6.25, 2.75], "texture": "#0"}
			}
		},
		{
			"from": [8.37014, 0.0845, 6],
			"to": [11.37014, 7.0845, 10],
			"rotation": {"angle": 22.5, "axis": "z", "origin": [2.37014, -4.9155, 1]},
			"faces": {
				"north": {"uv": [5.75, 0, 5, 1.75], "texture": "#0"},
				"east": {"uv": [3, 1.25, 4, 3], "texture": "#0"},
				"south": {"uv": [5, 0, 5.75, 1.75], "texture": "#0"},
				"west": {"uv": [3.5, 3, 4.5, 4.75], "texture": "#0"},
				"up": {"uv": [5.5, 7.5, 4.75, 6.5], "texture": "#0"},
				"down": {"uv": [6.25, 7, 5.5, 8], "texture": "#0"}
			}
		},
		{
			"from": [4.62986, 0.0845, 6],
			"to": [7.62986, 7.0845, 10],
			"rotation": {"angle": -22.5, "axis": "z", "origin": [13.62986, -4.9155, 1]},
			"faces": {
				"north": {"uv": [5, 0, 5.75, 1.75], "texture": "#0"},
				"east": {"uv": [3.5, 3, 4.5, 4.75], "texture": "#0"},
				"south": {"uv": [5.75, 0, 5, 1.75], "texture": "#0"},
				"west": {"uv": [4, 1.25, 5, 3], "texture": "#0"},
				"up": {"uv": [8, 2, 7.25, 1], "texture": "#0"},
				"down": {"uv": [8, 2, 7.25, 3], "texture": "#0"}
			}
		},
		{
			"from": [6, 4.68522, 5.49949],
			"to": [10, 11.68522, 8.49949],
			"rotation": {"angle": -22.5, "axis": "x", "origin": [6.37014, 4.60071, 12.49949]},
			"faces": {
				"north": {"uv": [4.5, 3, 3.5, 4.75], "texture": "#0"},
				"east": {"uv": [5.75, 0, 5, 1.75], "texture": "#0"},
				"south": {"uv": [4.5, 3, 5.5, 4.75], "texture": "#0"},
				"west": {"uv": [5, 0, 5.75, 1.75], "texture": "#0"},
				"up": {"uv": [8.25, 3.75, 7.25, 3], "texture": "#0"},
				"down": {"uv": [8.25, 3.75, 7.25, 4.5], "texture": "#0"}
			}
		},
		{
			"from": [6, 4.68522, 7.50051],
			"to": [10, 11.68522, 10.50051],
			"rotation": {"angle": 22.5, "axis": "x", "origin": [6.37014, 4.60071, 3.50051]},
			"faces": {
				"north": {"uv": [2, 4.75, 3, 6.5], "texture": "#0"},
				"east": {"uv": [5, 0, 5.75, 1.75], "texture": "#0"},
				"south": {"uv": [3.5, 3, 4.5, 4.75], "texture": "#0"},
				"west": {"uv": [5.75, 0, 5, 1.75], "texture": "#0"},
				"up": {"uv": [8.25, 5.25, 7.25, 4.5], "texture": "#0"},
				"down": {"uv": [8.25, 5.25, 7.25, 6], "texture": "#0"}
			}
		},
		{
			"from": [20.63492, 7.66817, 6.005],
			"to": [24.63492, 10.66817, 9.995],
			"rotation": {"angle": 45, "axis": "z", "origin": [14.63492, -11.33183, 1]},
			"faces": {
				"north": {"uv": [8.25, 8, 7.25, 8.75], "texture": "#0"},
				"east": {"uv": [7.25, 6.75, 8.25, 7.5], "texture": "#0"},
				"south": {"uv": [7.25, 8, 8.25, 8.75], "texture": "#0"},
				"west": {"uv": [1.75, 7.5, 2.75, 8.25], "texture": "#0"},
				"up": {"uv": [6.25, 7.75, 7.25, 6.75], "texture": "#0"},
				"down": {"uv": [7.25, 3.75, 6.25, 4.75], "texture": "#0"}
			}
		},
		{
			"from": [5.5, 4.875, 7],
			"to": [11.5, 9.875, 9],
			"rotation": {"angle": -45, "axis": "y", "origin": [8, 0, 8]},
			"faces": {
				"north": {"uv": [3, 0, 4.5, 1.25], "texture": "#0"},
				"east": {"uv": [6.25, 8.5, 6.75, 9.75], "texture": "#0"},
				"south": {"uv": [1, 3, 2.5, 4.25], "texture": "#0"},
				"west": {"uv": [5, 1.75, 5.5, 3], "texture": "#0"},
				"up": {"uv": [1.75, 10, 1.25, 8.5], "rotation": 90, "texture": "#0"},
				"down": {"uv": [3.25, 9.5, 1.75, 10], "texture": "#0"}
			}
		},
		{
			"from": [4.5, 4.875, 7],
			"to": [5.5, 9.875, 9],
			"rotation": {"angle": -45, "axis": "y", "origin": [8, 0, 8]},
			"faces": {
				"north": {"uv": [8.25, 9.25, 8.5, 10.5], "texture": "#0"},
				"east": {"uv": [2, 8.25, 2.5, 9.5], "texture": "#0"},
				"south": {"uv": [8.5, 9.25, 8.75, 10.5], "texture": "#0"},
				"west": {"uv": [6.25, 8.5, 6.75, 9.75], "texture": "#0"},
				"up": {"uv": [1.25, 9.75, 1.75, 10], "rotation": 90, "texture": "#0"},
				"down": {"uv": [2, 9.5, 1.75, 10], "texture": "#0"}
			}
		},
		{
			"from": [6.005, 15.66286, 7.93582],
			"to": [9.995, 18.66286, 11.93582],
			"rotation": {"angle": -45, "axis": "x", "origin": [-13.63492, 7.99469, 17.93582]},
			"faces": {
				"north": {"uv": [4.25, 7.5, 5.25, 8.25], "texture": "#0"},
				"east": {"uv": [8.25, 8, 7.25, 8.75], "texture": "#0"},
				"south": {"uv": [0, 8, 1, 8.75], "texture": "#0"},
				"west": {"uv": [7.25, 8, 8.25, 8.75], "texture": "#0"},
				"up": {"uv": [7.25, 7.75, 6.25, 6.75], "rotation": 270, "texture": "#0"},
				"down": {"uv": [7.25, 5.75, 6.25, 6.75], "texture": "#0"}
			}
		},
		{
			"from": [7, 4.875, 9.5],
			"to": [9, 9.875, 11.5],
			"rotation": {"angle": -45, "axis": "y", "origin": [8, 0, 8]},
			"faces": {
				"north": {"uv": [4.75, 8.25, 5.25, 9.5], "texture": "#0"},
				"east": {"uv": [8.25, 5, 8.75, 6.25], "texture": "#0"},
				"south": {"uv": [6.25, 8.5, 6.75, 9.75], "texture": "#0"},
				"west": {"uv": [8.25, 8, 8.75, 9.25], "texture": "#0"},
				"up": {"uv": [1.75, 9.5, 1.25, 10], "texture": "#0"},
				"down": {"uv": [2.25, 9.5, 1.75, 10], "texture": "#0"}
			}
		},
		{
			"from": [7, 4.875, 4.5],
			"to": [9, 9.875, 6.5],
			"rotation": {"angle": -45, "axis": "y", "origin": [8, 0, 8]},
			"faces": {
				"north": {"uv": [6.25, 8.5, 6.75, 9.75], "texture": "#0"},
				"east": {"uv": [6.75, 8.5, 7.25, 9.75], "texture": "#0"},
				"south": {"uv": [0, 8.75, 0.5, 10], "texture": "#0"},
				"west": {"uv": [0.5, 8.75, 1, 10], "texture": "#0"},
				"up": {"uv": [1.75, 10, 1.25, 9.5], "texture": "#0"},
				"down": {"uv": [2.25, 9.5, 1.75, 10], "texture": "#0"}
			}
		},
		{
			"from": [6, 13, 6],
			"to": [10, 14, 10],
			"rotation": {"angle": 0, "axis": "y", "origin": [0, 0, 1]},
			"faces": {
				"north": {"uv": [9.25, 3.5, 10.25, 3.75], "texture": "#0"},
				"east": {"uv": [9.25, 7.5, 10.25, 7.75], "texture": "#0"},
				"south": {"uv": [2.25, 9.5, 3.25, 9.75], "texture": "#0"},
				"west": {"uv": [9.5, 3.75, 10.5, 4], "texture": "#0"},
				"up": {"uv": [7.5, 1, 6.5, 0], "texture": "#0"},
				"down": {"uv": [2.75, 6.5, 1.75, 7.5], "texture": "#0"}
			}
		},
		{
			"from": [6.5, 12, 6.5],
			"to": [9.5, 13, 9.5],
			"rotation": {"angle": 0, "axis": "y", "origin": [0, 0, 1]},
			"faces": {
				"north": {"uv": [0, 7.75, 0.75, 8], "texture": "#0"},
				"east": {"uv": [1, 8, 1.75, 8.25], "texture": "#0"},
				"south": {"uv": [9.75, 0.5, 10.5, 0.75], "texture": "#0"},
				"west": {"uv": [9.75, 3.25, 10.5, 3.5], "texture": "#0"},
				"up": {"uv": [7.25, 1.75, 6.5, 1], "texture": "#0"},
				"down": {"uv": [9.25, 0, 8.5, 0.75], "texture": "#0"}
			}
		},
		{
			"from": [6.005, 15.66286, 4.06418],
			"to": [9.995, 18.66286, 8.06418],
			"rotation": {"angle": 45, "axis": "x", "origin": [-13.63492, 7.99469, -1.93582]},
			"faces": {
				"north": {"uv": [8, 1.5, 9, 2.25], "texture": "#0"},
				"east": {"uv": [8, 2.25, 9, 3], "texture": "#0"},
				"south": {"uv": [2.75, 8, 3.75, 8.75], "texture": "#0"},
				"west": {"uv": [5.25, 8, 6.25, 8.75], "texture": "#0"},
				"up": {"uv": [3.75, 7.5, 2.75, 6.5], "texture": "#0"},
				"down": {"uv": [4.75, 6.5, 3.75, 7.5], "texture": "#0"}
			}
		},
		{
			"from": [-8.63492, 7.66817, 6.005],
			"to": [-4.63492, 10.66817, 9.995],
			"rotation": {"angle": -45, "axis": "z", "origin": [1.36508, -11.33183, 1]},
			"faces": {
				"north": {"uv": [7.25, 8, 8.25, 8.75], "texture": "#0"},
				"east": {"uv": [1, 8.25, 2, 9], "texture": "#0"},
				"south": {"uv": [8.25, 8, 7.25, 8.75], "texture": "#0"},
				"west": {"uv": [3.75, 8.25, 4.75, 9], "texture": "#0"},
				"up": {"uv": [7.25, 7.75, 6.25, 6.75], "texture": "#0"},
				"down": {"uv": [1.75, 7, 0.75, 8], "texture": "#0"}
			}
		},
		{
			"from": [7, 11.68522, 7.5],
			"to": [9, 12.68522, 9.5],
			"rotation": {"angle": 22.5, "axis": "x", "origin": [6.37014, 4.60071, 3.50051]},
			"faces": {
				"north": {"uv": [7.5, 0.75, 8, 1], "texture": "#0"},
				"east": {"uv": [3.75, 8, 4.25, 8.25], "texture": "#0"},
				"south": {"uv": [10.25, 3.5, 10.75, 3.75], "texture": "#0"},
				"west": {"uv": [5.75, 10.25, 6.25, 10.5], "texture": "#0"},
				"up": {"uv": [10, 4.5, 9.5, 4], "texture": "#0"},
				"down": {"uv": [10, 4.5, 9.5, 5], "texture": "#0"}
			}
		},
		{
			"from": [7.25, 13.68522, 4.375],
			"to": [8.75, 15.68522, 5.875],
			"rotation": {"angle": 45, "axis": "x", "origin": [6.37014, 4.60071, 3.50051]},
			"faces": {
				"north": {"uv": [9.75, 9.75, 10.125, 10.25], "texture": "#0"},
				"east": {"uv": [0, 10, 0.375, 10.5], "texture": "#0"},
				"south": {"uv": [0.5, 10, 0.875, 10.5], "texture": "#0"},
				"west": {"uv": [10, 0.75, 10.375, 1.25], "texture": "#0"},
				"up": {"uv": [9.625, 10.375, 9.25, 10], "texture": "#0"},
				"down": {"uv": [10.625, 0, 10.25, 0.375], "texture": "#0"}
			}
		},
		{
			"from": [7.25, 4, 14.5],
			"to": [8.75, 8, 16],
			"rotation": {"angle": -22.5, "axis": "x", "origin": [6.37014, 4.60071, 3.50051]},
			"faces": {
				"north": {"uv": [3.25, 8.75, 3.625, 9.75], "texture": "#0"},
				"east": {"uv": [8.75, 6.75, 9.125, 7.75], "texture": "#0"},
				"south": {"uv": [7.25, 8.75, 7.625, 9.75], "texture": "#0"},
				"west": {"uv": [7.75, 8.75, 8.125, 9.75], "texture": "#0"},
				"up": {"uv": [10.625, 2.125, 10.25, 1.75], "texture": "#0"},
				"down": {"uv": [2.625, 10.25, 2.25, 10.625], "texture": "#0"}
			}
		},
		{
			"from": [7, 10.625, 11.9],
			"to": [9, 12.625, 13.9],
			"faces": {
				"north": {"uv": [4.75, 9.5, 5.25, 10], "texture": "#0"},
				"east": {"uv": [9.5, 5, 10, 5.5], "texture": "#0"},
				"south": {"uv": [5.25, 9.5, 5.75, 10], "texture": "#0"},
				"west": {"uv": [9.5, 5.5, 10, 6], "texture": "#0"},
				"up": {"uv": [10, 6.5, 9.5, 6], "texture": "#0"},
				"down": {"uv": [9.25, 9.5, 8.75, 10], "texture": "#0"}
			}
		},
		{
			"from": [7.5, 7.25, 11.75],
			"to": [8.5, 13.25, 12.75],
			"rotation": {"angle": 22.5, "axis": "x", "origin": [6.37014, 5.60071, 2.50051]},
			"faces": {
				"north": {"uv": [6, 8.75, 6.25, 10.25], "texture": "#0"},
				"east": {"uv": [8.75, 7.75, 9, 9.25], "texture": "#0"},
				"south": {"uv": [9, 0.75, 9.25, 2.25], "texture": "#0"},
				"west": {"uv": [1, 9, 1.25, 10.5], "texture": "#0"},
				"up": {"uv": [9.25, 3, 9, 2.75], "texture": "#0"},
				"down": {"uv": [9, 9.25, 8.75, 9.5], "texture": "#0"}
			}
		},
		{
			"from": [7.505, -1.44228, 11.31463],
			"to": [8.495, -0.73517, 12.02174],
			"rotation": {"angle": -22.5, "axis": "x", "origin": [-0.318, 2.3359, 0.6368]},
			"faces": {
				"north": {"uv": [6.75, 10.5, 7, 10.625], "texture": "#0"},
				"east": {"uv": [1, 10.75, 1.125, 10.875], "texture": "#0"},
				"south": {"uv": [7, 10.5, 7.25, 10.625], "texture": "#0"},
				"west": {"uv": [10.75, 1, 10.875, 1.125], "texture": "#0"},
				"up": {"uv": [10.75, 7.125, 10.5, 7], "texture": "#0"},
				"down": {"uv": [10.75, 7.25, 10.5, 7.375], "texture": "#0"}
			}
		},
		{
			"from": [7, 14.5, 3],
			"to": [9, 15.5, 5],
			"rotation": {"angle": 22.5, "axis": "x", "origin": [6.37014, 4.60071, 3.50051]},
			"faces": {
				"north": {"uv": [6.25, 10.25, 6.75, 10.5], "texture": "#0"},
				"east": {"uv": [10.25, 6.5, 10.75, 6.75], "texture": "#0"},
				"south": {"uv": [6.75, 10.25, 7.25, 10.5], "texture": "#0"},
				"west": {"uv": [10.25, 6.75, 10.75, 7], "texture": "#0"},
				"up": {"uv": [10.25, 7, 9.75, 6.5], "texture": "#0"},
				"down": {"uv": [7.25, 9.75, 6.75, 10.25], "texture": "#0"}
			}
		},
		{
			"from": [7.1, 14.5, -1.1],
			"to": [8.9, 16.5, 0.7],
			"rotation": {"angle": 45, "axis": "x", "origin": [6.37014, 4.60071, 3.50051]},
			"faces": {
				"north": {"uv": [9.75, 7, 10.25, 7.5], "texture": "#0"},
				"east": {"uv": [7.25, 9.75, 7.75, 10.25], "texture": "#0"},
				"south": {"uv": [7.75, 9.75, 8.25, 10.25], "texture": "#0"},
				"west": {"uv": [9.75, 7.75, 10.25, 8.25], "texture": "#0"},
				"up": {"uv": [10.25, 8.75, 9.75, 8.25], "texture": "#0"},
				"down": {"uv": [10.25, 9.25, 9.75, 9.75], "texture": "#0"}
			}
		},
		{
			"from": [7.2, 11.75, 12.75],
			"to": [8.8, 13.35, 14.75],
			"rotation": {"angle": -22.5, "axis": "x", "origin": [6.37014, 4.60071, 3.50051]},
			"faces": {
				"north": {"uv": [10.25, 2.25, 10.625, 2.625], "texture": "#0"},
				"east": {"uv": [1.25, 10, 1.75, 10.375], "texture": "#0"},
				"south": {"uv": [2.75, 10.25, 3.125, 10.625], "texture": "#0"},
				"west": {"uv": [10, 1.25, 10.5, 1.625], "texture": "#0"},
				"up": {"uv": [2.125, 10.5, 1.75, 10], "texture": "#0"},
				"down": {"uv": [10.375, 4, 10, 4.5], "texture": "#0"}
			}
		},
		{
			"from": [7.25, 6.77149, 16.55823],
			"to": [8.75, 8.37149, 18.55823],
			"rotation": {"angle": -45, "axis": "x", "origin": [6.37014, 4.62221, 3.30874]},
			"faces": {
				"north": {"uv": [10.25, 2.75, 10.625, 3.125], "texture": "#0"},
				"east": {"uv": [10, 4.5, 10.5, 4.875], "texture": "#0"},
				"south": {"uv": [3.25, 10.25, 3.625, 10.625], "texture": "#0"},
				"west": {"uv": [4.75, 10, 5.25, 10.375], "texture": "#0"},
				"up": {"uv": [10.375, 5.5, 10, 5], "texture": "#0"},
				"down": {"uv": [5.625, 10, 5.25, 10.5], "texture": "#0"}
			}
		},
		{
			"from": [7.3, 19.5, 5.7],
			"to": [8.7, 21.5, 7.1],
			"rotation": {"angle": 22.5, "axis": "x", "origin": [6.37014, 4.62221, 3.30874]},
			"faces": {
				"north": {"uv": [10, 5.5, 10.375, 6], "texture": "#0"},
				"east": {"uv": [10, 6, 10.375, 6.5], "texture": "#0"},
				"south": {"uv": [8.75, 10, 9.125, 10.5], "texture": "#0"},
				"west": {"uv": [10, 8.75, 10.375, 9.25], "texture": "#0"},
				"up": {"uv": [4.125, 10.625, 3.75, 10.25], "texture": "#0"},
				"down": {"uv": [4.625, 10.25, 4.25, 10.625], "texture": "#0"}
			}
		},
		{
			"from": [7.405, 16, 16.625],
			"to": [8.595, 18, 17.825],
			"rotation": {"angle": -22.5, "axis": "x", "origin": [6.37014, 6.62221, 3.30874]},
			"faces": {
				"north": {"uv": [2.5, 8.25, 2.75, 8.75], "texture": "#0"},
				"east": {"uv": [5.75, 9.5, 6, 10], "texture": "#0"},
				"south": {"uv": [10.25, 7, 10.5, 7.5], "texture": "#0"},
				"west": {"uv": [7.25, 10.25, 7.5, 10.75], "texture": "#0"},
				"up": {"uv": [9.75, 6.75, 9.5, 6.5], "texture": "#0"},
				"down": {"uv": [9.75, 9.25, 9.5, 9.5], "texture": "#0"}
			}
		},
		{
			"from": [7.5, 11.5, 20],
			"to": [8.5, 13.5, 21],
			"rotation": {"angle": -45, "axis": "x", "origin": [6.37014, 6.62221, 3.30874]},
			"faces": {
				"north": {"uv": [7.5, 10.25, 7.75, 10.75], "texture": "#0"},
				"east": {"uv": [10.25, 7.5, 10.5, 8], "texture": "#0"},
				"south": {"uv": [7.75, 10.25, 8, 10.75], "texture": "#0"},
				"west": {"uv": [8, 10.25, 8.25, 10.75], "texture": "#0"},
				"up": {"uv": [6, 10.25, 5.75, 10], "texture": "#0"},
				"down": {"uv": [0.75, 10.5, 0.5, 10.75], "texture": "#0"}
			}
		},
		{
			"from": [7.55, 24.77127, 3.27028],
			"to": [8.45, 25.77127, 4.27028],
			"rotation": {"angle": 22.5, "axis": "x", "origin": [6.37014, 8.08001, 3.14808]},
			"faces": {
				"north": {"uv": [10.5, 0.5, 10.75, 0.75], "texture": "#0"},
				"east": {"uv": [0.75, 10.5, 1, 10.75], "texture": "#0"},
				"south": {"uv": [10.5, 0.75, 10.75, 1], "texture": "#0"},
				"west": {"uv": [1, 10.5, 1.25, 10.75], "texture": "#0"},
				"up": {"uv": [10.75, 1.25, 10.5, 1], "texture": "#0"},
				"down": {"uv": [1.5, 10.5, 1.25, 10.75], "texture": "#0"}
			}
		},
		{
			"from": [7.6, 23.5, 8],
			"to": [8.4, 24.3, 10],
			"rotation": {"angle": 0, "axis": "y", "origin": [6.37014, 8.08001, 3.14808]},
			"faces": {
				"north": {"uv": [10.5, 1.25, 10.75, 1.5], "texture": "#0"},
				"east": {"uv": [10.25, 8, 10.75, 8.25], "texture": "#0"},
				"south": {"uv": [1.5, 10.5, 1.75, 10.75], "texture": "#0"},
				"west": {"uv": [10.25, 8.25, 10.75, 8.5], "texture": "#0"},
				"up": {"uv": [10.5, 9.75, 10.25, 9.25], "texture": "#0"},
				"down": {"uv": [10, 10.25, 9.75, 10.75], "texture": "#0"}
			}
		},
		{
			"from": [7.65, 22.72568, 11.81109],
			"to": [8.35, 23.52568, 13.81109],
			"rotation": {"angle": -22.5, "axis": "x", "origin": [6.37014, 9.30569, 8.95916]},
			"faces": {
				"north": {"uv": [10.5, 7.5, 10.625, 7.75], "texture": "#0"},
				"east": {"uv": [10.25, 8.5, 10.75, 8.75], "texture": "#0"},
				"south": {"uv": [10.5, 7.75, 10.625, 8], "texture": "#0"},
				"west": {"uv": [10.25, 9.75, 10.75, 10], "texture": "#0"},
				"up": {"uv": [1.875, 11, 1.75, 10.5], "texture": "#0"},
				"down": {"uv": [2.125, 10.5, 2, 11], "texture": "#0"}
			}
		},
		{
			"from": [7.7, 20.65, 16],
			"to": [8.3, 21.25, 17],
			"rotation": {"angle": -45, "axis": "x", "origin": [6.37014, 9.30569, 8.95916]},
			"faces": {
				"north": {"uv": [1.25, 10.75, 1.375, 10.875], "texture": "#0"},
				"east": {"uv": [8.25, 10.5, 8.5, 10.625], "texture": "#0"},
				"south": {"uv": [10.75, 1.25, 10.875, 1.375], "texture": "#0"},
				"west": {"uv": [8.5, 10.5, 8.75, 10.625], "texture": "#0"},
				"up": {"uv": [8.875, 10.75, 8.75, 10.5], "texture": "#0"},
				"down": {"uv": [10.625, 8.75, 10.5, 9], "texture": "#0"}
			}
		},
		{
			"from": [7.75, 16.69528, 1.88827],
			"to": [8.25, 18.69528, 2.48827],
			"rotation": {"angle": 22.5, "axis": "x", "origin": [6.37014, 11.65444, 13.83258]},
			"faces": {
				"north": {"uv": [10.5, 3.75, 10.625, 4.25], "texture": "#0"},
				"east": {"uv": [10.5, 4.25, 10.625, 4.75], "texture": "#0"},
				"south": {"uv": [4.75, 10.5, 4.875, 11], "texture": "#0"},
				"west": {"uv": [10.5, 4.75, 10.625, 5.25], "texture": "#0"},
				"up": {"uv": [1.625, 10.875, 1.5, 10.75], "texture": "#0"},
				"down": {"uv": [10.875, 1.5, 10.75, 1.625], "texture": "#0"}
			}
		},
		{
			"from": [7.8, 19.875, 4.8],
			"to": [8.2, 20.875, 5.2],
			"rotation": {"angle": 0, "axis": "y", "origin": [6.37014, 11.65444, 13.83258]},
			"faces": {
				"north": {"uv": [9, 10.5, 9.125, 10.75], "texture": "#0"},
				"east": {"uv": [10.5, 9, 10.625, 9.25], "texture": "#0"},
				"south": {"uv": [9.25, 10.5, 9.375, 10.75], "texture": "#0"},
				"west": {"uv": [10.5, 9.25, 10.625, 9.5], "texture": "#0"},
				"up": {"uv": [10.875, 1.875, 10.75, 1.75], "texture": "#0"},
				"down": {"uv": [10.875, 2, 10.75, 2.125], "texture": "#0"}
			}
		},
		{
			"from": [7.4, 18.84129, 11.93129],
			"to": [8.6, 20.84129, 13.13129],
			"rotation": {"angle": 0, "axis": "y", "origin": [6.37014, 9.4635, -1.38497]},
			"faces": {
				"north": {"uv": [10, 10.25, 10.25, 10.75], "texture": "#0"},
				"east": {"uv": [10.25, 10, 10.5, 10.5], "texture": "#0"},
				"south": {"uv": [0, 10.5, 0.25, 11], "texture": "#0"},
				"west": {"uv": [0.25, 10.5, 0.5, 11], "texture": "#0"},
				"up": {"uv": [10.75, 1.75, 10.5, 1.5], "texture": "#0"},
				"down": {"uv": [10.75, 3.25, 10.5, 3.5], "texture": "#0"}
			}
		},
		{
			"from": [11.75, 14, 9.43094],
			"to": [12.75, 15, 10.43094],
			"rotation": {"angle": 22.5, "axis": "z", "origin": [6.37014, 6.62221, 3.30874]},
			"faces": {
				"north": {"uv": [5, 10.5, 5.25, 10.75], "texture": "#0"},
				"east": {"uv": [5.25, 10.5, 5.5, 10.75], "texture": "#0"},
				"south": {"uv": [10.5, 5.25, 10.75, 5.5], "texture": "#0"},
				"west": {"uv": [5.5, 10.5, 5.75, 10.75], "texture": "#0"},
				"up": {"uv": [10.75, 5.75, 10.5, 5.5], "texture": "#0"},
				"down": {"uv": [6, 10.5, 5.75, 10.75], "texture": "#0"}
			}
		},
		{
			"from": [10.125, 18, 10.75],
			"to": [11.125, 19, 11.75],
			"rotation": {"angle": -22.5, "axis": "y", "origin": [6.37014, 6.62221, 3.30874]},
			"faces": {
				"north": {"uv": [10.5, 5.75, 10.75, 6], "texture": "#0"},
				"east": {"uv": [6, 10.5, 6.25, 10.75], "texture": "#0"},
				"south": {"uv": [10.5, 6, 10.75, 6.25], "texture": "#0"},
				"west": {"uv": [6.25, 10.5, 6.5, 10.75], "texture": "#0"},
				"up": {"uv": [10.75, 6.5, 10.5, 6.25], "texture": "#0"},
				"down": {"uv": [6.75, 10.5, 6.5, 10.75], "texture": "#0"}
			}
		},
		{
			"from": [8.25, 15.25, 9.55],
			"to": [9.25, 15.75, 10.05],
			"rotation": {"angle": 0, "axis": "y", "origin": [6.37014, 6.62221, 3.30874]},
			"faces": {
				"north": {"uv": [9.5, 10.5, 9.75, 10.625], "texture": "#0"},
				"east": {"uv": [2.25, 10.75, 2.375, 10.875], "texture": "#0"},
				"south": {"uv": [10.5, 9.5, 10.75, 9.625], "texture": "#0"},
				"west": {"uv": [10.75, 2.25, 10.875, 2.375], "texture": "#0"},
				"up": {"uv": [10.75, 10.125, 10.5, 10], "texture": "#0"},
				"down": {"uv": [10.5, 10.5, 10.25, 10.625], "texture": "#0"}
			}
		},
		{
			"from": [3, 18.125, 12.1],
			"to": [4, 18.625, 12.6],
			"rotation": {"angle": 22.5, "axis": "y", "origin": [6.37014, 6.62221, 3.30874]},
			"faces": {
				"north": {"uv": [10.5, 10.25, 10.75, 10.375], "texture": "#0"},
				"east": {"uv": [2.5, 10.75, 2.625, 10.875], "texture": "#0"},
				"south": {"uv": [10.5, 10.5, 10.75, 10.625], "texture": "#0"},
				"west": {"uv": [10.75, 2.5, 10.875, 2.625], "texture": "#0"},
				"up": {"uv": [11, 0.125, 10.75, 0], "texture": "#0"},
				"down": {"uv": [11, 0.25, 10.75, 0.375], "texture": "#0"}
			}
		},
		{
			"from": [7.625, 25.1, 4.25],
			"to": [8.125, 25.6, 5],
			"rotation": {"angle": 22.5, "axis": "x", "origin": [6.37014, 6.62221, 3.30874]},
			"faces": {
				"north": {"uv": [2.75, 10.75, 2.875, 10.875], "texture": "#0"},
				"east": {"uv": [0.5, 10.75, 0.75, 10.875], "texture": "#0"},
				"south": {"uv": [10.75, 2.75, 10.875, 2.875], "texture": "#0"},
				"west": {"uv": [10.75, 0.5, 11, 0.625], "texture": "#0"},
				"up": {"uv": [0.875, 11, 0.75, 10.75], "texture": "#0"},
				"down": {"uv": [10.875, 0.75, 10.75, 1], "texture": "#0"}
			}
		},
		{
			"from": [7.805, 28.09401, 7.49444],
			"to": [8.195, 28.37685, 7.77728],
			"rotation": {"angle": -45, "axis": "x", "origin": [6.37014, 20.87345, 16.40986]},
			"faces": {
				"north": {"uv": [3, 10.75, 3.125, 10.875], "texture": "#0"},
				"east": {"uv": [10.75, 3, 10.875, 3.125], "texture": "#0"},
				"south": {"uv": [3.25, 10.75, 3.375, 10.875], "texture": "#0"},
				"west": {"uv": [10.75, 3.25, 10.875, 3.375], "texture": "#0"},
				"up": {"uv": [3.625, 10.875, 3.5, 10.75], "texture": "#0"},
				"down": {"uv": [10.875, 3.5, 10.75, 3.625], "texture": "#0"}
			}
		},
		{
			"from": [8, 7, -1],
			"to": [11, 10, 2],
			"rotation": {"angle": -22.5, "axis": "y", "origin": [0, 0, 0]},
			"faces": {
				"north": {"uv": [2.5, 8.75, 3.25, 9.5], "texture": "#0"},
				"east": {"uv": [8.75, 3.75, 9.5, 4.5], "texture": "#0"},
				"south": {"uv": [8.75, 4.5, 9.5, 5.25], "texture": "#0"},
				"west": {"uv": [5.25, 8.75, 6, 9.5], "texture": "#0"},
				"up": {"uv": [9.5, 6, 8.75, 5.25], "texture": "#0"},
				"down": {"uv": [9.5, 6, 8.75, 6.75], "texture": "#0"}
			}
		},
		{
			"from": [7.25, 9, 4],
			"to": [9.25, 11, 6],
			"faces": {
				"north": {"uv": [9.5, 8.75, 10, 9.25], "texture": "#0"},
				"east": {"uv": [9.25, 9.5, 9.75, 10], "texture": "#0"},
				"south": {"uv": [9.75, 0, 10.25, 0.5], "texture": "#0"},
				"west": {"uv": [9.75, 1.75, 10.25, 2.25], "texture": "#0"},
				"up": {"uv": [2.75, 10.25, 2.25, 9.75], "texture": "#0"},
				"down": {"uv": [10.25, 2.25, 9.75, 2.75], "texture": "#0"}
			}
		},
		{
			"from": [4, 6.5, 5],
			"to": [6, 8.5, 8],
			"rotation": {"angle": 22.5, "axis": "y", "origin": [0, 0, 0]},
			"faces": {
				"north": {"uv": [2.75, 9.75, 3.25, 10.25], "texture": "#0"},
				"east": {"uv": [1.25, 9, 2, 9.5], "texture": "#0"},
				"south": {"uv": [9.75, 2.75, 10.25, 3.25], "texture": "#0"},
				"west": {"uv": [9, 2.25, 9.75, 2.75], "texture": "#0"},
				"up": {"uv": [4.25, 9.75, 3.75, 9], "texture": "#0"},
				"down": {"uv": [4.75, 9, 4.25, 9.75], "texture": "#0"}
			}
		},
		{
			"from": [6, 7.5, 7],
			"to": [8, 9.5, 10],
			"rotation": {"angle": 22.5, "axis": "y", "origin": [0, 0, 0]},
			"faces": {
				"north": {"uv": [4.25, 9.75, 4.75, 10.25], "texture": "#0"},
				"east": {"uv": [9.25, 0.75, 10, 1.25], "texture": "#0"},
				"south": {"uv": [6.25, 9.75, 6.75, 10.25], "texture": "#0"},
				"west": {"uv": [9.25, 1.25, 10, 1.75], "texture": "#0"},
				"up": {"uv": [9.75, 3.5, 9.25, 2.75], "texture": "#0"},
				"down": {"uv": [9.75, 6.75, 9.25, 7.5], "texture": "#0"}
			}
		},
		{
			"from": [7.5, 6, 0],
			"to": [9.5, 8, 3],
			"rotation": {"angle": 22.5, "axis": "x", "origin": [0, 0, 0]},
			"faces": {
				"north": {"uv": [3.25, 9.75, 3.75, 10.25], "texture": "#0"},
				"east": {"uv": [9, 7.75, 9.75, 8.25], "texture": "#0"},
				"south": {"uv": [3.75, 9.75, 4.25, 10.25], "texture": "#0"},
				"west": {"uv": [9, 8.25, 9.75, 8.75], "texture": "#0"},
				"up": {"uv": [9.5, 9.5, 9, 8.75], "texture": "#0"},
				"down": {"uv": [9.75, 0, 9.25, 0.75], "texture": "#0"}
			}
		}
	],
	"display": {
		"thirdperson_righthand": {
			"rotation": [-16.5, 0, 0],
			"translation": [0, -3, -4.25]
		},
		"thirdperson_lefthand": {
			"rotation": [-16.5, 0, 0],
			"translation": [0, -3, -4.25]
		},
		"firstperson_righthand": {
			"rotation": [-20, 15, 0],
			"translation": [2.5, 1.25, 0],
			"scale": [0.8, 0.9, 0.8]
		},
		"firstperson_lefthand": {
			"rotation": [-20, 5, 0],
			"translation": [2.5, 1.25, 0],
			"scale": [0.8, 0.9, 0.9]
		},
		"ground": {
			"rotation": [0, 0, 71],
			"translation": [4, 1, -0.5]
		},
		"gui": {
			"rotation": [30, 55, -40],
			"translation": [-2, -3, 0],
			"scale": [0.85, 0.85, 0.85]
		}
	},
	"groups": [
		{
			"name": "urn",
			"origin": [-0.318, 2.3359, 0.6368],
			"color": 0,
			"children": [
				0,
				1,
				2,
				3,
				4,
				5,
				6,
				7,
				8,
				9,
				10,
				11,
				12,
				13,
				14,
				{
					"name": "handle",
					"origin": [-0.318, 2.3359, 0.6368],
					"color": 0,
					"children": [15, 16, 17, 18, 19, 20]
				}
			]
		},
		{
			"name": "hadal",
			"origin": [6.37014, 20.87345, 16.40986],
			"color": 0,
			"children": [
				{
					"name": "tentacles",
					"origin": [6.37014, 20.87345, 16.40986],
					"color": 0,
					"children": [21, 22, 23, 24, 25, 26, 27, 28, 29, 30, 31, 32, 33, 34, 35, 36, 37, 38, 39, 40]
				},
				{
					"name": "eyes",
					"origin": [0, 0, 0],
					"color": 0,
					"children": [41, 42, 43, 44, 45]
				}
			]
		}
	]
}