{
	"credit": "Made with Blockbench by ProbsWinter",
	"texture_size": [32, 32],
	"textures": {
		"1": "item/hanafubuki"
	},
	"elements": [
		{
			"from": [6.5, 2, 6.5],
			"to": [9.5, 5, 9.5],
			"rotation": {"angle": 0, "axis": "y", "origin": [8, 3.5, 8]},
			"faces": {
				"north": {"uv": [4, 0, 5.5, 1.5], "texture": "#1"},
				"east": {"uv": [4, 1.5, 5.5, 3], "texture": "#1"},
				"south": {"uv": [4, 3, 5.5, 4.5], "texture": "#1"},
				"west": {"uv": [4, 4.5, 5.5, 6], "texture": "#1"},
				"up": {"uv": [7, 1.5, 5.5, 0], "texture": "#1"},
				"down": {"uv": [7, 1.5, 5.5, 3], "texture": "#1"}
			}
		},
		{
			"from": [7, 5, 8],
			"to": [9, 9, 8],
			"rotation": {"angle": -22.5, "axis": "z", "origin": [8, 3.5, 8]},
			"faces": {
				"north": {"uv": [6, 6, 5, 8], "texture": "#1"},
				"east": {"uv": [0, 0, 0, 2], "texture": "#1"},
				"south": {"uv": [5, 6, 6, 8], "texture": "#1"},
				"west": {"uv": [0, 0, 0, 2], "texture": "#1"},
				"up": {"uv": [1, 0, 0, 0], "texture": "#1"},
				"down": {"uv": [1, 0, 0, 0], "texture": "#1"}
			}
		},
		{
			"from": [7, 5, 7.995],
			"to": [9, 9, 8.005],
			"rotation": {"angle": -45, "axis": "z", "origin": [8, 3.5, 8]},
			"faces": {
				"north": {"uv": [8, 0, 7, 2], "texture": "#1"},
				"east": {"uv": [6, 9, 6.5, 11], "texture": "#1"},
				"south": {"uv": [7, 0, 8, 2], "texture": "#1"},
				"west": {"uv": [6.5, 9, 7, 11], "texture": "#1"},
				"up": {"uv": [11.5, 12, 10.5, 11.5], "texture": "#1"},
				"down": {"uv": [12.5, 11, 11.5, 11.5], "texture": "#1"}
			}
		},
		{
			"from": [9.5, 2.5, 7.99],
			"to": [13.5, 4.5, 8.01],
			"rotation": {"angle": 22.5, "axis": "z", "origin": [8, 3.5, 8]},
			"faces": {
				"north": {"uv": [9, 3, 7, 4], "texture": "#1"},
				"east": {"uv": [11.5, 11.5, 12, 12.5], "texture": "#1"},
				"south": {"uv": [7, 3, 9, 4], "texture": "#1"},
				"west": {"uv": [0, 12, 0.5, 13], "texture": "#1"},
				"up": {"uv": [9, 9.5, 7, 9], "texture": "#1"},
				"down": {"uv": [11, 8, 9, 8.5], "texture": "#1"}
			}
		},
		{
			"from": [7.5, 4, 7.505],
			"to": [8.5, 7, 8.495],
			"rotation": {"angle": 22.5, "axis": "z", "origin": [8, 3.5, 8]},
			"faces": {
				"north": {"uv": [5.5, 10, 6, 11.5], "texture": "#1"},
				"east": {"uv": [10, 6, 10.5, 7.5], "texture": "#1"},
				"south": {"uv": [10, 8.5, 10.5, 10], "texture": "#1"},
				"west": {"uv": [10, 10, 10.5, 11.5], "texture": "#1"},
				"up": {"uv": [13, 7, 12.5, 6.5], "texture": "#1"},
				"down": {"uv": [7.5, 12.5, 7, 13], "texture": "#1"}
			}
		},
		{
			"from": [6.5, 4, 7.99],
			"to": [7.5, 7, 8.01],
			"rotation": {"angle": 22.5, "axis": "z", "origin": [8, 3.5, 8]},
			"faces": {
				"north": {"uv": [0.5, 10.5, 1, 12], "texture": "#1"},
				"east": {"uv": [1, 10.5, 1.5, 12], "texture": "#1"},
				"south": {"uv": [1.5, 10.5, 2, 12], "texture": "#1"},
				"west": {"uv": [10.5, 2.5, 11, 4], "texture": "#1"},
				"up": {"uv": [13, 10, 12.5, 9.5], "texture": "#1"},
				"down": {"uv": [10.5, 12.5, 10, 13], "texture": "#1"}
			}
		},
		{
			"from": [4.8963, 4.743, 7.995],
			"to": [5.8963, 8.743, 8.005],
			"rotation": {"angle": -22.5, "axis": "z", "origin": [8.39628, 3.243, 8]},
			"faces": {
				"north": {"uv": [8, 9.5, 8.5, 11.5], "texture": "#1"},
				"east": {"uv": [0, 0, 0, 2], "texture": "#1"},
				"south": {"uv": [8.5, 9.5, 9, 11.5], "texture": "#1"},
				"west": {"uv": [0, 0, 0, 2], "texture": "#1"},
				"up": {"uv": [0.5, 0, 0, 0], "texture": "#1"},
				"down": {"uv": [0.5, 0, 0, 0], "texture": "#1"}
			}
		},
		{
			"from": [14.1037, 18.743, 7.995],
			"to": [15.1037, 22.743, 8.005],
			"rotation": {"angle": 22.5, "axis": "z", "origin": [7.60372, 3.243, 8]},
			"faces": {
				"north": {"uv": [9.5, 8.5, 10, 10.5], "texture": "#1"},
				"east": {"uv": [0, 0, 0, 2], "texture": "#1"},
				"south": {"uv": [0, 10, 0.5, 12], "texture": "#1"},
				"west": {"uv": [0, 0, 0, 2], "texture": "#1"},
				"up": {"uv": [0.5, 0, 0, 0], "texture": "#1"},
				"down": {"uv": [0.5, 0, 0, 0], "texture": "#1"}
			}
		},
		{
			"from": [6.5, 7.75, 8],
			"to": [7.5, 23.75, 8],
			"rotation": {"angle": 0, "axis": "y", "origin": [7.60372, 3.243, 8]},
			"faces": {
				"north": {"uv": [3, 0, 3.5, 8], "texture": "#1"},
				"east": {"uv": [0, 0, 0, 8], "texture": "#1"},
				"south": {"uv": [3.5, 0, 4, 8], "texture": "#1"},
				"west": {"uv": [0, 0, 0, 8], "texture": "#1"},
				"up": {"uv": [0.5, 0, 0, 0], "texture": "#1"},
				"down": {"uv": [0.5, 0, 0, 0], "texture": "#1"}
			}
		},
		{
			"from": [-13.88895, 18.37602, 7.99],
			"to": [-12.88895, 21.37602, 8.01],
			"rotation": {"angle": -45, "axis": "z", "origin": [2.61107, -3.12398, 8]},
			"faces": {
				"north": {"uv": [10.5, 4, 11, 5.5], "texture": "#1"},
				"east": {"uv": [10.5, 5.5, 11, 7], "texture": "#1"},
				"south": {"uv": [10.5, 8.5, 11, 10], "texture": "#1"},
				"west": {"uv": [9, 10.5, 9.5, 12], "texture": "#1"},
				"up": {"uv": [13, 10.5, 12.5, 10], "texture": "#1"},
				"down": {"uv": [11, 12.5, 10.5, 13], "texture": "#1"}
			}
		},
		{
			"from": [7, 5, 7.5],
			"to": [9, 23, 8.5],
			"rotation": {"angle": 0, "axis": "y", "origin": [8, 5.5, 8]},
			"faces": {
				"north": {"uv": [0, 0, 1, 9], "texture": "#1"},
				"east": {"uv": [2, 0, 2.5, 9], "texture": "#1"},
				"south": {"uv": [1, 0, 2, 9], "texture": "#1"},
				"west": {"uv": [2.5, 0, 3, 9], "texture": "#1"},
				"up": {"uv": [8, 12, 7, 11.5], "texture": "#1"},
				"down": {"uv": [12.5, 7, 11.5, 7.5], "texture": "#1"}
			}
		},
		{
			"from": [8, 23, 7.51],
			"to": [9, 25.25, 8.49],
			"rotation": {"angle": 0, "axis": "y", "origin": [8, 5.5, 8]},
			"faces": {
				"north": {"uv": [8, 11.5, 8.5, 12.5], "texture": "#1"},
				"east": {"uv": [8.5, 11.5, 9, 12.5], "texture": "#1"},
				"south": {"uv": [9.5, 11.5, 10, 12.5], "texture": "#1"},
				"west": {"uv": [10, 11.5, 10.5, 12.5], "texture": "#1"},
				"up": {"uv": [13, 7.5, 12.5, 7], "texture": "#1"},
				"down": {"uv": [8, 12.5, 7.5, 13], "texture": "#1"}
			}
		},
		{
			"from": [0.32611, 24.44808, 7.505],
			"to": [1.32611, 28.44808, 8.495],
			"rotation": {"angle": -22.5, "axis": "z", "origin": [0.02307, 6.94808, 8.01]},
			"faces": {
				"north": {"uv": [9, 8.5, 9.5, 10.5], "texture": "#1"},
				"east": {"uv": [9.5, 6, 10, 8], "texture": "#1"},
				"south": {"uv": [7, 9.5, 7.5, 11.5], "texture": "#1"},
				"west": {"uv": [7.5, 9.5, 8, 11.5], "texture": "#1"},
				"up": {"uv": [13, 8, 12.5, 7.5], "texture": "#1"},
				"down": {"uv": [8.5, 12.5, 8, 13], "texture": "#1"}
			}
		},
		{
			"from": [13.71435, 14.39404, 7.51],
			"to": [14.71435, 15.39404, 8.49],
			"rotation": {"angle": 22.5, "axis": "z", "origin": [-17.28565, 8.01487, 8.01]},
			"faces": {
				"north": {"uv": [12.5, 8, 13, 8.5], "texture": "#1"},
				"east": {"uv": [8.5, 12.5, 9, 13], "texture": "#1"},
				"south": {"uv": [12.5, 8.5, 13, 9], "texture": "#1"},
				"west": {"uv": [9, 12.5, 9.5, 13], "texture": "#1"},
				"up": {"uv": [13, 9.5, 12.5, 9], "texture": "#1"},
				"down": {"uv": [10, 12.5, 9.5, 13], "texture": "#1"}
			}
		},
		{
			"from": [6.5, 2, 9.505],
			"to": [9.5, 5, 9.505],
			"rotation": {"angle": -45, "axis": "z", "origin": [8, 3.5, 9.5]},
			"faces": {
				"north": {"uv": [7, 4.5, 5.5, 6], "texture": "#1"},
				"east": {"uv": [0, 0, 0, 1.5], "texture": "#1"},
				"south": {"uv": [5.5, 4.5, 7, 6], "texture": "#1"},
				"west": {"uv": [0, 0, 0, 1.5], "texture": "#1"},
				"up": {"uv": [1.5, 0, 0, 0], "texture": "#1"},
				"down": {"uv": [1.5, 0, 0, 0], "texture": "#1"}
			}
		},
		{
			"from": [7.5, 4.61247, 9.42292],
			"to": [8.5, 5.61247, 9.42292],
			"rotation": {"angle": 22.5, "axis": "x", "origin": [8, 4.11247, 7.92292]},
			"faces": {
				"north": {"uv": [12.5, 0, 13, 0.5], "texture": "#1"},
				"east": {"uv": [0, 0, 0, 0.5], "texture": "#1"},
				"south": {"uv": [0.5, 12.5, 1, 13], "texture": "#1"},
				"west": {"uv": [0, 0, 0, 0.5], "texture": "#1"},
				"up": {"uv": [0.5, 0, 0, 0], "texture": "#1"},
				"down": {"uv": [0.5, 0, 0, 0], "texture": "#1"}
			}
		},
		{
			"from": [7.5, 1.38753, 9.42292],
			"to": [8.5, 2.38753, 9.42292],
			"rotation": {"angle": -22.5, "axis": "x", "origin": [8, 2.88753, 7.92292]},
			"faces": {
				"north": {"uv": [12.5, 0.5, 13, 1], "texture": "#1"},
				"east": {"uv": [0, 0, 0, 0.5], "texture": "#1"},
				"south": {"uv": [1, 12.5, 1.5, 13], "texture": "#1"},
				"west": {"uv": [0, 0, 0, 0.5], "texture": "#1"},
				"up": {"uv": [0.5, 0, 0, 0], "texture": "#1"},
				"down": {"uv": [0.5, 0, 0, 0], "texture": "#1"}
			}
		},
		{
			"from": [6.61093, 3, 9.32315],
			"to": [7.61093, 4, 9.32315],
			"rotation": {"angle": 22.5, "axis": "y", "origin": [8, 3.5, 9.69142]},
			"faces": {
				"north": {"uv": [12.5, 1.5, 13, 2], "texture": "#1"},
				"east": {"uv": [0, 0, 0, 0.5], "texture": "#1"},
				"south": {"uv": [2, 12.5, 2.5, 13], "texture": "#1"},
				"west": {"uv": [0, 0, 0, 0.5], "texture": "#1"},
				"up": {"uv": [0.5, 0, 0, 0], "texture": "#1"},
				"down": {"uv": [0.5, 0, 0, 0], "texture": "#1"}
			}
		},
		{
			"from": [8.38907, 3, 9.32315],
			"to": [9.38907, 4, 9.32315],
			"rotation": {"angle": -22.5, "axis": "y", "origin": [8, 3.5, 9.69142]},
			"faces": {
				"north": {"uv": [12.5, 1, 13, 1.5], "texture": "#1"},
				"east": {"uv": [0, 0, 0, 0.5], "texture": "#1"},
				"south": {"uv": [1.5, 12.5, 2, 13], "texture": "#1"},
				"west": {"uv": [0, 0, 0, 0.5], "texture": "#1"},
				"up": {"uv": [0.5, 0, 0, 0], "texture": "#1"},
				"down": {"uv": [0.5, 0, 0, 0], "texture": "#1"}
			}
		},
		{
			"from": [6.5, 2, 6.495],
			"to": [9.5, 5, 6.495],
			"rotation": {"angle": -45, "axis": "z", "origin": [8, 3.5, 6.5]},
			"faces": {
				"north": {"uv": [7, 4.5, 5.5, 6], "texture": "#1"},
				"east": {"uv": [0, 0, 0, 1.5], "texture": "#1"},
				"south": {"uv": [5.5, 4.5, 7, 6], "texture": "#1"},
				"west": {"uv": [0, 0, 0, 1.5], "texture": "#1"},
				"up": {"uv": [1.5, 0, 0, 0], "texture": "#1"},
				"down": {"uv": [1.5, 0, 0, 0], "texture": "#1"}
			}
		},
		{
			"from": [6.61093, 3, 6.67685],
			"to": [7.61093, 4, 6.67685],
			"rotation": {"angle": -22.5, "axis": "y", "origin": [8, 3.5, 6.30858]},
			"faces": {
				"north": {"uv": [2.5, 12.5, 2, 13], "texture": "#1"},
				"east": {"uv": [0, 0, 0, 0.5], "texture": "#1"},
				"south": {"uv": [13, 1.5, 12.5, 2], "texture": "#1"},
				"west": {"uv": [0, 0, 0, 0.5], "texture": "#1"},
				"up": {"uv": [0.5, 0, 0, 0], "texture": "#1"},
				"down": {"uv": [0.5, 0, 0, 0], "texture": "#1"}
			}
		},
		{
			"from": [7.5, 1.38753, 6.57708],
			"to": [8.5, 2.38753, 6.57708],
			"rotation": {"angle": 22.5, "axis": "x", "origin": [8, 2.88753, 8.07708]},
			"faces": {
				"north": {"uv": [1.5, 12.5, 1, 13], "texture": "#1"},
				"east": {"uv": [0, 0, 0, 0.5], "texture": "#1"},
				"south": {"uv": [13, 0.5, 12.5, 1], "texture": "#1"},
				"west": {"uv": [0, 0, 0, 0.5], "texture": "#1"},
				"up": {"uv": [0.5, 0, 0, 0], "texture": "#1"},
				"down": {"uv": [0.5, 0, 0, 0], "texture": "#1"}
			}
		},
		{
			"from": [8.38907, 3, 6.67685],
			"to": [9.38907, 4, 6.67685],
			"rotation": {"angle": 22.5, "axis": "y", "origin": [8, 3.5, 6.30858]},
			"faces": {
				"north": {"uv": [2, 12.5, 1.5, 13], "texture": "#1"},
				"east": {"uv": [0, 0, 0, 0.5], "texture": "#1"},
				"south": {"uv": [13, 1, 12.5, 1.5], "texture": "#1"},
				"west": {"uv": [0, 0, 0, 0.5], "texture": "#1"},
				"up": {"uv": [0.5, 0, 0, 0], "texture": "#1"},
				"down": {"uv": [0.5, 0, 0, 0], "texture": "#1"}
			}
		},
		{
			"from": [7.5, 4.61247, 6.57708],
			"to": [8.5, 5.61247, 6.57708],
			"rotation": {"angle": -22.5, "axis": "x", "origin": [8, 4.11247, 8.07708]},
			"faces": {
				"north": {"uv": [1, 12.5, 0.5, 13], "texture": "#1"},
				"east": {"uv": [0, 0, 0, 0.5], "texture": "#1"},
				"south": {"uv": [13, 0, 12.5, 0.5], "texture": "#1"},
				"west": {"uv": [0, 0, 0, 0.5], "texture": "#1"},
				"up": {"uv": [0.5, 0, 0, 0], "texture": "#1"},
				"down": {"uv": [0.5, 0, 0, 0], "texture": "#1"}
			}
		},
		{
			"from": [7.75, 2.5, 6.25],
			"to": [9.75, 4.5, 8.25],
			"rotation": {"angle": -45, "axis": "y", "origin": [8, 3.5, 8]},
			"faces": {
				"north": {"uv": [5, 8, 6, 9], "texture": "#1"},
				"east": {"uv": [6, 8, 7, 9], "texture": "#1"},
				"south": {"uv": [7, 8, 8, 9], "texture": "#1"},
				"west": {"uv": [8, 8, 9, 9], "texture": "#1"},
				"up": {"uv": [9.5, 7, 8.5, 6], "texture": "#1"},
				"down": {"uv": [9.5, 7, 8.5, 8], "texture": "#1"}
			}
		},
		{
			"from": [4.5, 3, 7.5],
			"to": [11.5, 4, 8.5],
			"rotation": {"angle": 0, "axis": "y", "origin": [8, 3.5, 8]},
			"faces": {
				"north": {"uv": [7, 4, 10.5, 4.5], "texture": "#1"},
				"east": {"uv": [12, 9, 12.5, 9.5], "texture": "#1"},
				"south": {"uv": [7, 4.5, 10.5, 5], "texture": "#1"},
				"west": {"uv": [12, 9.5, 12.5, 10], "texture": "#1"},
				"up": {"uv": [10.5, 5.5, 7, 5], "texture": "#1"},
				"down": {"uv": [10.5, 5.5, 7, 6], "texture": "#1"}
			}
		},
		{
			"from": [10.5, 4.68402, 7.505],
			"to": [12.5, 5.68402, 8.495],
			"rotation": {"angle": -22.5, "axis": "z", "origin": [5.53388, 5.18402, 8]},
			"faces": {
				"north": {"uv": [11, 6.5, 12, 7], "texture": "#1"},
				"east": {"uv": [12.5, 2, 13, 2.5], "texture": "#1"},
				"south": {"uv": [11, 7.5, 12, 8], "texture": "#1"},
				"west": {"uv": [2.5, 12.5, 3, 13], "texture": "#1"},
				"up": {"uv": [12, 8.5, 11, 8], "texture": "#1"},
				"down": {"uv": [12, 8.5, 11, 9], "texture": "#1"}
			}
		},
		{
			"from": [6.17228, 4.35032, 7.4],
			"to": [8.17228, 6.35032, 8.6],
			"rotation": {"angle": -45, "axis": "z", "origin": [7.20616, -1.14968, 8]},
			"faces": {
				"north": {"uv": [9, 3, 10, 4], "texture": "#1"},
				"east": {"uv": [5, 11.5, 5.5, 12.5], "texture": "#1"},
				"south": {"uv": [5, 9, 6, 10], "texture": "#1"},
				"west": {"uv": [5.5, 11.5, 6, 12.5], "texture": "#1"},
				"up": {"uv": [12.5, 6, 11.5, 5.5], "texture": "#1"},
				"down": {"uv": [12.5, 6, 11.5, 6.5], "texture": "#1"}
			}
		},
		{
			"from": [4.42492, 1.62255, 7.505],
			"to": [7.42492, 2.62255, 8.495],
			"rotation": {"angle": -22.5, "axis": "z", "origin": [7.92492, 2.12255, 8]},
			"faces": {
				"north": {"uv": [10, 0.5, 11.5, 1], "texture": "#1"},
				"east": {"uv": [12, 10.5, 12.5, 11], "texture": "#1"},
				"south": {"uv": [10, 1, 11.5, 1.5], "texture": "#1"},
				"west": {"uv": [11, 12, 11.5, 12.5], "texture": "#1"},
				"up": {"uv": [11.5, 2, 10, 1.5], "texture": "#1"},
				"down": {"uv": [11.5, 2, 10, 2.5], "texture": "#1"}
			}
		},
		{
			"from": [5.82843, 4.5, 7],
			"to": [6.82843, 5.5, 9],
			"rotation": {"angle": 45, "axis": "z", "origin": [7.32843, 2.29289, 7.5]},
			"faces": {
				"north": {"uv": [12, 11.5, 12.5, 12], "texture": "#1"},
				"east": {"uv": [11, 4.5, 12, 5], "texture": "#1"},
				"south": {"uv": [12, 12, 12.5, 12.5], "texture": "#1"},
				"west": {"uv": [11, 5, 12, 5.5], "texture": "#1"},
				"up": {"uv": [11.5, 6.5, 11, 5.5], "texture": "#1"},
				"down": {"uv": [6.5, 11, 6, 12], "texture": "#1"}
			}
		},
		{
			"from": [7.5, -5, 7.5],
			"to": [8.5, 1, 8.5],
			"rotation": {"angle": 0, "axis": "y", "origin": [7, 0, 7]},
			"faces": {
				"north": {"uv": [3, 8, 3.5, 11], "texture": "#1"},
				"east": {"uv": [3.5, 8, 4, 11], "texture": "#1"},
				"south": {"uv": [4, 8, 4.5, 11], "texture": "#1"},
				"west": {"uv": [4.5, 8, 5, 11], "texture": "#1"},
				"up": {"uv": [1, 12.5, 0.5, 12], "texture": "#1"},
				"down": {"uv": [1.5, 12, 1, 12.5], "texture": "#1"}
			}
		},
		{
			"from": [7.25, -7.25, 7.5],
			"to": [8.25, -6.25, 8.5],
			"rotation": {"angle": 45, "axis": "z", "origin": [8, -6.5, 8]},
			"faces": {
				"north": {"uv": [7, 12, 7.5, 12.5], "texture": "#1"},
				"east": {"uv": [7.5, 12, 8, 12.5], "texture": "#1"},
				"south": {"uv": [12, 7.5, 12.5, 8], "texture": "#1"},
				"west": {"uv": [12, 8, 12.5, 8.5], "texture": "#1"},
				"up": {"uv": [12.5, 9, 12, 8.5], "texture": "#1"},
				"down": {"uv": [9.5, 12, 9, 12.5], "texture": "#1"}
			}
		},
		{
			"from": [10, -6.05643, 7.505],
			"to": [11, -4.05643, 8.495],
			"rotation": {"angle": -22.5, "axis": "z", "origin": [7.3591, -0.05643, 6.9]},
			"faces": {
				"north": {"uv": [3.5, 11, 4, 12], "texture": "#1"},
				"east": {"uv": [11, 3.5, 11.5, 4.5], "texture": "#1"},
				"south": {"uv": [4, 11, 4.5, 12], "texture": "#1"},
				"west": {"uv": [4.5, 11, 5, 12], "texture": "#1"},
				"up": {"uv": [12.5, 10.5, 12, 10], "texture": "#1"},
				"down": {"uv": [11, 12, 10.5, 12.5], "texture": "#1"}
			}
		},
		{
			"from": [7.4, -1.1, 7.4],
			"to": [8.6, 0.1, 8.6],
			"rotation": {"angle": 0, "axis": "y", "origin": [7, 1, 7]},
			"faces": {
				"north": {"uv": [1.5, 12, 2, 12.5], "texture": "#1"},
				"east": {"uv": [12, 1.5, 12.5, 2], "texture": "#1"},
				"south": {"uv": [12, 2, 12.5, 2.5], "texture": "#1"},
				"west": {"uv": [3, 12, 3.5, 12.5], "texture": "#1"},
				"up": {"uv": [4, 12.5, 3.5, 12], "texture": "#1"},
				"down": {"uv": [4.5, 12, 4, 12.5], "texture": "#1"}
			}
		},
		{
			"from": [7.4, -6.1, 7.4],
			"to": [8.6, -4.9, 8.6],
			"rotation": {"angle": 0, "axis": "y", "origin": [7, 0, 7]},
			"faces": {
				"north": {"uv": [4.5, 12, 5, 12.5], "texture": "#1"},
				"east": {"uv": [12, 4.5, 12.5, 5], "texture": "#1"},
				"south": {"uv": [12, 5, 12.5, 5.5], "texture": "#1"},
				"west": {"uv": [6, 12, 6.5, 12.5], "texture": "#1"},
				"up": {"uv": [7, 12.5, 6.5, 12], "texture": "#1"},
				"down": {"uv": [12.5, 6.5, 12, 7], "texture": "#1"}
			}
		},
		{
			"from": [6.81802, -0.76777, 7.01],
			"to": [9.81802, 0.23223, 8.99],
			"rotation": {"angle": 45, "axis": "z", "origin": [6.31802, 1.23223, 7]},
			"faces": {
				"north": {"uv": [10, 0, 11.5, 0.5], "texture": "#1"},
				"east": {"uv": [10, 7.5, 11, 8], "texture": "#1"},
				"south": {"uv": [0.5, 10, 2, 10.5], "texture": "#1"},
				"west": {"uv": [10.5, 7, 11.5, 7.5], "texture": "#1"},
				"up": {"uv": [8.5, 7, 7, 6], "texture": "#1"},
				"down": {"uv": [8.5, 7, 7, 8], "texture": "#1"}
			}
		},
		{
			"from": [4.93934, 0.35355, 7.5],
			"to": [6.93934, 1.35355, 8.5],
			"rotation": {"angle": 45, "axis": "z", "origin": [5.43934, 2.35355, 8]},
			"faces": {
				"north": {"uv": [11, 9, 12, 9.5], "texture": "#1"},
				"east": {"uv": [12.5, 2.5, 13, 3], "texture": "#1"},
				"south": {"uv": [11, 9.5, 12, 10], "texture": "#1"},
				"west": {"uv": [3, 12.5, 3.5, 13], "texture": "#1"},
				"up": {"uv": [12, 10.5, 11, 10], "texture": "#1"},
				"down": {"uv": [11.5, 11, 10.5, 11.5], "texture": "#1"}
			}
		},
		{
			"from": [4.3, 2.23274, 7.505],
			"to": [6.3, 3.23274, 8.495],
			"rotation": {"angle": 22.5, "axis": "z", "origin": [9.27477, 3.23274, 8]},
			"faces": {
				"north": {"uv": [11, 10.5, 12, 11], "texture": "#1"},
				"east": {"uv": [12.5, 3, 13, 3.5], "texture": "#1"},
				"south": {"uv": [11.5, 0, 12.5, 0.5], "texture": "#1"},
				"west": {"uv": [3.5, 12.5, 4, 13], "texture": "#1"},
				"up": {"uv": [12.5, 1, 11.5, 0.5], "texture": "#1"},
				"down": {"uv": [12.5, 1, 11.5, 1.5], "texture": "#1"}
			}
		},
		{
			"from": [2.88494, -1.65, 7],
			"to": [4.88494, 0.35, 9],
			"rotation": {"angle": -22.5, "axis": "z", "origin": [6.88494, -2.71114, 8]},
			"faces": {
				"north": {"uv": [0, 9, 1, 10], "texture": "#1"},
				"east": {"uv": [9, 0, 10, 1], "texture": "#1"},
				"south": {"uv": [1, 9, 2, 10], "texture": "#1"},
				"west": {"uv": [9, 1, 10, 2], "texture": "#1"},
				"up": {"uv": [3, 10, 2, 9], "texture": "#1"},
				"down": {"uv": [10, 2, 9, 3], "texture": "#1"}
			}
		},
		{
			"from": [5, -1.34971, 7.51],
			"to": [6, 0.65029, 8.49],
			"rotation": {"angle": 22.5, "axis": "z", "origin": [7.53859, -2.41085, 8]},
			"faces": {
				"north": {"uv": [6.5, 11, 7, 12], "texture": "#1"},
				"east": {"uv": [11.5, 1.5, 12, 2.5], "texture": "#1"},
				"south": {"uv": [2, 11.5, 2.5, 12.5], "texture": "#1"},
				"west": {"uv": [2.5, 11.5, 3, 12.5], "texture": "#1"},
				"up": {"uv": [13, 4, 12.5, 3.5], "texture": "#1"},
				"down": {"uv": [4.5, 12.5, 4, 13], "texture": "#1"}
			}
		},
		{
			"from": [2.80295, -4.50353, 7.5],
			"to": [4.80295, -3.50353, 8.5],
			"rotation": {"angle": -45, "axis": "z", "origin": [5.34154, -5.56467, 8]},
			"faces": {
				"north": {"uv": [11.5, 2.5, 12.5, 3], "texture": "#1"},
				"east": {"uv": [12.5, 4.5, 13, 5], "texture": "#1"},
				"south": {"uv": [11.5, 3, 12.5, 3.5], "texture": "#1"},
				"west": {"uv": [5, 12.5, 5.5, 13], "texture": "#1"},
				"up": {"uv": [12.5, 4, 11.5, 3.5], "texture": "#1"},
				"down": {"uv": [12.5, 4, 11.5, 4.5], "texture": "#1"}
			}
		},
		{
			"from": [5.71104, -4.43349, 7.505],
			"to": [6.41814, -3.72638, 8.495],
			"rotation": {"angle": 0, "axis": "y", "origin": [4.357, -5.26497, 8]},
			"faces": {
				"north": {"uv": [12.5, 5, 13, 5.5], "texture": "#1"},
				"east": {"uv": [5.5, 12.5, 6, 13], "texture": "#1"},
				"south": {"uv": [12.5, 5.5, 13, 6], "texture": "#1"},
				"west": {"uv": [6, 12.5, 6.5, 13], "texture": "#1"},
				"up": {"uv": [13, 6.5, 12.5, 6], "texture": "#1"},
				"down": {"uv": [7, 12.5, 6.5, 13], "texture": "#1"}
			}
		},
		{
			"from": [4.71104, -3.01928, 7.505],
			"to": [5.71104, -0.01928, 8.495],
			"rotation": {"angle": 0, "axis": "y", "origin": [6.71104, -6.08042, 8]},
			"faces": {
				"north": {"uv": [2, 10, 2.5, 11.5], "texture": "#1"},
				"east": {"uv": [2.5, 10, 3, 11.5], "texture": "#1"},
				"south": {"uv": [10, 2.5, 10.5, 4], "texture": "#1"},
				"west": {"uv": [5, 10, 5.5, 11.5], "texture": "#1"},
				"up": {"uv": [13, 4.5, 12.5, 4], "texture": "#1"},
				"down": {"uv": [5, 12.5, 4.5, 13], "texture": "#1"}
			}
		},
		{
			"from": [7.18734, 0.91674, 7.015],
			"to": [8.18734, 2.91674, 8.985],
			"rotation": {"angle": -22.5, "axis": "z", "origin": [7.18734, 0.41674, 7]},
			"faces": {
				"north": {"uv": [9.5, 10.5, 10, 11.5], "texture": "#1"},
				"east": {"uv": [8, 0, 9, 1], "texture": "#1"},
				"south": {"uv": [10.5, 10, 11, 11], "texture": "#1"},
				"west": {"uv": [8, 1, 9, 2], "texture": "#1"},
				"up": {"uv": [11.5, 3.5, 11, 2.5], "texture": "#1"},
				"down": {"uv": [3.5, 11, 3, 12], "texture": "#1"}
			}
		}
	],
	"display": {
		"thirdperson_righthand": {
			"rotation": [-2, -85, 0],
			"translation": [0.5, 10.5, 1],
			"scale": [1.2, 1.2, 1.2]
		},
		"thirdperson_lefthand": {
			"rotation": [-2, 85, 0],
			"translation": [0.5, 10.5, 1],
			"scale": [1.2, 1.2, 1.2]
		},
		"firstperson_righthand": {
			"rotation": [-20, -85, 0],
			"translation": [2.5, 4.5, -1],
			"scale": [0.7, 0.8, 0.7]
		},
		"firstperson_lefthand": {
			"rotation": [-20, 95, 0],
			"translation": [2.5, 4.5, -1],
			"scale": [0.7, 0.8, 0.7]
		},
		"ground": {
			"rotation": [85, 0, 0]
		},
		"gui": {
			"rotation": [-25, 15, 30],
			"translation": [1, -2, 0]
		}
	}
}