{
	"credit": "Made with Blockbench by ProbsWinter",
	"texture_size": [32, 32],
	"textures": {
		"2": "item/inferno",
		"3": "anim/infernoanim"
	},
	"elements": [
		{
			"from": [6.5, 2, 8.5],
			"to": [9.5, 5, 11.5],
			"rotation": {"angle": -22.5, "axis": "x", "origin": [0, 0, 1]},
			"faces": {
				"north": {"uv": [3, 0, 4.5, 1.5], "texture": "#2"},
				"east": {"uv": [3, 1.5, 4.5, 3], "texture": "#2"},
				"south": {"uv": [3, 3, 4.5, 4.5], "texture": "#2"},
				"west": {"uv": [4.5, 0, 6, 1.5], "texture": "#2"},
				"up": {"uv": [6, 3, 4.5, 1.5], "texture": "#2"},
				"down": {"uv": [4.5, 4.5, 3, 6], "texture": "#2"}
			}
		},
		{
			"from": [7, 0.325, 8.50688],
			"to": [9, 2.325, 10.50688],
			"rotation": {"angle": -45, "axis": "x", "origin": [-0.5, 0.47524, 1.50688]},
			"faces": {
				"north": {"uv": [7, 4.5, 8, 5.5], "texture": "#2"},
				"east": {"uv": [1.5, 7.5, 2.5, 8.5], "texture": "#2"},
				"south": {"uv": [2.5, 7.5, 3.5, 8.5], "texture": "#2"},
				"west": {"uv": [7.5, 3, 8.5, 4], "texture": "#2"},
				"up": {"uv": [6.5, 8.5, 5.5, 7.5], "texture": "#2"},
				"down": {"uv": [8.5, 5.5, 7.5, 6.5], "texture": "#2"}
			}
		},
		{
			"from": [7.505, 2.325, 7.50688],
			"to": [8.495, 3.325, 8.50688],
			"rotation": {"angle": -45, "axis": "x", "origin": [-0.5, 0.47524, 1.50688]},
			"faces": {
				"north": {"uv": [9.5, 7, 10, 7.5], "texture": "#2"},
				"east": {"uv": [6, 12, 6.5, 12.5], "texture": "#2"},
				"south": {"uv": [12, 6.5, 12.5, 7], "texture": "#2"},
				"west": {"uv": [12, 7, 12.5, 7.5], "texture": "#2"},
				"up": {"uv": [8, 12.5, 7.5, 12], "texture": "#2"},
				"down": {"uv": [12.5, 7.5, 12, 8], "texture": "#2"}
			}
		},
		{
			"from": [7.505, 1, 10.50688],
			"to": [8.495, 3, 12.50688],
			"rotation": {"angle": -45, "axis": "x", "origin": [-0.5, 0.47524, 1.50688]},
			"faces": {
				"north": {"uv": [11, 6, 11.5, 7], "texture": "#2"},
				"east": {"uv": [8, 4.5, 9, 5.5], "texture": "#2"},
				"south": {"uv": [7.5, 11, 8, 12], "texture": "#2"},
				"west": {"uv": [6.5, 8, 7.5, 9], "texture": "#2"},
				"up": {"uv": [11.5, 8.5, 11, 7.5], "texture": "#2"},
				"down": {"uv": [8.5, 11, 8, 12], "texture": "#2"}
			}
		},
		{
			"from": [7.51, -0.53435, 16.42684],
			"to": [8.49, 0.46565, 17.42684],
			"rotation": {"angle": -45, "axis": "x", "origin": [-0.5, -1.05911, -7.57316]},
			"faces": {
				"north": {"uv": [12.5, 7, 13, 7.5], "texture": "#2"},
				"east": {"uv": [7.5, 12.5, 8, 13], "texture": "#2"},
				"south": {"uv": [12.5, 7.5, 13, 8], "texture": "#2"},
				"west": {"uv": [8, 12.5, 8.5, 13], "texture": "#2"},
				"up": {"uv": [13, 8.5, 12.5, 8], "texture": "#2"},
				"down": {"uv": [9, 12.5, 8.5, 13], "texture": "#2"}
			}
		},
		{
			"from": [7.51, 1, 16],
			"to": [8.49, 3, 17],
			"rotation": {"angle": -45, "axis": "x", "origin": [-0.5, -1.05911, -7.57316]},
			"faces": {
				"north": {"uv": [11.5, 3, 12, 4], "texture": "#2"},
				"east": {"uv": [3.5, 11.5, 4, 12.5], "texture": "#2"},
				"south": {"uv": [11.5, 4, 12, 5], "texture": "#2"},
				"west": {"uv": [11.5, 5, 12, 6], "texture": "#2"},
				"up": {"uv": [13, 9.5, 12.5, 9], "texture": "#2"},
				"down": {"uv": [10, 12.5, 9.5, 13], "texture": "#2"}
			}
		},
		{
			"from": [7.5, 5.49968, 0.46971],
			"to": [8.5, 8.49968, 1.46971],
			"rotation": {"angle": 22.5, "axis": "x", "origin": [-0.5, -0.50032, 5.31947]},
			"faces": {
				"north": {"uv": [1.5, 9.5, 2, 11], "texture": "#2"},
				"east": {"uv": [2, 9.5, 2.5, 11], "texture": "#2"},
				"south": {"uv": [2.5, 9.5, 3, 11], "texture": "#2"},
				"west": {"uv": [3, 9.5, 3.5, 11], "texture": "#2"},
				"up": {"uv": [8.5, 12.5, 8, 12], "texture": "#2"},
				"down": {"uv": [12.5, 8, 12, 8.5], "texture": "#2"}
			}
		},
		{
			"from": [7.55, 0.25, 7.4],
			"to": [8.54, 2.25, 8.4],
			"rotation": {"angle": 22.5, "axis": "x", "origin": [-0.5, -0.50032, 5.31947]},
			"faces": {
				"north": {"uv": [11, 11.5, 11.5, 12.5], "texture": "#2"},
				"east": {"uv": [11.5, 11, 12, 12], "texture": "#2"},
				"south": {"uv": [12, 0, 12.5, 1], "texture": "#2"},
				"west": {"uv": [12, 1, 12.5, 2], "texture": "#2"},
				"up": {"uv": [2.5, 13.5, 2, 13], "texture": "#2"},
				"down": {"uv": [13.5, 2, 13, 2.5], "texture": "#2"}
			}
		},
		{
			"from": [7.505, 8.49968, 4.46971],
			"to": [8.495, 10.49968, 5.46971],
			"rotation": {"angle": 22.5, "axis": "x", "origin": [-0.5, -0.50032, 5.31947]},
			"faces": {
				"north": {"uv": [5, 11, 5.5, 12], "texture": "#2"},
				"east": {"uv": [11, 5, 11.5, 6], "texture": "#2"},
				"south": {"uv": [5.5, 11, 6, 12], "texture": "#2"},
				"west": {"uv": [6, 11, 6.5, 12], "texture": "#2"},
				"up": {"uv": [13, 5, 12.5, 4.5], "texture": "#2"},
				"down": {"uv": [5.5, 12.5, 5, 13], "texture": "#2"}
			}
		},
		{
			"from": [7.51, 5, 11.75],
			"to": [8.49, 7, 12.75],
			"rotation": {"angle": -22.5, "axis": "x", "origin": [-0.5, -0.50032, 5.31947]},
			"faces": {
				"north": {"uv": [1, 11.5, 1.5, 12.5], "texture": "#2"},
				"east": {"uv": [11.5, 1, 12, 2], "texture": "#2"},
				"south": {"uv": [11.5, 2, 12, 3], "texture": "#2"},
				"west": {"uv": [3, 11.5, 3.5, 12.5], "texture": "#2"},
				"up": {"uv": [13, 9, 12.5, 8.5], "texture": "#2"},
				"down": {"uv": [9.5, 12.5, 9, 13], "texture": "#2"}
			}
		},
		{
			"from": [7.505, 15.49968, 2.46971],
			"to": [8.495, 17.49968, 3.46971],
			"rotation": {"angle": 22.5, "axis": "x", "origin": [-0.5, 1.49968, 5.31947]},
			"faces": {
				"north": {"uv": [8.5, 11, 9, 12], "texture": "#2"},
				"east": {"uv": [11, 8.5, 11.5, 9.5], "texture": "#2"},
				"south": {"uv": [9, 11, 9.5, 12], "texture": "#2"},
				"west": {"uv": [11, 9.5, 11.5, 10.5], "texture": "#2"},
				"up": {"uv": [13, 6, 12.5, 5.5], "texture": "#2"},
				"down": {"uv": [6.5, 12.5, 6, 13], "texture": "#2"}
			}
		},
		{
			"from": [7.505, 16.15889, 0.19414],
			"to": [8.495, 20.15889, 2.19414],
			"rotation": {"angle": 22.5, "axis": "x", "origin": [-0.495, 2.15889, 9.0439]},
			"faces": {
				"north": {"uv": [3.5, 7.5, 4, 9.5], "texture": "#2"},
				"east": {"uv": [2, 5.5, 3, 7.5], "texture": "#2"},
				"south": {"uv": [7.5, 8, 8, 10], "texture": "#2"},
				"west": {"uv": [6, 0, 7, 2], "texture": "#2"},
				"up": {"uv": [12, 7, 11.5, 6], "texture": "#2"},
				"down": {"uv": [7, 11.5, 6.5, 12.5], "texture": "#2"}
			}
		},
		{
			"from": [7.505, 20.15889, 1.19414],
			"to": [8.495, 22.35889, 2.19414],
			"rotation": {"angle": 22.5, "axis": "x", "origin": [-0.495, 2.15889, 9.0439]},
			"faces": {
				"north": {"uv": [7, 11.5, 7.5, 12.5], "texture": "#2"},
				"east": {"uv": [11.5, 7, 12, 8], "texture": "#2"},
				"south": {"uv": [11.5, 8, 12, 9], "texture": "#2"},
				"west": {"uv": [11.5, 9, 12, 10], "texture": "#2"},
				"up": {"uv": [13, 10, 12.5, 9.5], "texture": "#2"},
				"down": {"uv": [10.5, 12.5, 10, 13], "texture": "#2"}
			}
		},
		{
			"from": [7.51, 21.89684, -7.27097],
			"to": [8.49, 24.89684, -6.27097],
			"rotation": {"angle": 45, "axis": "x", "origin": [-0.495, 3.89684, 0.57879]},
			"faces": {
				"north": {"uv": [8, 9.5, 8.5, 11], "texture": "#2"},
				"east": {"uv": [8.5, 9.5, 9, 11], "texture": "#2"},
				"south": {"uv": [9, 9.5, 9.5, 11], "texture": "#2"},
				"west": {"uv": [9.5, 9, 10, 10.5], "texture": "#2"},
				"up": {"uv": [13, 10.5, 12.5, 10], "texture": "#2"},
				"down": {"uv": [11, 12.5, 10.5, 13], "texture": "#2"}
			}
		},
		{
			"from": [7.5, 15.85787, 14.47992],
			"to": [8.5, 16.85787, 15.47992],
			"rotation": {"angle": -22.5, "axis": "x", "origin": [-0.495, 9.00811, -6.52008]},
			"faces": {
				"north": {"uv": [12.5, 10.5, 13, 11], "texture": "#2"},
				"east": {"uv": [11, 12.5, 11.5, 13], "texture": "#2"},
				"south": {"uv": [12.5, 11, 13, 11.5], "texture": "#2"},
				"west": {"uv": [11.5, 12.5, 12, 13], "texture": "#2"},
				"up": {"uv": [13, 12, 12.5, 11.5], "texture": "#2"},
				"down": {"uv": [12.5, 12.5, 12, 13], "texture": "#2"}
			}
		},
		{
			"from": [7.51, 8.59961, 0.51107],
			"to": [8.49, 11.59961, 1.51107],
			"rotation": {"angle": 22.5, "axis": "x", "origin": [-0.5, -5.40039, 3.36083]},
			"faces": {
				"north": {"uv": [5, 9.5, 5.5, 11], "texture": "#2"},
				"east": {"uv": [5.5, 9.5, 6, 11], "texture": "#2"},
				"south": {"uv": [9.5, 5.5, 10, 7], "texture": "#2"},
				"west": {"uv": [6, 9.5, 6.5, 11], "texture": "#2"},
				"up": {"uv": [13, 7, 12.5, 6.5], "texture": "#2"},
				"down": {"uv": [7.5, 12.5, 7, 13], "texture": "#2"}
			}
		},
		{
			"from": [7.505, 14, 12],
			"to": [8.495, 16, 13],
			"rotation": {"angle": -22.5, "axis": "x", "origin": [-0.5, 1.49968, 10.68053]},
			"faces": {
				"north": {"uv": [11, 10.5, 11.5, 11.5], "texture": "#2"},
				"east": {"uv": [0, 11.5, 0.5, 12.5], "texture": "#2"},
				"south": {"uv": [11.5, 0, 12, 1], "texture": "#2"},
				"west": {"uv": [0.5, 11.5, 1, 12.5], "texture": "#2"},
				"up": {"uv": [13, 6.5, 12.5, 6], "texture": "#2"},
				"down": {"uv": [7, 12.5, 6.5, 13], "texture": "#2"}
			}
		},
		{
			"from": [7.5, 9, 7],
			"to": [8.5, 20, 9],
			"rotation": {"angle": 0, "axis": "y", "origin": [0, 2, 1]},
			"faces": {
				"north": {"uv": [2, 0, 2.5, 5.5], "texture": "#2"},
				"east": {"uv": [0, 0, 1, 5.5], "texture": "#2"},
				"south": {"uv": [2.5, 0, 3, 5.5], "texture": "#2"},
				"west": {"uv": [1, 0, 2, 5.5], "texture": "#2"},
				"up": {"uv": [11.5, 5, 11, 4], "texture": "#2"},
				"down": {"uv": [5, 11, 4.5, 12], "texture": "#2"}
			}
		},
		{
			"from": [3.4, 10.35, 7.005],
			"to": [4.4, 13.35, 8.995],
			"rotation": {"angle": -22.5, "axis": "z", "origin": [0, 2, 1]},
			"faces": {
				"north": {"uv": [10, 4.5, 10.5, 6], "texture": "#2"},
				"east": {"uv": [7, 1.5, 8, 3], "texture": "#2"},
				"south": {"uv": [10, 6, 10.5, 7.5], "texture": "#2"},
				"west": {"uv": [4, 7, 5, 8.5], "texture": "#2"},
				"up": {"uv": [6, 13, 5.5, 12], "texture": "#2"},
				"down": {"uv": [12.5, 5.5, 12, 6.5], "texture": "#2"}
			}
		},
		{
			"from": [11.6, 10.35, 7.005],
			"to": [12.6, 13.35, 8.995],
			"rotation": {"angle": 22.5, "axis": "z", "origin": [16, 2, 1]},
			"faces": {
				"north": {"uv": [10.5, 4.5, 10, 6], "texture": "#2"},
				"east": {"uv": [5, 7, 4, 8.5], "texture": "#2"},
				"south": {"uv": [10.5, 6, 10, 7.5], "texture": "#2"},
				"west": {"uv": [8, 1.5, 7, 3], "texture": "#2"},
				"up": {"uv": [5.5, 13, 6, 12], "texture": "#2"},
				"down": {"uv": [12, 5.5, 12.5, 6.5], "texture": "#2"}
			}
		},
		{
			"from": [7.5, 5.675, 5],
			"to": [8.5, 6.675, 7],
			"rotation": {"angle": -22.5, "axis": "x", "origin": [-0.5, -0.50032, 5.31947]},
			"faces": {
				"north": {"uv": [12.5, 1, 13, 1.5], "texture": "#2"},
				"east": {"uv": [10.5, 7, 11.5, 7.5], "texture": "#2"},
				"south": {"uv": [12.5, 1.5, 13, 2], "texture": "#2"},
				"west": {"uv": [3, 11, 4, 11.5], "texture": "#2"},
				"up": {"uv": [11.5, 4, 11, 3], "texture": "#2"},
				"down": {"uv": [4.5, 11, 4, 12], "texture": "#2"}
			}
		},
		{
			"from": [7.5, 2.63329, 6.09733],
			"to": [8.5, 5.63329, 7.09733],
			"rotation": {"angle": -22.5, "axis": "x", "origin": [-0.5, 0.63297, 5.21679]},
			"faces": {
				"north": {"uv": [9.5, 3, 10, 4.5], "texture": "#2"},
				"east": {"uv": [3.5, 9.5, 4, 11], "texture": "#2"},
				"south": {"uv": [4, 9.5, 4.5, 11], "texture": "#2"},
				"west": {"uv": [4.5, 9.5, 5, 11], "texture": "#2"},
				"up": {"uv": [13, 0.5, 12.5, 0], "texture": "#2"},
				"down": {"uv": [1, 12.5, 0.5, 13], "texture": "#2"}
			}
		},
		{
			"from": [7.5, 8.35836, -0.41937],
			"to": [8.5, 10.35836, 0.58063],
			"rotation": {"angle": 22.5, "axis": "x", "origin": [-0.5, -0.64164, 5.43039]},
			"faces": {
				"north": {"uv": [10, 10.5, 10.5, 11.5], "texture": "#2"},
				"east": {"uv": [10.5, 10.5, 11, 11.5], "texture": "#2"},
				"south": {"uv": [11, 0, 11.5, 1], "texture": "#2"},
				"west": {"uv": [11, 1, 11.5, 2], "texture": "#2"},
				"up": {"uv": [12.5, 10, 12, 9.5], "texture": "#2"},
				"down": {"uv": [12.5, 10, 12, 10.5], "texture": "#2"}
			}
		},
		{
			"from": [7.495, 11.375, 13.53029],
			"to": [8.505, 13.375, 14.53029],
			"rotation": {"angle": -45, "axis": "x", "origin": [-0.5, -0.50032, 12.68053]},
			"faces": {
				"north": {"uv": [10.5, 3, 11, 4], "texture": "#2"},
				"east": {"uv": [10.5, 4, 11, 5], "texture": "#2"},
				"south": {"uv": [10.5, 5, 11, 6], "texture": "#2"},
				"west": {"uv": [10.5, 6, 11, 7], "texture": "#2"},
				"up": {"uv": [9, 12.5, 8.5, 12], "texture": "#2"},
				"down": {"uv": [12.5, 8.5, 12, 9], "texture": "#2"}
			}
		},
		{
			"from": [7.495, 7, 9],
			"to": [8.505, 9, 10],
			"rotation": {"angle": -45, "axis": "x", "origin": [-0.5, 0.49968, 12.68053]},
			"faces": {
				"north": {"uv": [1.5, 11, 2, 12], "texture": "#2"},
				"east": {"uv": [2, 11, 2.5, 12], "texture": "#2"},
				"south": {"uv": [11, 2, 11.5, 3], "texture": "#2"},
				"west": {"uv": [2.5, 11, 3, 12], "texture": "#2"},
				"up": {"uv": [13, 1, 12.5, 0.5], "texture": "#2"},
				"down": {"uv": [1.5, 12.5, 1, 13], "texture": "#2"}
			}
		},
		{
			"from": [7.5, 0.2, 6],
			"to": [8.5, 2.2, 8],
			"rotation": {"angle": -45, "axis": "x", "origin": [-0.5, 0.49968, 12.68053]},
			"faces": {
				"north": {"uv": [2.5, 12, 3, 13], "texture": "#2"},
				"east": {"uv": [4, 8.5, 5, 9.5], "texture": "#2"},
				"south": {"uv": [12, 3, 12.5, 4], "texture": "#2"},
				"west": {"uv": [5.5, 8.5, 6.5, 9.5], "texture": "#2"},
				"up": {"uv": [4.5, 13, 4, 12], "texture": "#2"},
				"down": {"uv": [12.5, 4, 12, 5], "texture": "#2"}
			}
		},
		{
			"from": [7.505, 5.6, 10.5],
			"to": [8.495, 6.6, 11.5],
			"rotation": {"angle": -45, "axis": "x", "origin": [-0.5, 0.49968, 12.68053]},
			"faces": {
				"north": {"uv": [0.5, 13, 1, 13.5], "texture": "#2"},
				"east": {"uv": [13, 0.5, 13.5, 1], "texture": "#2"},
				"south": {"uv": [1, 13, 1.5, 13.5], "texture": "#2"},
				"west": {"uv": [13, 1, 13.5, 1.5], "texture": "#2"},
				"up": {"uv": [2, 13.5, 1.5, 13], "texture": "#2"},
				"down": {"uv": [13.5, 1.5, 13, 2], "texture": "#2"}
			}
		},
		{
			"from": [7.495, 0.40153, 2.19419],
			"to": [8.505, 1.40153, 3.19419],
			"rotation": {"angle": 22.5, "axis": "x", "origin": [-0.495, 4.08206, 14.69452]},
			"faces": {
				"north": {"uv": [3, 12.5, 3.5, 13], "texture": "#2"},
				"east": {"uv": [12.5, 3, 13, 3.5], "texture": "#2"},
				"south": {"uv": [3.5, 12.5, 4, 13], "texture": "#2"},
				"west": {"uv": [12.5, 3.5, 13, 4], "texture": "#2"},
				"up": {"uv": [13, 4.5, 12.5, 4], "texture": "#2"},
				"down": {"uv": [5, 12.5, 4.5, 13], "texture": "#2"}
			}
		},
		{
			"from": [7.505, 11.31428, 8.89608],
			"to": [8.495, 13.31428, 9.89608],
			"rotation": {"angle": -22.5, "axis": "x", "origin": [-0.5, -0.56105, 13.04632]},
			"faces": {
				"north": {"uv": [6.5, 10.5, 7, 11.5], "texture": "#2"},
				"east": {"uv": [7, 10.5, 7.5, 11.5], "texture": "#2"},
				"south": {"uv": [10.5, 8, 11, 9], "texture": "#2"},
				"west": {"uv": [9.5, 10.5, 10, 11.5], "texture": "#2"},
				"up": {"uv": [9.5, 12.5, 9, 12], "texture": "#2"},
				"down": {"uv": [12.5, 9, 12, 9.5], "texture": "#2"}
			}
		},
		{
			"from": [7.505, 13.79094, 10.28763],
			"to": [8.495, 14.49805, 10.99474],
			"rotation": {"angle": -22.5, "axis": "x", "origin": [-0.5, -2.08438, 14.14498]},
			"faces": {
				"north": {"uv": [12, 10.5, 12.5, 11], "texture": "#2"},
				"east": {"uv": [12, 11, 12.5, 11.5], "texture": "#2"},
				"south": {"uv": [11.5, 12, 12, 12.5], "texture": "#2"},
				"west": {"uv": [12, 11.5, 12.5, 12], "texture": "#2"},
				"up": {"uv": [12.5, 12.5, 12, 12], "texture": "#2"},
				"down": {"uv": [0.5, 12.5, 0, 13], "texture": "#2"}
			}
		},
		{
			"from": [7, 7, 7.01],
			"to": [9, 9, 8.99],
			"rotation": {"angle": 0, "axis": "y", "origin": [-0.5, 0.47524, 1.50688]},
			"faces": {
				"north": {"uv": [8.5, 5.5, 9.5, 6.5], "texture": "#2"},
				"east": {"uv": [8.5, 6.5, 9.5, 7.5], "texture": "#2"},
				"south": {"uv": [9, 0, 10, 1], "texture": "#2"},
				"west": {"uv": [9, 1, 10, 2], "texture": "#2"},
				"up": {"uv": [10, 3, 9, 2], "texture": "#2"},
				"down": {"uv": [10, 4.5, 9, 5.5], "texture": "#2"}
			}
		},
		{
			"from": [7.5, -1, 7.5],
			"to": [8.5, 4, 8.5],
			"rotation": {"angle": 0, "axis": "y", "origin": [-0.5, 0.47524, 1.50688]},
			"faces": {
				"north": {"uv": [5, 7, 5.5, 9.5], "texture": "#2"},
				"east": {"uv": [0, 7.5, 0.5, 10], "texture": "#2"},
				"south": {"uv": [0.5, 7.5, 1, 10], "texture": "#2"},
				"west": {"uv": [1, 7.5, 1.5, 10], "texture": "#2"},
				"up": {"uv": [0.5, 13.5, 0, 13], "texture": "#2"},
				"down": {"uv": [13.5, 0, 13, 0.5], "texture": "#2"}
			}
		},
		{
			"name": "anim",
			"from": [8, 7, 3],
			"to": [8, 29, 13],
			"rotation": {"angle": 0, "axis": "y", "origin": [-0.5, 2.47524, 1.50688]},
			"faces": {
				"north": {"uv": [0, 0, 0, 8], "rotation": 180, "texture": "#3"},
				"east": {"uv": [11, 0, 0, 5], "rotation": 90, "texture": "#3"},
				"south": {"uv": [0, 0, 0, 8], "texture": "#3"},
				"west": {"uv": [0, 0, 11, 5], "rotation": 270, "texture": "#3"},
				"up": {"uv": [0, 0, 0, 2.5], "texture": "#3"},
				"down": {"uv": [0, 0, 0, 2.5], "rotation": 180, "texture": "#3"}
			}
		},
		{
			"from": [7.4, 3.5, 7],
			"to": [8.6, 5.5, 9],
			"rotation": {"angle": 0, "axis": "y", "origin": [-0.5, 0.47524, 1.50688]},
			"faces": {
				"north": {"uv": [9.5, 11.5, 10, 12.5], "texture": "#2"},
				"east": {"uv": [8, 8, 9, 9], "texture": "#2"},
				"south": {"uv": [10, 11.5, 10.5, 12.5], "texture": "#2"},
				"west": {"uv": [1.5, 8.5, 2.5, 9.5], "texture": "#2"},
				"up": {"uv": [12, 11, 11.5, 10], "texture": "#2"},
				"down": {"uv": [11, 11.5, 10.5, 12.5], "texture": "#2"}
			}
		},
		{
			"from": [7, -2, 10],
			"to": [9, 0, 13],
			"rotation": {"angle": -45, "axis": "x", "origin": [-0.5, 0.47524, 1.50688]},
			"faces": {
				"north": {"uv": [7.5, 6.5, 8.5, 7.5], "texture": "#2"},
				"east": {"uv": [6, 3.5, 7.5, 4.5], "texture": "#2"},
				"south": {"uv": [8, 0, 9, 1], "texture": "#2"},
				"west": {"uv": [4, 6, 5.5, 7], "texture": "#2"},
				"up": {"uv": [7, 6, 6, 4.5], "texture": "#2"},
				"down": {"uv": [6.5, 6, 5.5, 7.5], "texture": "#2"}
			}
		},
		{
			"from": [7.005, 5.75, 3.5],
			"to": [8.995, 6.75, 6.5],
			"rotation": {"angle": 0, "axis": "y", "origin": [0, 0, 1]},
			"faces": {
				"north": {"uv": [10, 7.5, 11, 8], "texture": "#2"},
				"east": {"uv": [8.5, 7.5, 10, 8], "texture": "#2"},
				"south": {"uv": [10, 9, 11, 9.5], "texture": "#2"},
				"west": {"uv": [8, 9, 9.5, 9.5], "texture": "#2"},
				"up": {"uv": [7, 3.5, 6, 2], "texture": "#2"},
				"down": {"uv": [4, 6, 3, 7.5], "texture": "#2"}
			}
		},
		{
			"from": [7.5, 5.87858, 10.03432],
			"to": [8.5, 7.87858, 12.03432],
			"rotation": {"angle": 0, "axis": "y", "origin": [-0.005, 0.12858, 1.53432]},
			"faces": {
				"north": {"uv": [7.5, 10, 8, 11], "texture": "#2"},
				"east": {"uv": [8, 1, 9, 2], "texture": "#2"},
				"south": {"uv": [10.5, 0, 11, 1], "texture": "#2"},
				"west": {"uv": [8, 2, 9, 3], "texture": "#2"},
				"up": {"uv": [11, 2, 10.5, 1], "texture": "#2"},
				"down": {"uv": [11, 2, 10.5, 3], "texture": "#2"}
			}
		},
		{
			"from": [7.01, 6.68045, 1.21756],
			"to": [8.99, 7.78045, 5.21756],
			"rotation": {"angle": 22.5, "axis": "x", "origin": [0, 0.47792, 0.01993]},
			"faces": {
				"north": {"uv": [10, 9.5, 11, 10], "texture": "#2"},
				"east": {"uv": [7.5, 4, 9.5, 4.5], "texture": "#2"},
				"south": {"uv": [10, 10, 11, 10.5], "texture": "#2"},
				"west": {"uv": [6.5, 7.5, 8.5, 8], "texture": "#2"},
				"up": {"uv": [1, 7.5, 0, 5.5], "texture": "#2"},
				"down": {"uv": [2, 5.5, 1, 7.5], "texture": "#2"}
			}
		},
		{
			"from": [7.505, 6.80903, 11.31676],
			"to": [8.495, 7.80903, 14.31676],
			"rotation": {"angle": -22.5, "axis": "x", "origin": [-0.505, 0.6065, 15.51439]},
			"faces": {
				"north": {"uv": [7, 3, 7.5, 3.5], "texture": "#2"},
				"east": {"uv": [9, 8, 10.5, 8.5], "texture": "#2"},
				"south": {"uv": [7, 5.5, 7.5, 6], "texture": "#2"},
				"west": {"uv": [9, 8.5, 10.5, 9], "texture": "#2"},
				"up": {"uv": [7, 10.5, 6.5, 9], "texture": "#2"},
				"down": {"uv": [7.5, 9, 7, 10.5], "texture": "#2"}
			}
		},
		{
			"from": [7.395, 0.40887, 7.5],
			"to": [8.605, 3.40887, 8.5],
			"rotation": {"angle": 22.5, "axis": "x", "origin": [-0.505, 0.6065, 15.51439]},
			"faces": {
				"north": {"uv": [0, 10, 0.5, 11.5], "texture": "#2"},
				"east": {"uv": [10, 0, 10.5, 1.5], "texture": "#2"},
				"south": {"uv": [0.5, 10, 1, 11.5], "texture": "#2"},
				"west": {"uv": [1, 10, 1.5, 11.5], "texture": "#2"},
				"up": {"uv": [13, 12.5, 12.5, 12], "texture": "#2"},
				"down": {"uv": [13, 12.5, 12.5, 13], "texture": "#2"}
			}
		},
		{
			"from": [7, -4.59113, 6.2],
			"to": [9, -2.59113, 7.2],
			"rotation": {"angle": -22.5, "axis": "x", "origin": [-0.505, 0.6065, 0.48561]},
			"faces": {
				"north": {"uv": [2.5, 8.5, 3.5, 9.5], "texture": "#2"},
				"east": {"uv": [1.5, 12, 2, 13], "texture": "#2"},
				"south": {"uv": [8.5, 3, 9.5, 4], "texture": "#2"},
				"west": {"uv": [2, 12, 2.5, 13], "texture": "#2"},
				"up": {"uv": [13, 2.5, 12, 2], "texture": "#2"},
				"down": {"uv": [13, 2.5, 12, 3], "texture": "#2"}
			}
		},
		{
			"from": [7.005, -0.65, 7.2],
			"to": [8.995, 2.35, 8.2],
			"rotation": {"angle": 22.5, "axis": "x", "origin": [-0.505, 0.6065, 0.48561]},
			"faces": {
				"north": {"uv": [6.5, 6, 7.5, 7.5], "texture": "#2"},
				"east": {"uv": [10, 1.5, 10.5, 3], "texture": "#2"},
				"south": {"uv": [7, 0, 8, 1.5], "texture": "#2"},
				"west": {"uv": [10, 3, 10.5, 4.5], "texture": "#2"},
				"up": {"uv": [5.5, 12.5, 4.5, 12], "texture": "#2"},
				"down": {"uv": [13, 5, 12, 5.5], "texture": "#2"}
			}
		}
	],
	"display": {
		"thirdperson_righthand": {
			"rotation": [-5, 10, 5],
			"translation": [-0.5, 5.5, 1.5],
			"scale": [1.2, 1.2, 1.2]
		},
		"thirdperson_lefthand": {
			"rotation": [-5, 10, 5],
			"translation": [-0.5, 5.5, 1.5],
			"scale": [1.2, 1.2, 1.2]
		},
		"firstperson_righthand": {
			"rotation": [-15, 0, 0],
			"translation": [9.5, -0.5, -8],
			"scale": [1.2, 1.2, 1.2]
		},
		"firstperson_lefthand": {
			"rotation": [-15, 0, 0],
			"translation": [9.5, -0.5, -8],
			"scale": [1.2, 1.2, 1.2]
		},
		"gui": {
			"rotation": [26, 59, -46],
			"translation": [-2.5, -2, 0]
		}
	}
}