{
	"credit": "Made with Blockbench by ProbsWinter",
	"texture_size": [32, 32],
	"textures": {
		"1": "item/olympic"
	},
	"elements": [
		{
			"from": [6.5, 0, 6.5],
			"to": [9.5, 2, 9.5],
			"faces": {
				"north": {"uv": [8.5, 9, 10, 10], "texture": "#1"},
				"east": {"uv": [9.5, 7.5, 11, 8.5], "texture": "#1"},
				"south": {"uv": [0, 10, 1.5, 11], "texture": "#1"},
				"west": {"uv": [10, 0, 11.5, 1], "texture": "#1"},
				"up": {"uv": [5, 9, 3.5, 7.5], "texture": "#1"},
				"down": {"uv": [6.5, 7.5, 5, 9], "texture": "#1"}
			}
		},
		{
			"from": [7.25, 2, 7.25],
			"to": [8.75, 8, 8.75],
			"faces": {
				"north": {"uv": [7.5, 0, 8.5, 3], "texture": "#1"},
				"east": {"uv": [1.5, 7.5, 2.5, 10.5], "texture": "#1"},
				"south": {"uv": [2.5, 7.5, 3.5, 10.5], "texture": "#1"},
				"west": {"uv": [7.5, 3, 8.5, 6], "texture": "#1"},
				"up": {"uv": [11.5, 7.5, 10.5, 6.5], "texture": "#1"},
				"down": {"uv": [12, 3.5, 11, 4.5], "texture": "#1"}
			}
		},
		{
			"from": [7, 8, 7],
			"to": [9, 9, 9],
			"faces": {
				"north": {"uv": [13.5, 4.5, 14.5, 5], "texture": "#1"},
				"east": {"uv": [7, 13.5, 8, 14], "texture": "#1"},
				"south": {"uv": [13.5, 8, 14.5, 8.5], "texture": "#1"},
				"west": {"uv": [13.5, 8.5, 14.5, 9], "texture": "#1"},
				"up": {"uv": [12, 5.5, 11, 4.5], "texture": "#1"},
				"down": {"uv": [12, 5.5, 11, 6.5], "texture": "#1"}
			}
		},
		{
			"from": [6.495, 9, 6.495],
			"to": [9.505, 10, 9.505],
			"faces": {
				"north": {"uv": [10, 11, 11.5, 11.5], "texture": "#1"},
				"east": {"uv": [11, 10, 12.5, 10.5], "texture": "#1"},
				"south": {"uv": [11, 10.5, 12.5, 11], "texture": "#1"},
				"west": {"uv": [11.5, 0, 13, 0.5], "texture": "#1"},
				"up": {"uv": [9.5, 9, 8, 7.5], "texture": "#1"},
				"down": {"uv": [10, 0, 8.5, 1.5], "texture": "#1"}
			}
		},
		{
			"from": [8.75951, 12.66206, 7.255],
			"to": [9.75951, 14.66206, 8.745],
			"rotation": {"angle": -45, "axis": "z", "origin": [-5.49049, 10.66206, 1.25]},
			"faces": {
				"north": {"uv": [0, 13.5, 0.5, 14.5], "texture": "#1"},
				"east": {"uv": [13.5, 0, 14, 1], "texture": "#1"},
				"south": {"uv": [0.5, 13.5, 1, 14.5], "texture": "#1"},
				"west": {"uv": [1, 13.5, 1.5, 14.5], "texture": "#1"},
				"up": {"uv": [14.5, 13.5, 14, 13], "texture": "#1"},
				"down": {"uv": [14.5, 13.5, 14, 14], "texture": "#1"}
			}
		},
		{
			"from": [10.3892, 6.98397, 7.26],
			"to": [11.3892, 8.98397, 8.74],
			"rotation": {"angle": -22.5, "axis": "z", "origin": [-6.8608, 8.98397, 1.25]},
			"faces": {
				"north": {"uv": [3.5, 13.5, 4, 14.5], "texture": "#1"},
				"east": {"uv": [13.5, 3.5, 14, 4.5], "texture": "#1"},
				"south": {"uv": [4, 13.5, 4.5, 14.5], "texture": "#1"},
				"west": {"uv": [4.5, 13.5, 5, 14.5], "texture": "#1"},
				"up": {"uv": [4.5, 15, 4, 14.5], "texture": "#1"},
				"down": {"uv": [5, 14.5, 4.5, 15], "texture": "#1"}
			}
		},
		{
			"from": [6.5, 11.16133, 9.36573],
			"to": [9.5, 12.16133, 12.36573],
			"rotation": {"angle": -22.5, "axis": "x", "origin": [-6.49, 9.16133, 14.61573]},
			"faces": {
				"north": {"uv": [7, 11, 8.5, 11.5], "texture": "#1"},
				"east": {"uv": [11, 7.5, 12.5, 8], "texture": "#1"},
				"south": {"uv": [11, 8, 12.5, 8.5], "texture": "#1"},
				"west": {"uv": [11, 8.5, 12.5, 9], "texture": "#1"},
				"up": {"uv": [9, 7.5, 7.5, 6], "texture": "#1"},
				"down": {"uv": [8, 7.5, 6.5, 9], "texture": "#1"}
			}
		},
		{
			"from": [6.5, 10.14805, 10.77164],
			"to": [9.5, 15.14805, 11.77164],
			"rotation": {"angle": 0, "axis": "y", "origin": [-6.49, 7.14805, 14.02164]},
			"faces": {
				"north": {"uv": [0, 0, 1.5, 2.5], "texture": "#1"},
				"east": {"uv": [8.5, 10, 9, 12.5], "texture": "#1"},
				"south": {"uv": [1.5, 0, 3, 2.5], "texture": "#1"},
				"west": {"uv": [10, 8.5, 10.5, 11], "texture": "#1"},
				"up": {"uv": [12.5, 9.5, 11, 9], "texture": "#1"},
				"down": {"uv": [12.5, 9.5, 11, 10], "texture": "#1"}
			}
		},
		{
			"from": [12.43965, 12.40693, 7.51],
			"to": [13.43965, 17.40693, 8.49],
			"rotation": {"angle": -22.5, "axis": "z", "origin": [12.89458, 15.74629, 8]},
			"faces": {
				"north": {"uv": [0, 11, 0.5, 13.5], "texture": "#1"},
				"east": {"uv": [0.5, 11, 1, 13.5], "texture": "#1"},
				"south": {"uv": [1, 11, 1.5, 13.5], "texture": "#1"},
				"west": {"uv": [11, 1, 11.5, 3.5], "texture": "#1"},
				"up": {"uv": [15, 13.5, 14.5, 13], "texture": "#1"},
				"down": {"uv": [14, 14.5, 13.5, 15], "texture": "#1"}
			}
		},
		{
			"from": [13.34441, 15.60686, 7.505],
			"to": [14.34441, 17.60686, 8.495],
			"rotation": {"angle": 0, "axis": "y", "origin": [12.89458, 15.74629, 8]},
			"faces": {
				"north": {"uv": [10, 14, 10.5, 15], "texture": "#1"},
				"east": {"uv": [10.5, 14, 11, 15], "texture": "#1"},
				"south": {"uv": [11.5, 14, 12, 15], "texture": "#1"},
				"west": {"uv": [14, 11.5, 14.5, 12.5], "texture": "#1"},
				"up": {"uv": [13, 15, 12.5, 14.5], "texture": "#1"},
				"down": {"uv": [13.5, 14.5, 13, 15], "texture": "#1"}
			}
		},
		{
			"from": [13.01836, 15.17289, 7.52],
			"to": [14.01836, 16.67289, 8.48],
			"rotation": {"angle": -45, "axis": "z", "origin": [12.89458, 15.74629, 8]},
			"faces": {
				"north": {"uv": [8.5, 14, 9, 15], "texture": "#1"},
				"east": {"uv": [9, 14, 9.5, 15], "texture": "#1"},
				"south": {"uv": [9.5, 14, 10, 15], "texture": "#1"},
				"west": {"uv": [14, 9.5, 14.5, 10.5], "texture": "#1"},
				"up": {"uv": [12.5, 15, 12, 14.5], "texture": "#1"},
				"down": {"uv": [15, 12, 14.5, 12.5], "texture": "#1"}
			}
		},
		{
			"from": [13.41072, 11.7008, 7.52],
			"to": [15.35, 15.0043, 8.48],
			"rotation": {"angle": -45, "axis": "z", "origin": [12.89458, 15.74629, 8]},
			"faces": {
				"north": {"uv": [10, 1, 11, 2.5], "texture": "#1"},
				"east": {"uv": [13, 8, 13.5, 9.5], "texture": "#1"},
				"south": {"uv": [10, 2.5, 11, 4], "texture": "#1"},
				"west": {"uv": [13, 11, 13.5, 12.5], "texture": "#1"},
				"up": {"uv": [15, 13, 14, 12.5], "texture": "#1"},
				"down": {"uv": [14, 14, 13, 14.5], "texture": "#1"}
			}
		},
		{
			"from": [11.10367, 16.18313, 7.5],
			"to": [12.10367, 19.18313, 8.5],
			"rotation": {"angle": -45, "axis": "z", "origin": [12.89458, 14.74629, 8]},
			"faces": {
				"north": {"uv": [13, 0, 13.5, 1.5], "texture": "#1"},
				"east": {"uv": [1.5, 13, 2, 14.5], "texture": "#1"},
				"south": {"uv": [13, 1.5, 13.5, 3], "texture": "#1"},
				"west": {"uv": [2, 13, 2.5, 14.5], "texture": "#1"},
				"up": {"uv": [15, 11.5, 14.5, 11], "texture": "#1"},
				"down": {"uv": [15, 11.5, 14.5, 12], "texture": "#1"}
			}
		},
		{
			"from": [13, 15.15, 7.51],
			"to": [16, 16.15, 8.49],
			"rotation": {"angle": -45, "axis": "z", "origin": [12.89458, 14.74629, 8]},
			"faces": {
				"north": {"uv": [12.5, 10.5, 14, 11], "texture": "#1"},
				"east": {"uv": [2, 15, 2.5, 15.5], "texture": "#1"},
				"south": {"uv": [2.5, 13, 4, 13.5], "texture": "#1"},
				"west": {"uv": [15, 2, 15.5, 2.5], "texture": "#1"},
				"up": {"uv": [14.5, 3.5, 13, 3], "texture": "#1"},
				"down": {"uv": [5.5, 13, 4, 13.5], "texture": "#1"}
			}
		},
		{
			"from": [13.5, 15.75, 7.5],
			"to": [16.5, 16.75, 8.5],
			"rotation": {"angle": -22.5, "axis": "z", "origin": [12.89458, 14.74629, 8]},
			"faces": {
				"north": {"uv": [13, 5, 14.5, 5.5], "texture": "#1"},
				"east": {"uv": [2.5, 15, 3, 15.5], "texture": "#1"},
				"south": {"uv": [5.5, 13, 7, 13.5], "texture": "#1"},
				"west": {"uv": [15, 2.5, 15.5, 3], "texture": "#1"},
				"up": {"uv": [14.5, 6, 13, 5.5], "texture": "#1"},
				"down": {"uv": [14.5, 6, 13, 6.5], "texture": "#1"}
			}
		},
		{
			"from": [14.3, 16.25, 7.505],
			"to": [17.3, 17.25, 8.495],
			"rotation": {"angle": 0, "axis": "y", "origin": [12.89458, 14.74629, 8]},
			"faces": {
				"north": {"uv": [13, 6.5, 14.5, 7], "texture": "#1"},
				"east": {"uv": [6, 15, 6.5, 15.5], "texture": "#1"},
				"south": {"uv": [7, 13, 8.5, 13.5], "texture": "#1"},
				"west": {"uv": [15, 6, 15.5, 6.5], "texture": "#1"},
				"up": {"uv": [14.5, 7.5, 13, 7], "texture": "#1"},
				"down": {"uv": [14.5, 7.5, 13, 8], "texture": "#1"}
			}
		},
		{
			"from": [14.76554, 18.44286, 7.505],
			"to": [15.47265, 19.14997, 8.495],
			"rotation": {"angle": 0, "axis": "y", "origin": [12.89458, 14.74629, 8]},
			"faces": {
				"north": {"uv": [14.5, 8, 15, 8.5], "texture": "#1"},
				"east": {"uv": [14.5, 8.5, 15, 9], "texture": "#1"},
				"south": {"uv": [14.5, 9, 15, 9.5], "texture": "#1"},
				"west": {"uv": [14.5, 9.5, 15, 10], "texture": "#1"},
				"up": {"uv": [15, 10.5, 14.5, 10], "texture": "#1"},
				"down": {"uv": [11.5, 14.5, 11, 15], "texture": "#1"}
			}
		},
		{
			"from": [11.56035, 8.40693, 7.515],
			"to": [12.56035, 11.40693, 8.485],
			"rotation": {"angle": 22.5, "axis": "z", "origin": [3.10542, 15.74629, 8]},
			"faces": {
				"north": {"uv": [9, 12.5, 9.5, 14], "texture": "#1"},
				"east": {"uv": [12.5, 9, 13, 10.5], "texture": "#1"},
				"south": {"uv": [9.5, 12.5, 10, 14], "texture": "#1"},
				"west": {"uv": [12.5, 12, 13, 13.5], "texture": "#1"},
				"up": {"uv": [15, 8, 14.5, 7.5], "texture": "#1"},
				"down": {"uv": [8.5, 14.5, 8, 15], "texture": "#1"}
			}
		},
		{
			"from": [17.56033, 14.80194, 7.52],
			"to": [18.26744, 15.50904, 8.48],
			"rotation": {"angle": -22.5, "axis": "z", "origin": [9.1054, 23.14129, 8]},
			"faces": {
				"north": {"uv": [0.5, 15, 1, 15.5], "texture": "#1"},
				"east": {"uv": [15, 0.5, 15.5, 1], "texture": "#1"},
				"south": {"uv": [1, 15, 1.5, 15.5], "texture": "#1"},
				"west": {"uv": [15, 1, 15.5, 1.5], "texture": "#1"},
				"up": {"uv": [2, 15.5, 1.5, 15], "texture": "#1"},
				"down": {"uv": [15.5, 1.5, 15, 2], "texture": "#1"}
			}
		},
		{
			"from": [15.37591, 12.83589, 7.515],
			"to": [16.08302, 13.543, 8.485],
			"rotation": {"angle": 0, "axis": "y", "origin": [6.92098, 21.17524, 7.99]},
			"faces": {
				"north": {"uv": [3, 15, 3.5, 15.5], "texture": "#1"},
				"east": {"uv": [15, 3, 15.5, 3.5], "texture": "#1"},
				"south": {"uv": [3.5, 15, 4, 15.5], "texture": "#1"},
				"west": {"uv": [15, 3.5, 15.5, 4], "texture": "#1"},
				"up": {"uv": [4.5, 15.5, 4, 15], "texture": "#1"},
				"down": {"uv": [15.5, 4, 15, 4.5], "texture": "#1"}
			}
		},
		{
			"from": [14.13804, 10.04082, 7.505],
			"to": [14.84515, 10.74793, 8.495],
			"rotation": {"angle": 22.5, "axis": "z", "origin": [4.68311, 18.38017, 7.98]},
			"faces": {
				"north": {"uv": [4.5, 15, 5, 15.5], "texture": "#1"},
				"east": {"uv": [15, 4.5, 15.5, 5], "texture": "#1"},
				"south": {"uv": [5, 15, 5.5, 15.5], "texture": "#1"},
				"west": {"uv": [15, 5, 15.5, 5.5], "texture": "#1"},
				"up": {"uv": [6, 15.5, 5.5, 15], "texture": "#1"},
				"down": {"uv": [15.5, 5.5, 15, 6], "texture": "#1"}
			}
		},
		{
			"from": [14.46536, 6.41471, 7.51],
			"to": [15.17247, 7.12182, 8.49],
			"rotation": {"angle": 45, "axis": "z", "origin": [4.01044, 14.75406, 7.98]},
			"faces": {
				"north": {"uv": [6.5, 15, 7, 15.5], "texture": "#1"},
				"east": {"uv": [15, 6.5, 15.5, 7], "texture": "#1"},
				"south": {"uv": [7, 15, 7.5, 15.5], "texture": "#1"},
				"west": {"uv": [15, 7, 15.5, 7.5], "texture": "#1"},
				"up": {"uv": [8, 15.5, 7.5, 15], "texture": "#1"},
				"down": {"uv": [15.5, 7.5, 15, 8], "texture": "#1"}
			}
		},
		{
			"from": [3.43965, 8.40693, 7.515],
			"to": [4.43965, 11.40693, 8.485],
			"rotation": {"angle": -22.5, "axis": "z", "origin": [12.89458, 15.74629, 8]},
			"faces": {
				"north": {"uv": [9.5, 12.5, 9, 14], "texture": "#1"},
				"east": {"uv": [13, 12, 12.5, 13.5], "texture": "#1"},
				"south": {"uv": [10, 12.5, 9.5, 14], "texture": "#1"},
				"west": {"uv": [13, 9, 12.5, 10.5], "texture": "#1"},
				"up": {"uv": [14.5, 8, 15, 7.5], "texture": "#1"},
				"down": {"uv": [8, 14.5, 8.5, 15], "texture": "#1"}
			}
		},
		{
			"from": [0.52735, 18.44286, 7.505],
			"to": [1.23446, 19.14997, 8.495],
			"rotation": {"angle": 0, "axis": "y", "origin": [3.10542, 14.74629, 8]},
			"faces": {
				"north": {"uv": [15, 8, 14.5, 8.5], "texture": "#1"},
				"east": {"uv": [15, 9.5, 14.5, 10], "texture": "#1"},
				"south": {"uv": [15, 9, 14.5, 9.5], "texture": "#1"},
				"west": {"uv": [15, 8.5, 14.5, 9], "texture": "#1"},
				"up": {"uv": [14.5, 10.5, 15, 10], "texture": "#1"},
				"down": {"uv": [11, 14.5, 11.5, 15], "texture": "#1"}
			}
		},
		{
			"from": [3.89633, 16.18313, 7.5],
			"to": [4.89633, 19.18313, 8.5],
			"rotation": {"angle": 45, "axis": "z", "origin": [3.10542, 14.74629, 8]},
			"faces": {
				"north": {"uv": [13.5, 0, 13, 1.5], "texture": "#1"},
				"east": {"uv": [2.5, 13, 2, 14.5], "texture": "#1"},
				"south": {"uv": [13.5, 1.5, 13, 3], "texture": "#1"},
				"west": {"uv": [2, 13, 1.5, 14.5], "texture": "#1"},
				"up": {"uv": [14.5, 11.5, 15, 11], "texture": "#1"},
				"down": {"uv": [14.5, 11.5, 15, 12], "texture": "#1"}
			}
		},
		{
			"from": [1.98164, 15.17289, 7.52],
			"to": [2.98164, 16.67289, 8.48],
			"rotation": {"angle": 45, "axis": "z", "origin": [3.10542, 15.74629, 8]},
			"faces": {
				"north": {"uv": [9, 14, 8.5, 15], "texture": "#1"},
				"east": {"uv": [14.5, 9.5, 14, 10.5], "texture": "#1"},
				"south": {"uv": [10, 14, 9.5, 15], "texture": "#1"},
				"west": {"uv": [9.5, 14, 9, 15], "texture": "#1"},
				"up": {"uv": [12, 15, 12.5, 14.5], "texture": "#1"},
				"down": {"uv": [14.5, 12, 15, 12.5], "texture": "#1"}
			}
		},
		{
			"from": [1.65559, 15.60686, 7.505],
			"to": [2.65559, 17.60686, 8.495],
			"rotation": {"angle": 0, "axis": "y", "origin": [3.10542, 15.74629, 8]},
			"faces": {
				"north": {"uv": [10.5, 14, 10, 15], "texture": "#1"},
				"east": {"uv": [14.5, 11.5, 14, 12.5], "texture": "#1"},
				"south": {"uv": [12, 14, 11.5, 15], "texture": "#1"},
				"west": {"uv": [11, 14, 10.5, 15], "texture": "#1"},
				"up": {"uv": [12.5, 15, 13, 14.5], "texture": "#1"},
				"down": {"uv": [13, 14.5, 13.5, 15], "texture": "#1"}
			}
		},
		{
			"from": [2.56035, 12.40693, 7.51],
			"to": [3.56035, 17.40693, 8.49],
			"rotation": {"angle": 22.5, "axis": "z", "origin": [3.10542, 15.74629, 8]},
			"faces": {
				"north": {"uv": [0.5, 11, 0, 13.5], "texture": "#1"},
				"east": {"uv": [11.5, 1, 11, 3.5], "texture": "#1"},
				"south": {"uv": [1.5, 11, 1, 13.5], "texture": "#1"},
				"west": {"uv": [1, 11, 0.5, 13.5], "texture": "#1"},
				"up": {"uv": [14.5, 13.5, 15, 13], "texture": "#1"},
				"down": {"uv": [13.5, 14.5, 14, 15], "texture": "#1"}
			}
		},
		{
			"from": [-2.26744, 14.80194, 7.52],
			"to": [-1.56033, 15.50904, 8.48],
			"rotation": {"angle": 22.5, "axis": "z", "origin": [6.8946, 23.14129, 8]},
			"faces": {
				"north": {"uv": [1, 15, 0.5, 15.5], "texture": "#1"},
				"east": {"uv": [15.5, 1, 15, 1.5], "texture": "#1"},
				"south": {"uv": [1.5, 15, 1, 15.5], "texture": "#1"},
				"west": {"uv": [15.5, 0.5, 15, 1], "texture": "#1"},
				"up": {"uv": [1.5, 15.5, 2, 15], "texture": "#1"},
				"down": {"uv": [15, 1.5, 15.5, 2], "texture": "#1"}
			}
		},
		{
			"from": [0, 15.15, 7.51],
			"to": [3, 16.15, 8.49],
			"rotation": {"angle": 45, "axis": "z", "origin": [3.10542, 14.74629, 8]},
			"faces": {
				"north": {"uv": [14, 10.5, 12.5, 11], "texture": "#1"},
				"east": {"uv": [15.5, 2, 15, 2.5], "texture": "#1"},
				"south": {"uv": [4, 13, 2.5, 13.5], "texture": "#1"},
				"west": {"uv": [2.5, 15, 2, 15.5], "texture": "#1"},
				"up": {"uv": [13, 3.5, 14.5, 3], "texture": "#1"},
				"down": {"uv": [4, 13, 5.5, 13.5], "texture": "#1"}
			}
		},
		{
			"from": [-0.5, 15.75, 7.5],
			"to": [2.5, 16.75, 8.5],
			"rotation": {"angle": 22.5, "axis": "z", "origin": [3.10542, 14.74629, 8]},
			"faces": {
				"north": {"uv": [14.5, 5, 13, 5.5], "texture": "#1"},
				"east": {"uv": [15.5, 2.5, 15, 3], "texture": "#1"},
				"south": {"uv": [7, 13, 5.5, 13.5], "texture": "#1"},
				"west": {"uv": [3, 15, 2.5, 15.5], "texture": "#1"},
				"up": {"uv": [13, 6, 14.5, 5.5], "texture": "#1"},
				"down": {"uv": [13, 6, 14.5, 6.5], "texture": "#1"}
			}
		},
		{
			"from": [-0.08302, 12.83589, 7.515],
			"to": [0.62409, 13.543, 8.485],
			"rotation": {"angle": 0, "axis": "y", "origin": [9.07902, 21.17524, 7.99]},
			"faces": {
				"north": {"uv": [3.5, 15, 3, 15.5], "texture": "#1"},
				"east": {"uv": [15.5, 3.5, 15, 4], "texture": "#1"},
				"south": {"uv": [4, 15, 3.5, 15.5], "texture": "#1"},
				"west": {"uv": [15.5, 3, 15, 3.5], "texture": "#1"},
				"up": {"uv": [4, 15.5, 4.5, 15], "texture": "#1"},
				"down": {"uv": [15, 4, 15.5, 4.5], "texture": "#1"}
			}
		},
		{
			"from": [1.15485, 10.04082, 7.505],
			"to": [1.86196, 10.74793, 8.495],
			"rotation": {"angle": -22.5, "axis": "z", "origin": [11.31689, 18.38017, 7.98]},
			"faces": {
				"north": {"uv": [5, 15, 4.5, 15.5], "texture": "#1"},
				"east": {"uv": [15.5, 5, 15, 5.5], "texture": "#1"},
				"south": {"uv": [5.5, 15, 5, 15.5], "texture": "#1"},
				"west": {"uv": [15.5, 4.5, 15, 5], "texture": "#1"},
				"up": {"uv": [5.5, 15.5, 6, 15], "texture": "#1"},
				"down": {"uv": [15, 5.5, 15.5, 6], "texture": "#1"}
			}
		},
		{
			"from": [-1.3, 16.25, 7.505],
			"to": [1.7, 17.25, 8.495],
			"rotation": {"angle": 0, "axis": "y", "origin": [3.10542, 14.74629, 8]},
			"faces": {
				"north": {"uv": [14.5, 6.5, 13, 7], "texture": "#1"},
				"east": {"uv": [15.5, 6, 15, 6.5], "texture": "#1"},
				"south": {"uv": [8.5, 13, 7, 13.5], "texture": "#1"},
				"west": {"uv": [6.5, 15, 6, 15.5], "texture": "#1"},
				"up": {"uv": [13, 7.5, 14.5, 7], "texture": "#1"},
				"down": {"uv": [13, 7.5, 14.5, 8], "texture": "#1"}
			}
		},
		{
			"from": [0.82753, 6.41471, 7.51],
			"to": [1.53464, 7.12182, 8.49],
			"rotation": {"angle": -45, "axis": "z", "origin": [11.98956, 14.75406, 7.98]},
			"faces": {
				"north": {"uv": [7, 15, 6.5, 15.5], "texture": "#1"},
				"east": {"uv": [15.5, 7, 15, 7.5], "texture": "#1"},
				"south": {"uv": [7.5, 15, 7, 15.5], "texture": "#1"},
				"west": {"uv": [15.5, 6.5, 15, 7], "texture": "#1"},
				"up": {"uv": [7.5, 15.5, 8, 15], "texture": "#1"},
				"down": {"uv": [15, 7.5, 15.5, 8], "texture": "#1"}
			}
		},
		{
			"from": [0.65, 11.7008, 7.52],
			"to": [2.58928, 15.0043, 8.48],
			"rotation": {"angle": 45, "axis": "z", "origin": [3.10542, 15.74629, 8]},
			"faces": {
				"north": {"uv": [11, 1, 10, 2.5], "texture": "#1"},
				"east": {"uv": [13.5, 11, 13, 12.5], "texture": "#1"},
				"south": {"uv": [11, 2.5, 10, 4], "texture": "#1"},
				"west": {"uv": [13.5, 8, 13, 9.5], "texture": "#1"},
				"up": {"uv": [14, 13, 15, 12.5], "texture": "#1"},
				"down": {"uv": [13, 14, 14, 14.5], "texture": "#1"}
			}
		},
		{
			"from": [6.5, 11.16133, 3.63427],
			"to": [9.5, 12.16133, 6.63427],
			"rotation": {"angle": 22.5, "axis": "x", "origin": [22.49, 9.16133, 1.38427]},
			"faces": {
				"north": {"uv": [11.5, 1.5, 13, 2], "texture": "#1"},
				"east": {"uv": [11.5, 2, 13, 2.5], "texture": "#1"},
				"south": {"uv": [11.5, 2.5, 13, 3], "texture": "#1"},
				"west": {"uv": [11.5, 3, 13, 3.5], "texture": "#1"},
				"up": {"uv": [10, 3, 8.5, 1.5], "texture": "#1"},
				"down": {"uv": [10, 3, 8.5, 4.5], "texture": "#1"}
			}
		},
		{
			"from": [6.5, 10.14805, 4.22836],
			"to": [9.5, 15.14805, 5.22836],
			"rotation": {"angle": 0, "axis": "y", "origin": [22.49, 7.14805, 1.97836]},
			"faces": {
				"north": {"uv": [0, 2.5, 1.5, 5], "texture": "#1"},
				"east": {"uv": [9, 10, 9.5, 12.5], "texture": "#1"},
				"south": {"uv": [1.5, 2.5, 3, 5], "texture": "#1"},
				"west": {"uv": [9.5, 10, 10, 12.5], "texture": "#1"},
				"up": {"uv": [13, 1, 11.5, 0.5], "texture": "#1"},
				"down": {"uv": [13, 1, 11.5, 1.5], "texture": "#1"}
			}
		},
		{
			"from": [9.36573, 11.16133, 6.5],
			"to": [12.36573, 12.16133, 9.5],
			"rotation": {"angle": 22.5, "axis": "z", "origin": [14.61573, 9.16133, 21.99]},
			"faces": {
				"north": {"uv": [11.5, 6.5, 13, 7], "texture": "#1"},
				"east": {"uv": [11.5, 7, 13, 7.5], "texture": "#1"},
				"south": {"uv": [10, 11.5, 11.5, 12], "texture": "#1"},
				"west": {"uv": [11.5, 11, 13, 11.5], "texture": "#1"},
				"up": {"uv": [10, 6, 8.5, 4.5], "texture": "#1"},
				"down": {"uv": [5, 9, 3.5, 10.5], "texture": "#1"}
			}
		},
		{
			"from": [10.77164, 10.14805, 6.5],
			"to": [11.77164, 15.14805, 9.5],
			"rotation": {"angle": 0, "axis": "y", "origin": [14.02164, 7.14805, 22.49]},
			"faces": {
				"north": {"uv": [1.5, 10.5, 2, 13], "texture": "#1"},
				"east": {"uv": [3, 0, 4.5, 2.5], "texture": "#1"},
				"south": {"uv": [2, 10.5, 2.5, 13], "texture": "#1"},
				"west": {"uv": [3, 2.5, 4.5, 5], "texture": "#1"},
				"up": {"uv": [7.5, 13, 7, 11.5], "texture": "#1"},
				"down": {"uv": [8, 11.5, 7.5, 13], "texture": "#1"}
			}
		},
		{
			"from": [4.22836, 10.14805, 6.5],
			"to": [5.22836, 15.14805, 9.5],
			"rotation": {"angle": 0, "axis": "y", "origin": [1.97836, 7.14805, 22.49]},
			"faces": {
				"north": {"uv": [2.5, 10.5, 3, 13], "texture": "#1"},
				"east": {"uv": [4.5, 0, 6, 2.5], "texture": "#1"},
				"south": {"uv": [3, 10.5, 3.5, 13], "texture": "#1"},
				"west": {"uv": [4.5, 2.5, 6, 5], "texture": "#1"},
				"up": {"uv": [8.5, 13, 8, 11.5], "texture": "#1"},
				"down": {"uv": [12.5, 5, 12, 6.5], "texture": "#1"}
			}
		},
		{
			"from": [5.14257, 10.14805, 4.08031],
			"to": [6.14257, 15.13805, 7.29289],
			"rotation": {"angle": -45, "axis": "y", "origin": [5.64257, 12.14805, 5.79289]},
			"faces": {
				"north": {"uv": [3.5, 10.5, 4, 13], "texture": "#1"},
				"east": {"uv": [0, 5, 1.5, 7.5], "texture": "#1"},
				"south": {"uv": [4, 10.5, 4.5, 13], "texture": "#1"},
				"west": {"uv": [1.5, 5, 3, 7.5], "texture": "#1"},
				"up": {"uv": [10.5, 13.5, 10, 12], "texture": "#1"},
				"down": {"uv": [11, 12, 10.5, 13.5], "texture": "#1"}
			}
		},
		{
			"from": [9.85743, 10.14805, 4.08031],
			"to": [10.85743, 15.13805, 7.29289],
			"rotation": {"angle": 45, "axis": "y", "origin": [10.35743, 12.14805, 5.79289]},
			"faces": {
				"north": {"uv": [10.5, 4, 11, 6.5], "texture": "#1"},
				"east": {"uv": [3, 5, 4.5, 7.5], "texture": "#1"},
				"south": {"uv": [4.5, 10.5, 5, 13], "texture": "#1"},
				"west": {"uv": [4.5, 5, 6, 7.5], "texture": "#1"},
				"up": {"uv": [11.5, 13.5, 11, 12], "texture": "#1"},
				"down": {"uv": [12, 12, 11.5, 13.5], "texture": "#1"}
			}
		},
		{
			"from": [9.85743, 10.14805, 8.70711],
			"to": [10.85743, 15.13805, 11.91969],
			"rotation": {"angle": -45, "axis": "y", "origin": [10.35743, 12.14805, 10.20711]},
			"faces": {
				"north": {"uv": [5, 10.5, 5.5, 13], "texture": "#1"},
				"east": {"uv": [6, 0, 7.5, 2.5], "texture": "#1"},
				"south": {"uv": [5.5, 10.5, 6, 13], "texture": "#1"},
				"west": {"uv": [6, 2.5, 7.5, 5], "texture": "#1"},
				"up": {"uv": [12.5, 13.5, 12, 12], "texture": "#1"},
				"down": {"uv": [13, 5, 12.5, 6.5], "texture": "#1"}
			}
		},
		{
			"from": [5.14257, 10.14805, 8.70711],
			"to": [6.14257, 15.13805, 11.91969],
			"rotation": {"angle": 45, "axis": "y", "origin": [5.64257, 12.14805, 10.20711]},
			"faces": {
				"north": {"uv": [6, 10.5, 6.5, 13], "texture": "#1"},
				"east": {"uv": [6, 5, 7.5, 7.5], "texture": "#1"},
				"south": {"uv": [10.5, 8.5, 11, 11], "texture": "#1"},
				"west": {"uv": [0, 7.5, 1.5, 10], "texture": "#1"},
				"up": {"uv": [13, 9, 12.5, 7.5], "texture": "#1"},
				"down": {"uv": [9, 12.5, 8.5, 14], "texture": "#1"}
			}
		},
		{
			"from": [5.75, 9.875, 9.31],
			"to": [6.75, 10.875, 11.31],
			"rotation": {"angle": 45, "axis": "y", "origin": [5.64257, 12.14805, 10.20711]},
			"faces": {
				"north": {"uv": [14.5, 5, 15, 5.5], "texture": "#1"},
				"east": {"uv": [13.5, 9, 14.5, 9.5], "texture": "#1"},
				"south": {"uv": [5.5, 14.5, 6, 15], "texture": "#1"},
				"west": {"uv": [10, 13.5, 11, 14], "texture": "#1"},
				"up": {"uv": [8.5, 14.5, 8, 13.5], "texture": "#1"},
				"down": {"uv": [11.5, 13.5, 11, 14.5], "texture": "#1"}
			}
		},
		{
			"from": [9.25, 9.875, 9.31],
			"to": [10.25, 10.875, 11.31],
			"rotation": {"angle": -45, "axis": "y", "origin": [10.35743, 12.14805, 10.20711]},
			"faces": {
				"north": {"uv": [14.5, 5.5, 15, 6], "texture": "#1"},
				"east": {"uv": [13.5, 11, 14.5, 11.5], "texture": "#1"},
				"south": {"uv": [6, 14.5, 6.5, 15], "texture": "#1"},
				"west": {"uv": [11.5, 13.5, 12.5, 14], "texture": "#1"},
				"up": {"uv": [14, 12.5, 13.5, 11.5], "texture": "#1"},
				"down": {"uv": [13, 13.5, 12.5, 14.5], "texture": "#1"}
			}
		},
		{
			"from": [9.35515, 9.875, 5.14965],
			"to": [10.35515, 10.875, 7.14965],
			"rotation": {"angle": 45, "axis": "y", "origin": [9.85515, 10.375, 6.14965]},
			"faces": {
				"north": {"uv": [14.5, 6, 15, 6.5], "texture": "#1"},
				"east": {"uv": [13, 13.5, 14, 14], "texture": "#1"},
				"south": {"uv": [6.5, 14.5, 7, 15], "texture": "#1"},
				"west": {"uv": [14, 0, 15, 0.5], "texture": "#1"},
				"up": {"uv": [14.5, 1.5, 14, 0.5], "texture": "#1"},
				"down": {"uv": [14.5, 1.5, 14, 2.5], "texture": "#1"}
			}
		},
		{
			"from": [5.75, 9.875, 4.69],
			"to": [6.75, 10.875, 6.69],
			"rotation": {"angle": -45, "axis": "y", "origin": [5.64257, 12.14805, 5.79289]},
			"faces": {
				"north": {"uv": [14.5, 6.5, 15, 7], "texture": "#1"},
				"east": {"uv": [14, 2.5, 15, 3], "texture": "#1"},
				"south": {"uv": [14.5, 7, 15, 7.5], "texture": "#1"},
				"west": {"uv": [14, 3.5, 15, 4], "texture": "#1"},
				"up": {"uv": [7.5, 15, 7, 14], "texture": "#1"},
				"down": {"uv": [8, 14, 7.5, 15], "texture": "#1"}
			}
		},
		{
			"from": [3.63427, 11.16133, 6.5],
			"to": [6.63427, 12.16133, 9.5],
			"rotation": {"angle": -22.5, "axis": "z", "origin": [1.38427, 9.16133, 21.99]},
			"faces": {
				"north": {"uv": [11.5, 11.5, 13, 12], "texture": "#1"},
				"east": {"uv": [12, 3.5, 13.5, 4], "texture": "#1"},
				"south": {"uv": [12, 4, 13.5, 4.5], "texture": "#1"},
				"west": {"uv": [12, 4.5, 13.5, 5], "texture": "#1"},
				"up": {"uv": [6.5, 10.5, 5, 9], "texture": "#1"},
				"down": {"uv": [10.5, 6, 9, 7.5], "texture": "#1"}
			}
		},
		{
			"from": [4.6108, 6.98397, 7.26],
			"to": [5.6108, 8.98397, 8.74],
			"rotation": {"angle": 22.5, "axis": "z", "origin": [22.8608, 8.98397, 1.25]},
			"faces": {
				"north": {"uv": [5, 13.5, 5.5, 14.5], "texture": "#1"},
				"east": {"uv": [5.5, 13.5, 6, 14.5], "texture": "#1"},
				"south": {"uv": [6, 13.5, 6.5, 14.5], "texture": "#1"},
				"west": {"uv": [6.5, 13.5, 7, 14.5], "texture": "#1"},
				"up": {"uv": [15, 5, 14.5, 4.5], "texture": "#1"},
				"down": {"uv": [5.5, 14.5, 5, 15], "texture": "#1"}
			}
		},
		{
			"from": [6.24049, 12.66206, 7.255],
			"to": [7.24049, 14.66206, 8.745],
			"rotation": {"angle": 45, "axis": "z", "origin": [21.49049, 10.66206, 1.25]},
			"faces": {
				"north": {"uv": [13.5, 1, 14, 2], "texture": "#1"},
				"east": {"uv": [13.5, 2, 14, 3], "texture": "#1"},
				"south": {"uv": [2.5, 13.5, 3, 14.5], "texture": "#1"},
				"west": {"uv": [3, 13.5, 3.5, 14.5], "texture": "#1"},
				"up": {"uv": [14.5, 14.5, 14, 14], "texture": "#1"},
				"down": {"uv": [0.5, 14.5, 0, 15], "texture": "#1"}
			}
		},
		{
			"from": [7, 4, 7.5],
			"to": [9, 5, 8.5],
			"faces": {
				"north": {"uv": [13, 9.5, 14, 10], "texture": "#1"},
				"east": {"uv": [9.5, 8.5, 10, 9], "texture": "#1"},
				"south": {"uv": [13, 10, 14, 10.5], "texture": "#1"},
				"west": {"uv": [12, 14, 12.5, 14.5], "texture": "#1"},
				"up": {"uv": [14, 13, 13, 12.5], "texture": "#1"},
				"down": {"uv": [14, 13, 13, 13.5], "texture": "#1"}
			}
		},
		{
			"from": [3.90381, 6.81802, 7.505],
			"to": [4.61091, 7.52513, 8.495],
			"rotation": {"angle": -45, "axis": "z", "origin": [2.40381, 2.52513, 0]},
			"faces": {
				"north": {"uv": [0.5, 14.5, 1, 15], "texture": "#1"},
				"east": {"uv": [14.5, 0.5, 15, 1], "texture": "#1"},
				"south": {"uv": [1, 14.5, 1.5, 15], "texture": "#1"},
				"west": {"uv": [14.5, 1, 15, 1.5], "texture": "#1"},
				"up": {"uv": [2, 15, 1.5, 14.5], "texture": "#1"},
				"down": {"uv": [15, 1.5, 14.5, 2], "texture": "#1"}
			}
		},
		{
			"from": [11.38909, 6.81802, 7.505],
			"to": [12.09619, 7.52513, 8.495],
			"rotation": {"angle": 45, "axis": "z", "origin": [13.59619, 2.52513, 0]},
			"faces": {
				"north": {"uv": [2, 14.5, 2.5, 15], "texture": "#1"},
				"east": {"uv": [14.5, 2, 15, 2.5], "texture": "#1"},
				"south": {"uv": [2.5, 14.5, 3, 15], "texture": "#1"},
				"west": {"uv": [3, 14.5, 3.5, 15], "texture": "#1"},
				"up": {"uv": [15, 3.5, 14.5, 3], "texture": "#1"},
				"down": {"uv": [4, 14.5, 3.5, 15], "texture": "#1"}
			}
		},
		{
			"from": [7, 16, 7.5],
			"to": [9, 20, 8.5],
			"rotation": {"angle": 0, "axis": "y", "origin": [0, 1, 0]},
			"faces": {
				"north": {"uv": [6.5, 9, 7.5, 11], "texture": "#1"},
				"east": {"uv": [10, 4, 10.5, 6], "texture": "#1"},
				"south": {"uv": [7.5, 9, 8.5, 11], "texture": "#1"},
				"west": {"uv": [6.5, 11, 7, 13], "texture": "#1"},
				"up": {"uv": [15, 4.5, 14, 4], "texture": "#1"},
				"down": {"uv": [15, 10.5, 14, 11], "texture": "#1"}
			}
		},
		{
			"from": [24.8033, 18.43324, 7.505],
			"to": [26.21751, 19.84746, 8.495],
			"rotation": {"angle": 45, "axis": "z", "origin": [15.71751, -1.56676, -0.005]},
			"faces": {
				"north": {"uv": [14.5, 13.5, 15, 14], "texture": "#1"},
				"east": {"uv": [14, 14.5, 14.5, 15], "texture": "#1"},
				"south": {"uv": [14.5, 14, 15, 14.5], "texture": "#1"},
				"west": {"uv": [14.5, 14.5, 15, 15], "texture": "#1"},
				"up": {"uv": [0.5, 15.5, 0, 15], "texture": "#1"},
				"down": {"uv": [15.5, 0, 15, 0.5], "texture": "#1"}
			}
		},
		{
			"from": [24.8033, 14.43324, 7.505],
			"to": [26.21751, 15.84746, 8.495],
			"rotation": {"angle": 45, "axis": "z", "origin": [15.71751, -5.56676, -0.005]},
			"faces": {
				"north": {"uv": [8, 15, 8.5, 15.5], "texture": "#1"},
				"east": {"uv": [15, 8, 15.5, 8.5], "texture": "#1"},
				"south": {"uv": [8.5, 15, 9, 15.5], "texture": "#1"},
				"west": {"uv": [15, 8.5, 15.5, 9], "texture": "#1"},
				"up": {"uv": [9.5, 15.5, 9, 15], "texture": "#1"},
				"down": {"uv": [15.5, 9, 15, 9.5], "texture": "#1"}
			}
		}
	],
	"display": {
		"thirdperson_righthand": {
			"rotation": [15, 100, 0],
			"translation": [0.5, 0.25, 2.25],
			"scale": [1.3, 1.3, 1.3]
		},
		"thirdperson_lefthand": {
			"rotation": [15, 100, 0],
			"translation": [0.5, 0.25, 2.25],
			"scale": [1.3, 1.3, 1.3]
		},
		"firstperson_righthand": {
			"rotation": [0, 105, 0],
			"translation": [5.5, -1, -2],
			"scale": [0.8, 1, 1]
		},
		"firstperson_lefthand": {
			"rotation": [0, 105, 0],
			"translation": [5.4, -1, -2],
			"scale": [0.8, 1, 1]
		},
		"gui": {
			"rotation": [-20, -20, -25],
			"translation": [-3.5, -2.25, 0],
			"scale": [1.1, 1.1, 1.1]
		},
		"head": {
			"translation": [0, 14.25, 0]
		}
	}
}