{
	"credit": "Made with Blockbench by ProbsWinter",
	"texture_size": [64, 64],
	"textures": {
		"0": "item/plague",
		"particle": "item/plague"
	},
	"elements": [
		{
			"from": [7, 3, -16],
			"to": [9, 5, 4],
			"faces": {
				"north": {"uv": [8.5, 2.25, 9, 2.75], "texture": "#0"},
				"east": {"uv": [4, 2.75, 9, 3.25], "texture": "#0"},
				"south": {"uv": [13, 13, 13.5, 13.5], "texture": "#0"},
				"west": {"uv": [4, 3.25, 9, 3.75], "texture": "#0"},
				"up": {"uv": [4.5, 8.75, 4, 3.75], "texture": "#0"},
				"down": {"uv": [5, 3.75, 4.5, 8.75], "texture": "#0"}
			}
		},
		{
			"from": [6.5, 3, 3.999],
			"to": [9.5, 10, 13.999],
			"rotation": {"angle": 0, "axis": "y", "origin": [0, 0, -2]},
			"faces": {
				"north": {"uv": [1.25, 9.75, 2, 11.5], "texture": "#0"},
				"east": {"uv": [0, 0, 2.5, 1.75], "texture": "#0"},
				"south": {"uv": [9, 10, 9.75, 11.75], "texture": "#0"},
				"west": {"uv": [0, 1.75, 2.5, 3.5], "texture": "#0"},
				"up": {"uv": [8, 10.5, 7.25, 8], "texture": "#0"},
				"down": {"uv": [2.75, 8.75, 2, 11.25], "texture": "#0"}
			}
		},
		{
			"from": [7.04254, 6, 6.4651],
			"to": [8.94254, 8, 10.4651],
			"rotation": {"angle": 22.5, "axis": "x", "origin": [0.54254, -0.30492, 0.4651]},
			"faces": {
				"north": {"uv": [10.5, 13.25, 11, 13.75], "texture": "#0"},
				"east": {"uv": [12.5, 0.75, 13.5, 1.25], "texture": "#0"},
				"south": {"uv": [11, 13.25, 11.5, 13.75], "texture": "#0"},
				"west": {"uv": [12.5, 1.25, 13.5, 1.75], "texture": "#0"},
				"up": {"uv": [2.5, 5.75, 2, 4.75], "texture": "#0"},
				"down": {"uv": [4, 7.75, 3.5, 8.75], "texture": "#0"}
			}
		},
		{
			"from": [-6.13173, 8.50431, 4],
			"to": [-3.13173, 11.50431, 15],
			"rotation": {"angle": -45, "axis": "z", "origin": [-1.63173, -4.49569, 0]},
			"faces": {
				"north": {"uv": [4.25, 12.25, 5, 13], "texture": "#0"},
				"east": {"uv": [7.75, 0, 10.5, 0.75], "texture": "#0"},
				"south": {"uv": [12.25, 5, 13, 5.75], "texture": "#0"},
				"west": {"uv": [7.75, 0.75, 10.5, 1.5], "texture": "#0"},
				"up": {"uv": [5.75, 10.75, 5, 8], "texture": "#0"},
				"down": {"uv": [6.5, 8, 5.75, 10.75], "texture": "#0"}
			}
		},
		{
			"from": [-11.2028, 13.9332, 15],
			"to": [-7.2028, 17.9332, 17],
			"rotation": {"angle": -45, "axis": "z", "origin": [-7.2028, -7.56676, 17]},
			"faces": {
				"north": {"uv": [11, 9.25, 12, 10.25], "texture": "#0"},
				"east": {"uv": [7.5, 12.25, 8, 13.25], "texture": "#0"},
				"south": {"uv": [11.25, 0, 12.25, 1], "texture": "#0"},
				"west": {"uv": [2, 12.5, 2.5, 13.5], "texture": "#0"},
				"up": {"uv": [12.5, 13, 11.5, 12.5], "texture": "#0"},
				"down": {"uv": [13.5, 12.5, 12.5, 13], "texture": "#0"}
			}
		},
		{
			"from": [2.69769, -1.97276, 15.005],
			"to": [3.69769, 0.02724, 16.995],
			"rotation": {"angle": -22.5, "axis": "z", "origin": [35.19765, -1.97276, 17]},
			"faces": {
				"north": {"uv": [10.25, 2.25, 10.5, 2.75], "texture": "#0"},
				"east": {"uv": [0.5, 13.5, 1, 14], "texture": "#0"},
				"south": {"uv": [10.25, 2.75, 10.5, 3.25], "texture": "#0"},
				"west": {"uv": [13.5, 0.5, 14, 1], "texture": "#0"},
				"up": {"uv": [1.25, 11.5, 1, 11], "texture": "#0"},
				"down": {"uv": [2.75, 12.5, 2.5, 13], "texture": "#0"}
			}
		},
		{
			"from": [12.30231, -1.97276, 15.005],
			"to": [13.30231, 0.02724, 16.995],
			"rotation": {"angle": 22.5, "axis": "z", "origin": [-19.19765, -1.97276, 17]},
			"faces": {
				"north": {"uv": [2.5, 13, 2.75, 13.5], "texture": "#0"},
				"east": {"uv": [13.5, 1, 14, 1.5], "texture": "#0"},
				"south": {"uv": [10, 13, 10.25, 13.5], "texture": "#0"},
				"west": {"uv": [13.5, 1.5, 14, 2], "texture": "#0"},
				"up": {"uv": [2.75, 14, 2.5, 13.5], "texture": "#0"},
				"down": {"uv": [13.75, 2.5, 13.5, 3], "texture": "#0"}
			}
		},
		{
			"from": [19.13173, 8.50431, 4],
			"to": [22.13173, 11.50431, 15],
			"rotation": {"angle": 45, "axis": "z", "origin": [17.63173, -4.49569, 0]},
			"faces": {
				"north": {"uv": [12.25, 5.75, 13, 6.5], "texture": "#0"},
				"east": {"uv": [7.75, 1.5, 10.5, 2.25], "texture": "#0"},
				"south": {"uv": [6.75, 12.25, 7.5, 13], "texture": "#0"},
				"west": {"uv": [8, 5.75, 10.75, 6.5], "texture": "#0"},
				"up": {"uv": [7.25, 10.75, 6.5, 8], "texture": "#0"},
				"down": {"uv": [8.75, 6.5, 8, 9.25], "texture": "#0"}
			}
		},
		{
			"from": [9.74956, -2.37253, 4.005],
			"to": [11.74956, 3.37747, 6.005],
			"rotation": {"angle": 22.5, "axis": "z", "origin": [-4.25044, -7.87254, 0]},
			"faces": {
				"north": {"uv": [11.75, 5.25, 12.25, 6.75], "texture": "#0"},
				"east": {"uv": [9, 11.75, 9.5, 13.25], "texture": "#0"},
				"south": {"uv": [0, 12, 0.5, 13.5], "texture": "#0"},
				"west": {"uv": [0.5, 12, 1, 13.5], "texture": "#0"},
				"up": {"uv": [9, 13.75, 8.5, 13.25], "texture": "#0"},
				"down": {"uv": [9.5, 13.25, 9, 13.75], "texture": "#0"}
			}
		},
		{
			"from": [4.25044, -2.37253, 4.005],
			"to": [6.25044, 3.37747, 6.005],
			"rotation": {"angle": -22.5, "axis": "z", "origin": [20.25044, -7.87254, 0]},
			"faces": {
				"north": {"uv": [12, 1, 12.5, 2.5], "texture": "#0"},
				"east": {"uv": [12, 2.5, 12.5, 4], "texture": "#0"},
				"south": {"uv": [2.75, 12, 3.25, 13.5], "texture": "#0"},
				"west": {"uv": [3.25, 12, 3.75, 13.5], "texture": "#0"},
				"up": {"uv": [13.75, 9.75, 13.25, 9.25], "texture": "#0"},
				"down": {"uv": [13.75, 9.75, 13.25, 10.25], "texture": "#0"}
			}
		},
		{
			"from": [10.22791, -3.52738, 11.999],
			"to": [12.22791, 3.47262, 14.999],
			"rotation": {"angle": 22.5, "axis": "z", "origin": [-3.77209, -9.02739, 0]},
			"faces": {
				"north": {"uv": [8.5, 11.5, 9, 13.25], "texture": "#0"},
				"east": {"uv": [9.75, 10.25, 10.5, 12], "texture": "#0"},
				"south": {"uv": [11.5, 10.25, 12, 12], "texture": "#0"},
				"west": {"uv": [10.5, 0, 11.25, 1.75], "texture": "#0"},
				"up": {"uv": [6.75, 2.25, 6.25, 1.5], "texture": "#0"},
				"down": {"uv": [13.25, 9.25, 12.75, 10], "texture": "#0"}
			}
		},
		{
			"from": [3.77209, -3.52738, 11.999],
			"to": [5.77209, 3.47262, 14.999],
			"rotation": {"angle": -22.5, "axis": "z", "origin": [19.77209, -9.02739, 0]},
			"faces": {
				"north": {"uv": [10.5, 11.5, 11, 13.25], "texture": "#0"},
				"east": {"uv": [10.5, 1.75, 11.25, 3.5], "texture": "#0"},
				"south": {"uv": [11, 11.5, 11.5, 13.25], "texture": "#0"},
				"west": {"uv": [7.25, 10.5, 8, 12.25], "texture": "#0"},
				"up": {"uv": [13.25, 12.5, 12.75, 11.75], "texture": "#0"},
				"down": {"uv": [13.5, 0, 13, 0.75], "texture": "#0"}
			}
		},
		{
			"from": [8, -1, 8],
			"to": [8, 3, 14],
			"faces": {
				"north": {"uv": [0, 0, 0, 1], "texture": "#0"},
				"east": {"uv": [10, 3.5, 11.5, 4.5], "texture": "#0"},
				"south": {"uv": [0, 0, 0, 1], "texture": "#0"},
				"west": {"uv": [11.5, 3.5, 10, 4.5], "texture": "#0"},
				"up": {"uv": [0, 1.5, 0, 0], "texture": "#0"},
				"down": {"uv": [0, 0, 0, 1.5], "texture": "#0"}
			}
		},
		{
			"from": [7, -11.04051, 17.57761],
			"to": [9, -4.04051, 19.57761],
			"rotation": {"angle": -22.5, "axis": "x", "origin": [0, -14.04051, -3.42239]},
			"faces": {
				"north": {"uv": [1, 11.5, 1.5, 13.25], "texture": "#0"},
				"east": {"uv": [1.5, 11.5, 2, 13.25], "texture": "#0"},
				"south": {"uv": [11.5, 3.5, 12, 5.25], "texture": "#0"},
				"west": {"uv": [8, 11.5, 8.5, 13.25], "texture": "#0"},
				"up": {"uv": [8, 13.75, 7.5, 13.25], "texture": "#0"},
				"down": {"uv": [8.5, 13.25, 8, 13.75], "texture": "#0"}
			}
		},
		{
			"from": [6.5, -11.5405, 18],
			"to": [9.5, -10.5405, 20],
			"rotation": {"angle": -22.5, "axis": "x", "origin": [0, -14.04051, -3.42239]},
			"faces": {
				"north": {"uv": [9, 3.5, 9.75, 3.75], "texture": "#0"},
				"east": {"uv": [12, 11.75, 12.5, 12], "texture": "#0"},
				"south": {"uv": [10, 5.5, 10.75, 5.75], "texture": "#0"},
				"west": {"uv": [12.25, 6.5, 12.75, 6.75], "texture": "#0"},
				"up": {"uv": [12.25, 13.5, 11.5, 13], "texture": "#0"},
				"down": {"uv": [13, 13, 12.25, 13.5], "texture": "#0"}
			}
		},
		{
			"from": [6.25, 11.57819, 16.49463],
			"to": [9.75, 20.57819, 20.49463],
			"rotation": {"angle": 22.5, "axis": "x", "origin": [0, -3.57694, -6.34276]},
			"faces": {
				"north": {"uv": [5, 5.75, 6, 8], "texture": "#0"},
				"east": {"uv": [6, 5.75, 7, 8], "texture": "#0"},
				"south": {"uv": [6.75, 0, 7.75, 2.25], "texture": "#0"},
				"west": {"uv": [7, 5.75, 8, 8], "texture": "#0"},
				"up": {"uv": [1, 12, 0, 11], "texture": "#0"},
				"down": {"uv": [3.75, 11, 2.75, 12], "texture": "#0"}
			}
		},
		{
			"from": [6, 22.57819, 3.49463],
			"to": [10, 27.57819, 8.49463],
			"rotation": {"angle": 45, "axis": "x", "origin": [0, -3.57694, -6.34276]},
			"faces": {
				"north": {"uv": [10.5, 10.25, 11.5, 11.5], "texture": "#0"},
				"east": {"uv": [8.75, 8.75, 10, 10], "texture": "#0"},
				"south": {"uv": [5, 10.75, 6, 12], "texture": "#0"},
				"west": {"uv": [9, 2.25, 10.25, 3.5], "texture": "#0"},
				"up": {"uv": [11.75, 6.75, 10.75, 5.5], "texture": "#0"},
				"down": {"uv": [7, 10.75, 6, 12], "texture": "#0"}
			}
		},
		{
			"from": [6.255, 8.46927, 23.69552],
			"to": [9.745, 10, 27.69552],
			"rotation": {"angle": 0, "axis": "x", "origin": [0, -17.68586, 1.85814]},
			"faces": {
				"north": {"uv": [13, 5.75, 13.75, 6.25], "texture": "#0"},
				"east": {"uv": [12.5, 2.75, 13.5, 3.25], "texture": "#0"},
				"south": {"uv": [6, 13, 6.75, 13.5], "texture": "#0"},
				"west": {"uv": [12.5, 3.25, 13.5, 3.75], "texture": "#0"},
				"up": {"uv": [12.75, 5, 12, 4], "texture": "#0"},
				"down": {"uv": [6.75, 12, 6, 13], "texture": "#0"}
			}
		},
		{
			"from": [6.255, -4.5127, 18.36887],
			"to": [9.745, -2.57836, 23.75364],
			"rotation": {"angle": -45, "axis": "x", "origin": [6.25, -1.57836, 18.36887]},
			"faces": {
				"north": {"uv": [13, 4.75, 13.75, 5.25], "texture": "#0"},
				"east": {"uv": [12, 11.25, 13.25, 11.75], "texture": "#0"},
				"south": {"uv": [13, 5.25, 13.75, 5.75], "texture": "#0"},
				"west": {"uv": [11.5, 12, 12.75, 12.5], "texture": "#0"},
				"up": {"uv": [2.75, 12.5, 2, 11.25], "texture": "#0"},
				"down": {"uv": [12, 2.25, 11.25, 3.5], "texture": "#0"}
			}
		},
		{
			"from": [6.25, 5.57819, 16.49463],
			"to": [9.75, 11.57819, 18.49463],
			"rotation": {"angle": 22.5, "axis": "x", "origin": [0, -3.57694, -6.34276]},
			"faces": {
				"north": {"uv": [8, 10, 9, 11.5], "texture": "#0"},
				"east": {"uv": [5, 12, 5.5, 13.5], "texture": "#0"},
				"south": {"uv": [10, 8.75, 11, 10.25], "texture": "#0"},
				"west": {"uv": [5.5, 12, 6, 13.5], "texture": "#0"},
				"up": {"uv": [13.5, 2.25, 12.5, 1.75], "texture": "#0"},
				"down": {"uv": [13.5, 2.25, 12.5, 2.75], "texture": "#0"}
			}
		},
		{
			"from": [6.5, 6, 14],
			"to": [9.5, 11, 23],
			"rotation": {"angle": 0, "axis": "y", "origin": [0, 0, -2]},
			"faces": {
				"north": {"uv": [4.25, 11, 5, 12.25], "texture": "#0"},
				"east": {"uv": [0, 3.5, 2.25, 4.75], "texture": "#0"},
				"south": {"uv": [11.25, 1, 12, 2.25], "texture": "#0"},
				"west": {"uv": [4, 1.5, 6.25, 2.75], "texture": "#0"},
				"up": {"uv": [3.5, 11, 2.75, 8.75], "texture": "#0"},
				"down": {"uv": [4.25, 8.75, 3.5, 11], "texture": "#0"}
			}
		},
		{
			"from": [5.5, 10.3, 16],
			"to": [10.5, 15.3, 16],
			"rotation": {"angle": 0, "axis": "y", "origin": [0, 0, -2]},
			"faces": {
				"north": {"uv": [13.25, 13.25, 16, 16], "texture": "#0"},
				"east": {"uv": [0, 0, 0, 1.25], "texture": "#0"},
				"south": {"uv": [13.25, 13.25, 16, 16], "texture": "#0"},
				"west": {"uv": [0, 0, 0, 1.25], "texture": "#0"},
				"up": {"uv": [1.25, 0, 0, 0], "texture": "#0"},
				"down": {"uv": [1.25, 0, 0, 0], "texture": "#0"}
			}
		},
		{
			"from": [6.5, 7.99795, 15.96234],
			"to": [9.5, 9.99795, 19.96234],
			"rotation": {"angle": -22.5, "axis": "x", "origin": [0, -7.00205, 13.96234]},
			"faces": {
				"north": {"uv": [13, 6.25, 13.75, 6.75], "texture": "#0"},
				"east": {"uv": [12.5, 7.75, 13.5, 8.25], "texture": "#0"},
				"south": {"uv": [6.75, 13, 7.5, 13.5], "texture": "#0"},
				"west": {"uv": [12.5, 8.25, 13.5, 8.75], "texture": "#0"},
				"up": {"uv": [12.75, 10.25, 12, 9.25], "texture": "#0"},
				"down": {"uv": [10.25, 12, 9.5, 13], "texture": "#0"}
			}
		},
		{
			"from": [6.5, 4, 14],
			"to": [9.5, 6, 23],
			"faces": {
				"north": {"uv": [12.75, 7.25, 13.5, 7.75], "texture": "#0"},
				"east": {"uv": [6.25, 2.25, 8.5, 2.75], "texture": "#0"},
				"south": {"uv": [3.75, 13, 4.5, 13.5], "texture": "#0"},
				"west": {"uv": [10.75, 6.75, 13, 7.25], "texture": "#0"},
				"up": {"uv": [5, 11, 4.25, 8.75], "texture": "#0"},
				"down": {"uv": [9.5, 6.5, 8.75, 8.75], "texture": "#0"}
			}
		},
		{
			"from": [7.5, -2, 15],
			"to": [8.5, 0, 21],
			"faces": {
				"north": {"uv": [2.25, 3.5, 2.5, 4], "texture": "#0"},
				"east": {"uv": [12, 10.25, 13.5, 10.75], "texture": "#0"},
				"south": {"uv": [2.25, 4, 2.5, 4.5], "texture": "#0"},
				"west": {"uv": [12, 10.75, 13.5, 11.25], "texture": "#0"},
				"up": {"uv": [7.25, 12.25, 7, 10.75], "texture": "#0"},
				"down": {"uv": [10.5, 12, 10.25, 13.5], "texture": "#0"}
			}
		},
		{
			"from": [7, 7, -16],
			"to": [9, 9, 4],
			"faces": {
				"north": {"uv": [1, 13.25, 1.5, 13.75], "texture": "#0"},
				"east": {"uv": [5, 3.75, 10, 4.25], "texture": "#0"},
				"south": {"uv": [1.5, 13.25, 2, 13.75], "texture": "#0"},
				"west": {"uv": [5, 4.25, 10, 4.75], "texture": "#0"},
				"up": {"uv": [0.5, 9.75, 0, 4.75], "texture": "#0"},
				"down": {"uv": [1, 4.75, 0.5, 9.75], "texture": "#0"}
			}
		},
		{
			"from": [7, 8.5, 4],
			"to": [9, 10.5, 12],
			"faces": {
				"north": {"uv": [13.25, 11.25, 13.75, 11.75], "texture": "#0"},
				"east": {"uv": [10.75, 7.25, 12.75, 7.75], "texture": "#0"},
				"south": {"uv": [13.25, 11.75, 13.75, 12.25], "texture": "#0"},
				"west": {"uv": [11, 8.75, 13, 9.25], "texture": "#0"},
				"up": {"uv": [4, 7.75, 3.5, 5.75], "texture": "#0"},
				"down": {"uv": [4.25, 11, 3.75, 13], "texture": "#0"}
			}
		},
		{
			"from": [7.005, 8.38299, 14.71751],
			"to": [8.995, 10.38299, 17.71751],
			"rotation": {"angle": -45, "axis": "x", "origin": [0, -6.11701, 10.71751]},
			"faces": {
				"north": {"uv": [0, 13.5, 0.5, 14], "texture": "#0"},
				"east": {"uv": [13, 6.75, 13.75, 7.25], "texture": "#0"},
				"south": {"uv": [13.5, 0, 14, 0.5], "texture": "#0"},
				"west": {"uv": [13, 8.75, 13.75, 9.25], "texture": "#0"},
				"up": {"uv": [5, 13.75, 4.5, 13], "texture": "#0"},
				"down": {"uv": [10, 13, 9.5, 13.75], "texture": "#0"}
			}
		},
		{
			"from": [6.5, 4.5, -13],
			"to": [9.5, 7.5, 4],
			"faces": {
				"north": {"uv": [8, 9.25, 8.75, 10], "texture": "#0"},
				"east": {"uv": [2.5, 0, 6.75, 0.75], "texture": "#0"},
				"south": {"uv": [12.25, 0, 13, 0.75], "texture": "#0"},
				"west": {"uv": [2.5, 0.75, 6.75, 1.5], "texture": "#0"},
				"up": {"uv": [3.25, 5.75, 2.5, 1.5], "texture": "#0"},
				"down": {"uv": [4, 1.5, 3.25, 5.75], "texture": "#0"}
			}
		},
		{
			"from": [6.5, 2, -6],
			"to": [9.5, 4, 6],
			"faces": {
				"north": {"uv": [12.75, 3.75, 13.5, 4.25], "texture": "#0"},
				"east": {"uv": [9.5, 7.75, 12.5, 8.25], "texture": "#0"},
				"south": {"uv": [12.75, 4.25, 13.5, 4.75], "texture": "#0"},
				"west": {"uv": [9.5, 8.25, 12.5, 8.75], "texture": "#0"},
				"up": {"uv": [2.75, 8.75, 2, 5.75], "texture": "#0"},
				"down": {"uv": [3.5, 5.75, 2.75, 8.75], "texture": "#0"}
			}
		}
	],
	"display": {
		"thirdperson_righthand": {
			"rotation": [25, -20, 0],
			"translation": [1.5, 6, -1],
			"scale": [0.75, 0.75, 0.75]
		},
		"thirdperson_lefthand": {
			"rotation": [25, -20, 0],
			"translation": [1.5, 6, -1],
			"scale": [0.75, 0.75, 0.75]
		},
		"firstperson_righthand": {
			"translation": [-9, 3.5, -7.75]
		},
		"firstperson_lefthand": {
			"translation": [-9.075, 3.5, -7.75]
		},
		"gui": {
			"rotation": [40, 35, -35],
			"translation": [1.75, 1, 0],
			"scale": [0.7, 0.7, 0.7]
		}
	}
}