{
	"credit": "Made with Blockbench by ProbsWinter",
	"texture_size": [32, 32],
	"textures": {
		"1": "item/singularity"
	},
	"elements": [
		{
			"from": [7.80799, 21.25342, 7],
			"to": [10.80799, 27.25342, 9],
			"rotation": {"angle": 0, "axis": "y", "origin": [8.80799, 5.25342, 7]},
			"faces": {
				"north": {"uv": [1.5, 0, 0, 3], "texture": "#1"},
				"east": {"uv": [6, 0, 7, 3], "texture": "#1"},
				"south": {"uv": [3, 0, 1.5, 3], "texture": "#1"},
				"west": {"uv": [0.5, 5.5, 1.5, 8.5], "texture": "#1"},
				"up": {"uv": [10, 1, 11.5, 0], "texture": "#1"},
				"down": {"uv": [10, 1, 11.5, 2], "texture": "#1"}
			}
		},
		{
			"from": [6.1, 18.25342, 7.01],
			"to": [9.1, 23.25342, 8.99],
			"rotation": {"angle": 0, "axis": "y", "origin": [8.80799, 5.25342, 7]},
			"faces": {
				"north": {"uv": [0, 3, 1.5, 5.5], "texture": "#1"},
				"east": {"uv": [3.5, 6, 4.5, 8.5], "texture": "#1"},
				"south": {"uv": [3, 0, 4.5, 2.5], "texture": "#1"},
				"west": {"uv": [7.5, 6, 8.5, 8.5], "texture": "#1"},
				"up": {"uv": [10, 11, 8.5, 10], "texture": "#1"},
				"down": {"uv": [11.5, 10, 10, 11], "texture": "#1"}
			}
		},
		{
			"from": [11.99869, 18.69552, 7.25],
			"to": [13.99869, 25.69552, 8.75],
			"rotation": {"angle": 22.5, "axis": "z", "origin": [8.99869, 8.69552, 7]},
			"faces": {
				"north": {"uv": [1.5, 3, 2.5, 6.5], "texture": "#1"},
				"east": {"uv": [2.5, 3, 3.5, 6.5], "texture": "#1"},
				"south": {"uv": [3.5, 2.5, 4.5, 6], "texture": "#1"},
				"west": {"uv": [4.5, 0, 5.5, 3.5], "texture": "#1"},
				"up": {"uv": [9, 12, 8, 11], "texture": "#1"},
				"down": {"uv": [10, 11, 9, 12], "texture": "#1"}
			}
		},
		{
			"from": [8.99869, 16.69552, 7],
			"to": [11.99869, 18.69552, 9],
			"rotation": {"angle": 22.5, "axis": "z", "origin": [8.99869, 8.69552, 7]},
			"faces": {
				"north": {"uv": [10.5, 7.5, 12, 8.5], "texture": "#1"},
				"east": {"uv": [8, 12, 9, 13], "texture": "#1"},
				"south": {"uv": [10.5, 8.5, 12, 9.5], "texture": "#1"},
				"west": {"uv": [12, 8, 13, 9], "texture": "#1"},
				"up": {"uv": [6.5, 12, 5, 11], "texture": "#1"},
				"down": {"uv": [8, 11, 6.5, 12], "texture": "#1"}
			}
		},
		{
			"from": [17.63668, 25.26673, 7.005],
			"to": [19.63668, 27.26673, 8.995],
			"rotation": {"angle": 45, "axis": "z", "origin": [16.63668, 10.26673, 7]},
			"faces": {
				"north": {"uv": [10, 11, 11, 12], "texture": "#1"},
				"east": {"uv": [11, 11, 12, 12], "texture": "#1"},
				"south": {"uv": [11.5, 0, 12.5, 1], "texture": "#1"},
				"west": {"uv": [0.5, 11.5, 1.5, 12.5], "texture": "#1"},
				"up": {"uv": [12.5, 2, 11.5, 1], "texture": "#1"},
				"down": {"uv": [2.5, 11.5, 1.5, 12.5], "texture": "#1"}
			}
		},
		{
			"from": [13.63668, 22.26673, 6.25],
			"to": [16.63668, 25.26673, 9.75],
			"rotation": {"angle": 45, "axis": "z", "origin": [16.63668, 10.26673, 7]},
			"faces": {
				"north": {"uv": [8, 3, 9.5, 4.5], "texture": "#1"},
				"east": {"uv": [6, 3, 8, 4.5], "texture": "#1"},
				"south": {"uv": [8, 4.5, 9.5, 6], "texture": "#1"},
				"west": {"uv": [6, 4.5, 8, 6], "texture": "#1"},
				"up": {"uv": [7.5, 8, 6, 6], "texture": "#1"},
				"down": {"uv": [3, 6.5, 1.5, 8.5], "texture": "#1"}
			}
		},
		{
			"from": [3.63668, 13.26673, 6.5],
			"to": [7.63668, 15.26673, 9.5],
			"rotation": {"angle": -22.5, "axis": "z", "origin": [16.63668, 10.26673, 7]},
			"faces": {
				"north": {"uv": [5.5, 8, 7.5, 9], "texture": "#1"},
				"east": {"uv": [10.5, 2, 12, 3], "texture": "#1"},
				"south": {"uv": [0.5, 8.5, 2.5, 9.5], "texture": "#1"},
				"west": {"uv": [2.5, 10.5, 4, 11.5], "texture": "#1"},
				"up": {"uv": [9, 1.5, 7, 0], "texture": "#1"},
				"down": {"uv": [9, 1.5, 7, 3], "texture": "#1"}
			}
		},
		{
			"from": [9.89706, 21.50619, 6.505],
			"to": [11.31128, 22.9204, 9.495],
			"rotation": {"angle": 22.5, "axis": "z", "origin": [22.31128, 17.9204, 7]},
			"faces": {
				"north": {"uv": [3.5, 11.5, 4, 12], "texture": "#1"},
				"east": {"uv": [8, 13, 9.5, 13.5], "texture": "#1"},
				"south": {"uv": [11.5, 7, 12, 7.5], "texture": "#1"},
				"west": {"uv": [13, 8.5, 14.5, 9], "texture": "#1"},
				"up": {"uv": [10, 14.5, 9.5, 13], "texture": "#1"},
				"down": {"uv": [10.5, 13, 10, 14.5], "texture": "#1"}
			}
		},
		{
			"from": [18.63668, 21.26673, 6.995],
			"to": [20.63668, 23.26673, 9.005],
			"rotation": {"angle": 45, "axis": "z", "origin": [16.63668, 10.26673, 7]},
			"faces": {
				"north": {"uv": [2.5, 11.5, 3.5, 12.5], "texture": "#1"},
				"east": {"uv": [11.5, 3, 12.5, 4], "texture": "#1"},
				"south": {"uv": [11.5, 4, 12.5, 5], "texture": "#1"},
				"west": {"uv": [11.5, 5, 12.5, 6], "texture": "#1"},
				"up": {"uv": [12.5, 7, 11.5, 6], "texture": "#1"},
				"down": {"uv": [12.5, 9.5, 11.5, 10.5], "texture": "#1"}
			}
		},
		{
			"from": [13.1367, 20.26673, 7],
			"to": [15.1367, 22.26673, 9],
			"rotation": {"angle": 22.5, "axis": "z", "origin": [16.63668, 10.26673, 7]},
			"faces": {
				"north": {"uv": [12, 2, 13, 3], "texture": "#1"},
				"east": {"uv": [3.5, 12, 4.5, 13], "texture": "#1"},
				"south": {"uv": [4.5, 12, 5.5, 13], "texture": "#1"},
				"west": {"uv": [5.5, 12, 6.5, 13], "texture": "#1"},
				"up": {"uv": [7.5, 13, 6.5, 12], "texture": "#1"},
				"down": {"uv": [13, 7, 12, 8], "texture": "#1"}
			}
		},
		{
			"from": [4.42403, 13.9315, 7],
			"to": [6.42403, 15.9315, 9],
			"rotation": {"angle": 0, "axis": "y", "origin": [9.42403, 16.9315, 7]},
			"faces": {
				"north": {"uv": [12.5, 0, 13.5, 1], "texture": "#1"},
				"east": {"uv": [0.5, 12.5, 1.5, 13.5], "texture": "#1"},
				"south": {"uv": [12.5, 1, 13.5, 2], "texture": "#1"},
				"west": {"uv": [1.5, 12.5, 2.5, 13.5], "texture": "#1"},
				"up": {"uv": [3.5, 13.5, 2.5, 12.5], "texture": "#1"},
				"down": {"uv": [13.5, 3, 12.5, 4], "texture": "#1"}
			}
		},
		{
			"from": [0, 11, 7.25],
			"to": [1.5, 15, 8.75],
			"rotation": {"angle": -45, "axis": "z", "origin": [7.75, 7.5, 8]},
			"faces": {
				"north": {"uv": [8.5, 6, 9.5, 8], "texture": "#1"},
				"east": {"uv": [7.5, 8.5, 8.5, 10.5], "texture": "#1"},
				"south": {"uv": [8.5, 8, 9.5, 10], "texture": "#1"},
				"west": {"uv": [9, 0, 10, 2], "texture": "#1"},
				"up": {"uv": [10, 13, 9, 12], "texture": "#1"},
				"down": {"uv": [11, 12, 10, 13], "texture": "#1"}
			}
		},
		{
			"from": [3.41525, 13.37789, 7.255],
			"to": [4.41525, 17.37789, 8.745],
			"rotation": {"angle": -22.5, "axis": "z", "origin": [7.16525, 7.87789, 8]},
			"faces": {
				"north": {"uv": [12, 10.5, 12.5, 12.5], "texture": "#1"},
				"east": {"uv": [11, 12, 11.5, 14], "texture": "#1"},
				"south": {"uv": [11.5, 12, 12, 14], "texture": "#1"},
				"west": {"uv": [0, 12.5, 0.5, 14.5], "texture": "#1"},
				"up": {"uv": [12, 11, 11.5, 10.5], "texture": "#1"},
				"down": {"uv": [14, 3, 13.5, 3.5], "texture": "#1"}
			}
		},
		{
			"from": [10.28606, 12.02498, 7.255],
			"to": [11.34672, 13.08564, 8.745],
			"rotation": {"angle": 22.5, "axis": "z", "origin": [4.78606, 9.33564, 8.005]},
			"faces": {
				"north": {"uv": [13.5, 7, 14, 7.5], "texture": "#1"},
				"east": {"uv": [13.5, 7.5, 14, 8], "texture": "#1"},
				"south": {"uv": [8, 13.5, 8.5, 14], "texture": "#1"},
				"west": {"uv": [13.5, 8, 14, 8.5], "texture": "#1"},
				"up": {"uv": [9, 14, 8.5, 13.5], "texture": "#1"},
				"down": {"uv": [9.5, 13.5, 9, 14], "texture": "#1"}
			}
		},
		{
			"from": [4, 13.37789, 7.25],
			"to": [5.5, 17.37789, 8.75],
			"rotation": {"angle": -22.5, "axis": "z", "origin": [0, 5, 0]},
			"faces": {
				"north": {"uv": [5.5, 9, 6.5, 11], "texture": "#1"},
				"east": {"uv": [6.5, 9, 7.5, 11], "texture": "#1"},
				"south": {"uv": [0.5, 9.5, 1.5, 11.5], "texture": "#1"},
				"west": {"uv": [1.5, 9.5, 2.5, 11.5], "texture": "#1"},
				"up": {"uv": [13.5, 6.5, 12.5, 5.5], "texture": "#1"},
				"down": {"uv": [13.5, 9.5, 12.5, 10.5], "texture": "#1"}
			}
		},
		{
			"from": [7.625, 6.25, 7.25],
			"to": [9.125, 10.25, 8.75],
			"rotation": {"angle": 0, "axis": "y", "origin": [0, 5, 0]},
			"faces": {
				"north": {"uv": [9.5, 2, 10.5, 4], "texture": "#1"},
				"east": {"uv": [9.5, 4, 10.5, 6], "texture": "#1"},
				"south": {"uv": [9.5, 6, 10.5, 8], "texture": "#1"},
				"west": {"uv": [9.5, 8, 10.5, 10], "texture": "#1"},
				"up": {"uv": [13.5, 11.5, 12.5, 10.5], "texture": "#1"},
				"down": {"uv": [13.5, 11.5, 12.5, 12.5], "texture": "#1"}
			}
		},
		{
			"from": [7.625, 4.5, 7.25],
			"to": [9.125, 5.5, 8.75],
			"rotation": {"angle": 0, "axis": "y", "origin": [0, 5, 0]},
			"faces": {
				"north": {"uv": [7.5, 10.5, 8.5, 11], "texture": "#1"},
				"east": {"uv": [10.5, 9.5, 11.5, 10], "texture": "#1"},
				"south": {"uv": [13.5, 1.5, 14.5, 2], "texture": "#1"},
				"west": {"uv": [2.5, 13.5, 3.5, 14], "texture": "#1"},
				"up": {"uv": [13, 13.5, 12, 12.5], "texture": "#1"},
				"down": {"uv": [14, 2, 13, 3], "texture": "#1"}
			}
		},
		{
			"from": [3.88471, 13.77907, 7.5],
			"to": [7.88471, 14.77907, 8.5],
			"rotation": {"angle": -45, "axis": "z", "origin": [5.88471, 13.27907, 8]},
			"faces": {
				"north": {"uv": [12, 9, 14, 9.5], "texture": "#1"},
				"east": {"uv": [13.5, 3.5, 14, 4], "texture": "#1"},
				"south": {"uv": [12.5, 4, 14.5, 4.5], "texture": "#1"},
				"west": {"uv": [4.5, 13.5, 5, 14], "texture": "#1"},
				"up": {"uv": [14.5, 5, 12.5, 4.5], "texture": "#1"},
				"down": {"uv": [14.5, 5, 12.5, 5.5], "texture": "#1"}
			}
		},
		{
			"from": [7.88471, -1.22093, 7.5],
			"to": [8.88471, 12.77907, 8.5],
			"rotation": {"angle": 0, "axis": "y", "origin": [0, 5, 8]},
			"faces": {
				"north": {"uv": [4.5, 3.5, 5, 10.5], "texture": "#1"},
				"east": {"uv": [5, 3.5, 5.5, 10.5], "texture": "#1"},
				"south": {"uv": [0, 5.5, 0.5, 12.5], "texture": "#1"},
				"west": {"uv": [5.5, 0, 6, 7], "texture": "#1"},
				"up": {"uv": [5.5, 14, 5, 13.5], "texture": "#1"},
				"down": {"uv": [6, 13.5, 5.5, 14], "texture": "#1"}
			}
		}
	],
	"display": {
		"thirdperson_righthand": {
			"rotation": [0, 90, 0],
			"translation": [0, -3.25, 3],
			"scale": [2, 2, 2]
		},
		"thirdperson_lefthand": {
			"rotation": [0, -90, 0],
			"translation": [0, -3.25, 3],
			"scale": [2, 2, 2]
		},
		"firstperson_righthand": {
			"rotation": [-5, 90, 0],
			"translation": [3, -4, -0.5]
		},
		"firstperson_lefthand": {
			"rotation": [-5, -90, 0],
			"translation": [3, -4, -0.5]
		},
		"gui": {
			"rotation": [-20, -25, -30],
			"translation": [-3.5, -4, 0]
		}
	}
}