{
	"credit": "Made with Blockbench by ProbsWinter",
	"texture_size": [32, 32],
	"textures": {
		"2": "item/spring",
		"particle": "item/spring"
	},
	"elements": [
		{
			"from": [5.30652, 7, 3.46404],
			"to": [7.30652, 8, 4.46404],
			"rotation": {"angle": -22.5, "axis": "y", "origin": [6.80652, 7.5, 3.96404]},
			"faces": {
				"north": {"uv": [7.5, 8, 8.5, 8.5], "texture": "#2"},
				"east": {"uv": [6.5, 5, 7, 5.5], "texture": "#2"},
				"south": {"uv": [1, 8.5, 2, 9], "texture": "#2"},
				"west": {"uv": [3.5, 7, 4, 7.5], "texture": "#2"},
				"up": {"uv": [9.5, 2.5, 8.5, 2], "texture": "#2"},
				"down": {"uv": [9.5, 2.5, 8.5, 3], "texture": "#2"}
			}
		},
		{
			"from": [3.5, 7, -2],
			"to": [5.5, 8, -1],
			"rotation": {"angle": -45, "axis": "y", "origin": [0, 6, 0]},
			"faces": {
				"north": {"uv": [8.5, 6.5, 9.5, 7], "texture": "#2"},
				"east": {"uv": [9.5, 2, 10, 2.5], "texture": "#2"},
				"south": {"uv": [8.5, 7, 9.5, 7.5], "texture": "#2"},
				"west": {"uv": [2.5, 9.5, 3, 10], "texture": "#2"},
				"up": {"uv": [8.5, 9, 7.5, 8.5], "texture": "#2"},
				"down": {"uv": [9.5, 8, 8.5, 8.5], "texture": "#2"}
			}
		},
		{
			"from": [2.84999, 6.995, 0.25723],
			"to": [3.84999, 8.005, 5.25723],
			"rotation": {"angle": -22.5, "axis": "y", "origin": [1.84999, 6, 0.75723]},
			"faces": {
				"north": {"uv": [4, 9.5, 4.5, 10], "texture": "#2"},
				"east": {"uv": [4, 5, 6.5, 5.5], "texture": "#2"},
				"south": {"uv": [9.5, 4, 10, 4.5], "texture": "#2"},
				"west": {"uv": [5, 4, 7.5, 4.5], "texture": "#2"},
				"up": {"uv": [0.5, 8, 0, 5.5], "texture": "#2"},
				"down": {"uv": [1, 5.5, 0.5, 8], "texture": "#2"}
			}
		},
		{
			"from": [2.5, 7, 3.25],
			"to": [4.5, 8, 4.25],
			"rotation": {"angle": 0, "axis": "y", "origin": [2.38909, 6, 3.06066]},
			"faces": {
				"north": {"uv": [8.5, 8.5, 9.5, 9], "texture": "#2"},
				"east": {"uv": [9.5, 2.5, 10, 3], "texture": "#2"},
				"south": {"uv": [0, 9, 1, 9.5], "texture": "#2"},
				"west": {"uv": [3.5, 9.5, 4, 10], "texture": "#2"},
				"up": {"uv": [2, 9.5, 1, 9], "texture": "#2"},
				"down": {"uv": [3, 9, 2, 9.5], "texture": "#2"}
			}
		},
		{
			"from": [0.75941, 7, 4.20618],
			"to": [1.46652, 8, 4.91329],
			"rotation": {"angle": 22.5, "axis": "y", "origin": [3.6485, 6.005, 4.01684]},
			"faces": {
				"north": {"uv": [6.5, 9.5, 7, 10], "texture": "#2"},
				"east": {"uv": [9.5, 6.5, 10, 7], "texture": "#2"},
				"south": {"uv": [7, 9.5, 7.5, 10], "texture": "#2"},
				"west": {"uv": [9.5, 7, 10, 7.5], "texture": "#2"},
				"up": {"uv": [8, 10, 7.5, 9.5], "texture": "#2"},
				"down": {"uv": [8.5, 9.5, 8, 10], "texture": "#2"}
			}
		},
		{
			"from": [4.30652, 6.5, 2.46404],
			"to": [6.30652, 8.5, 4.46404],
			"rotation": {"angle": 22.5, "axis": "y", "origin": [5.30652, 7.5, 3.46404]},
			"faces": {
				"north": {"uv": [1, 5.5, 2, 6.5], "texture": "#2"},
				"east": {"uv": [4, 5.5, 5, 6.5], "texture": "#2"},
				"south": {"uv": [5, 5.5, 6, 6.5], "texture": "#2"},
				"west": {"uv": [6, 2, 7, 3], "texture": "#2"},
				"up": {"uv": [7, 4, 6, 3], "texture": "#2"},
				"down": {"uv": [7, 5.5, 6, 6.5], "texture": "#2"}
			}
		},
		{
			"from": [7, 6.75, 3.35],
			"to": [9, 8.25, 4.85],
			"rotation": {"angle": 0, "axis": "y", "origin": [0, 6, 0]},
			"faces": {
				"north": {"uv": [1, 6.5, 2, 7.5], "texture": "#2"},
				"east": {"uv": [8.5, 3, 9, 4], "texture": "#2"},
				"south": {"uv": [4, 6.5, 5, 7.5], "texture": "#2"},
				"west": {"uv": [3.5, 8.5, 4, 9.5], "texture": "#2"},
				"up": {"uv": [6.5, 9, 5.5, 8.5], "texture": "#2"},
				"down": {"uv": [9.5, 6, 8.5, 6.5], "texture": "#2"}
			}
		},
		{
			"from": [5.4104, 7.005, -0.3194],
			"to": [6.4104, 7.995, 3.50903],
			"rotation": {"angle": -22.5, "axis": "y", "origin": [0.91037, 6.5, 1.00904]},
			"faces": {
				"north": {"uv": [4.5, 7.5, 5, 8], "texture": "#2"},
				"east": {"uv": [5, 4.5, 7, 5], "texture": "#2"},
				"south": {"uv": [2, 9.5, 2.5, 10], "texture": "#2"},
				"west": {"uv": [5, 6.5, 7, 7], "texture": "#2"},
				"up": {"uv": [2.5, 9, 2, 7], "texture": "#2"},
				"down": {"uv": [7.5, 2, 7, 4], "texture": "#2"}
			}
		},
		{
			"from": [4.25974, 7.01, 3.88546],
			"to": [4.96685, 7.99, 4.59256],
			"rotation": {"angle": 22.5, "axis": "y", "origin": [-1.06869, 6.505, -0.61457]},
			"faces": {
				"north": {"uv": [9.5, 4.5, 10, 5], "texture": "#2"},
				"east": {"uv": [9.5, 5, 10, 5.5], "texture": "#2"},
				"south": {"uv": [5.5, 9.5, 6, 10], "texture": "#2"},
				"west": {"uv": [9.5, 5.5, 10, 6], "texture": "#2"},
				"up": {"uv": [6.5, 10, 6, 9.5], "texture": "#2"},
				"down": {"uv": [10, 6, 9.5, 6.5], "texture": "#2"}
			}
		},
		{
			"from": [1.9963, 6.5, 0.79363],
			"to": [3.9963, 8.5, 5.79363],
			"rotation": {"angle": -45, "axis": "y", "origin": [-0.0037, 5.5, -0.70637]},
			"faces": {
				"north": {"uv": [4.5, 8, 5.5, 9], "texture": "#2"},
				"east": {"uv": [0, 2, 2.5, 3], "texture": "#2"},
				"south": {"uv": [8, 4.5, 9, 5.5], "texture": "#2"},
				"west": {"uv": [2.5, 2, 5, 3], "texture": "#2"},
				"up": {"uv": [1, 5.5, 0, 3], "texture": "#2"},
				"down": {"uv": [2, 3, 1, 5.5], "texture": "#2"}
			}
		},
		{
			"from": [1, 7, 1.5],
			"to": [3, 8, 3.5],
			"rotation": {"angle": -22.5, "axis": "y", "origin": [0, 6, 0]},
			"faces": {
				"north": {"uv": [9, 7.5, 10, 8], "texture": "#2"},
				"east": {"uv": [8.5, 9, 9.5, 9.5], "texture": "#2"},
				"south": {"uv": [0, 9.5, 1, 10], "texture": "#2"},
				"west": {"uv": [1, 9.5, 2, 10], "texture": "#2"},
				"up": {"uv": [1, 9, 0, 8], "texture": "#2"},
				"down": {"uv": [3.5, 8, 2.5, 9], "texture": "#2"}
			}
		},
		{
			"from": [-3, 6.755, 4.75],
			"to": [-1.5, 8.245, 8.75],
			"rotation": {"angle": -22.5, "axis": "y", "origin": [0.80587, 4, 4.39672]},
			"faces": {
				"north": {"uv": [5.5, 9, 6.5, 9.5], "texture": "#2"},
				"east": {"uv": [7.5, 4, 9.5, 4.5], "texture": "#2"},
				"south": {"uv": [7.5, 9, 8.5, 9.5], "texture": "#2"},
				"west": {"uv": [7, 7.5, 9, 8], "texture": "#2"},
				"up": {"uv": [6, 4, 5, 2], "texture": "#2"},
				"down": {"uv": [4, 5, 3, 7], "texture": "#2"}
			}
		},
		{
			"from": [-2, 6.625, 3.875],
			"to": [0, 8.375, 5.375],
			"rotation": {"angle": 22.5, "axis": "y", "origin": [0.80587, 4, 4.39672]},
			"faces": {
				"north": {"uv": [6, 7, 7, 8], "texture": "#2"},
				"east": {"uv": [7, 6.5, 8, 7.5], "texture": "#2"},
				"south": {"uv": [1, 7.5, 2, 8.5], "texture": "#2"},
				"west": {"uv": [7.5, 2, 8.5, 3], "texture": "#2"},
				"up": {"uv": [8.5, 4, 7.5, 3], "texture": "#2"},
				"down": {"uv": [4.5, 7.5, 3.5, 8.5], "texture": "#2"}
			}
		},
		{
			"from": [-3.18568, 6.505, 5.30404],
			"to": [-1.77147, 8.495, 6.71825],
			"rotation": {"angle": 0, "axis": "y", "origin": [-5.18568, 5.5, 0.80404]},
			"faces": {
				"north": {"uv": [3, 9, 3.5, 10], "texture": "#2"},
				"east": {"uv": [4.5, 9, 5, 10], "texture": "#2"},
				"south": {"uv": [9, 4.5, 9.5, 5.5], "texture": "#2"},
				"west": {"uv": [5, 9, 5.5, 10], "texture": "#2"},
				"up": {"uv": [4, 10.5, 3.5, 10], "texture": "#2"},
				"down": {"uv": [10.5, 3.5, 10, 4], "texture": "#2"}
			}
		},
		{
			"from": [2.2463, 6.75, 5.79363],
			"to": [3.7463, 8.25, 9.79363],
			"rotation": {"angle": -45, "axis": "y", "origin": [-0.0037, 5.5, -0.70637]},
			"faces": {
				"north": {"uv": [5, 7, 6, 8], "texture": "#2"},
				"east": {"uv": [2, 3, 4, 4], "texture": "#2"},
				"south": {"uv": [7, 5.5, 8, 6.5], "texture": "#2"},
				"west": {"uv": [2, 4, 4, 5], "texture": "#2"},
				"up": {"uv": [5, 5, 4, 3], "texture": "#2"},
				"down": {"uv": [3, 5, 2, 7], "texture": "#2"}
			}
		},
		{
			"name": "icepiece",
			"from": [-1, 7.5, 1],
			"to": [1, 7.5, 3],
			"rotation": {"angle": 0, "axis": "y", "origin": [16, 6, 0]},
			"faces": {
				"north": {"uv": [0, 0, 1, 0], "texture": "#2"},
				"east": {"uv": [0, 0, 1, 0], "texture": "#2"},
				"south": {"uv": [0, 0, 1, 0], "texture": "#2"},
				"west": {"uv": [0, 0, 1, 0], "texture": "#2"},
				"up": {"uv": [3.5, 8, 2.5, 7], "texture": "#2"},
				"down": {"uv": [3.5, 7, 2.5, 8], "texture": "#2"}
			}
		},
		{
			"from": [-2.45348, 7, 10.29749],
			"to": [-1.45348, 8, 13.29749],
			"rotation": {"angle": -22.5, "axis": "y", "origin": [0.85239, 4.495, 0.79749]},
			"faces": {
				"north": {"uv": [3, 10, 3.5, 10.5], "texture": "#2"},
				"east": {"uv": [5.5, 8, 7, 8.5], "texture": "#2"},
				"south": {"uv": [10, 3, 10.5, 3.5], "texture": "#2"},
				"west": {"uv": [8, 5.5, 9.5, 6], "texture": "#2"},
				"up": {"uv": [8.5, 7.5, 8, 6], "texture": "#2"},
				"down": {"uv": [7.5, 8, 7, 9.5], "texture": "#2"}
			}
		},
		{
			"from": [1, 7, 13.54741],
			"to": [2, 8, 15.54741],
			"rotation": {"angle": -22.5, "axis": "y", "origin": [16, 6, 0]},
			"faces": {
				"north": {"uv": [2.5, 10, 3, 10.5], "texture": "#2"},
				"east": {"uv": [9, 3, 10, 3.5], "texture": "#2"},
				"south": {"uv": [10, 2.5, 10.5, 3], "texture": "#2"},
				"west": {"uv": [9, 3.5, 10, 4], "texture": "#2"},
				"up": {"uv": [4.5, 9.5, 4, 8.5], "texture": "#2"},
				"down": {"uv": [7, 8.5, 6.5, 9.5], "texture": "#2"}
			}
		},
		{
			"from": [-8.28225, 7.005, -0.45571],
			"to": [-7.28225, 7.995, 0.54429],
			"rotation": {"angle": 22.5, "axis": "y", "origin": [21.36536, 6, 2.05267]},
			"faces": {
				"north": {"uv": [0, 10, 0.5, 10.5], "texture": "#2"},
				"east": {"uv": [0.5, 10, 1, 10.5], "texture": "#2"},
				"south": {"uv": [1, 10, 1.5, 10.5], "texture": "#2"},
				"west": {"uv": [1.5, 10, 2, 10.5], "texture": "#2"},
				"up": {"uv": [2.5, 10.5, 2, 10], "texture": "#2"},
				"down": {"uv": [10.5, 2, 10, 2.5], "texture": "#2"}
			}
		},
		{
			"from": [-7.28011, 7.005, -2.70789],
			"to": [-6.38011, 7.995, -1.70789],
			"rotation": {"angle": 22.5, "axis": "y", "origin": [22.26751, 6.255, -0.1995]},
			"faces": {
				"north": {"uv": [9.5, 8, 10, 8.5], "texture": "#2"},
				"east": {"uv": [8.5, 9.5, 9, 10], "texture": "#2"},
				"south": {"uv": [9.5, 8.5, 10, 9], "texture": "#2"},
				"west": {"uv": [9, 9.5, 9.5, 10], "texture": "#2"},
				"up": {"uv": [10, 9.5, 9.5, 9], "texture": "#2"},
				"down": {"uv": [10, 9.5, 9.5, 10], "texture": "#2"}
			}
		},
		{
			"from": [8.69348, 7, 3.46404],
			"to": [10.69348, 8, 4.46404],
			"rotation": {"angle": 22.5, "axis": "y", "origin": [9.19348, 7.5, 3.96404]},
			"faces": {
				"north": {"uv": [8.5, 8, 7.5, 8.5], "texture": "#2"},
				"east": {"uv": [4, 7, 3.5, 7.5], "texture": "#2"},
				"south": {"uv": [2, 8.5, 1, 9], "texture": "#2"},
				"west": {"uv": [7, 5, 6.5, 5.5], "texture": "#2"},
				"up": {"uv": [8.5, 2.5, 9.5, 2], "texture": "#2"},
				"down": {"uv": [8.5, 2.5, 9.5, 3], "texture": "#2"}
			}
		},
		{
			"from": [9.69348, 6.5, 2.46404],
			"to": [11.69348, 8.5, 4.46404],
			"rotation": {"angle": -22.5, "axis": "y", "origin": [10.69348, 7.5, 3.46404]},
			"faces": {
				"north": {"uv": [2, 5.5, 1, 6.5], "texture": "#2"},
				"east": {"uv": [7, 2, 6, 3], "texture": "#2"},
				"south": {"uv": [6, 5.5, 5, 6.5], "texture": "#2"},
				"west": {"uv": [5, 5.5, 4, 6.5], "texture": "#2"},
				"up": {"uv": [6, 4, 7, 3], "texture": "#2"},
				"down": {"uv": [6, 5.5, 7, 6.5], "texture": "#2"}
			}
		},
		{
			"from": [9.5896, 7.005, -0.3194],
			"to": [10.5896, 7.995, 3.50903],
			"rotation": {"angle": 22.5, "axis": "y", "origin": [15.08963, 6.5, 1.00904]},
			"faces": {
				"north": {"uv": [5, 7.5, 4.5, 8], "texture": "#2"},
				"east": {"uv": [7, 6.5, 5, 7], "texture": "#2"},
				"south": {"uv": [2.5, 9.5, 2, 10], "texture": "#2"},
				"west": {"uv": [7, 4.5, 5, 5], "texture": "#2"},
				"up": {"uv": [2, 9, 2.5, 7], "texture": "#2"},
				"down": {"uv": [7, 2, 7.5, 4], "texture": "#2"}
			}
		},
		{
			"from": [10.5, 7, -2],
			"to": [12.5, 8, -1],
			"rotation": {"angle": 45, "axis": "y", "origin": [16, 6, 0]},
			"faces": {
				"north": {"uv": [9.5, 6.5, 8.5, 7], "texture": "#2"},
				"east": {"uv": [3, 9.5, 2.5, 10], "texture": "#2"},
				"south": {"uv": [9.5, 7, 8.5, 7.5], "texture": "#2"},
				"west": {"uv": [10, 2, 9.5, 2.5], "texture": "#2"},
				"up": {"uv": [7.5, 9, 8.5, 8.5], "texture": "#2"},
				"down": {"uv": [8.5, 8, 9.5, 8.5], "texture": "#2"}
			}
		},
		{
			"from": [11.5, 7, 3.25],
			"to": [13.5, 8, 4.25],
			"rotation": {"angle": 0, "axis": "y", "origin": [13.61091, 6, 3.06066]},
			"faces": {
				"north": {"uv": [9.5, 8.5, 8.5, 9], "texture": "#2"},
				"east": {"uv": [4, 9.5, 3.5, 10], "texture": "#2"},
				"south": {"uv": [1, 9, 0, 9.5], "texture": "#2"},
				"west": {"uv": [10, 2.5, 9.5, 3], "texture": "#2"},
				"up": {"uv": [1, 9.5, 2, 9], "texture": "#2"},
				"down": {"uv": [2, 9, 3, 9.5], "texture": "#2"}
			}
		},
		{
			"from": [12.15001, 6.995, 0.25723],
			"to": [13.15001, 8.005, 5.25723],
			"rotation": {"angle": 22.5, "axis": "y", "origin": [14.15001, 6, 0.75723]},
			"faces": {
				"north": {"uv": [4.5, 9.5, 4, 10], "texture": "#2"},
				"east": {"uv": [7.5, 4, 5, 4.5], "texture": "#2"},
				"south": {"uv": [10, 4, 9.5, 4.5], "texture": "#2"},
				"west": {"uv": [6.5, 5, 4, 5.5], "texture": "#2"},
				"up": {"uv": [0, 8, 0.5, 5.5], "texture": "#2"},
				"down": {"uv": [0.5, 5.5, 1, 8], "texture": "#2"}
			}
		},
		{
			"from": [11.03315, 7.01, 3.88546],
			"to": [11.74026, 7.99, 4.59256],
			"rotation": {"angle": -22.5, "axis": "y", "origin": [17.06869, 6.505, -0.61457]},
			"faces": {
				"north": {"uv": [10, 4.5, 9.5, 5], "texture": "#2"},
				"east": {"uv": [10, 5.5, 9.5, 6], "texture": "#2"},
				"south": {"uv": [6, 9.5, 5.5, 10], "texture": "#2"},
				"west": {"uv": [10, 5, 9.5, 5.5], "texture": "#2"},
				"up": {"uv": [6, 10, 6.5, 9.5], "texture": "#2"},
				"down": {"uv": [9.5, 6, 10, 6.5], "texture": "#2"}
			}
		},
		{
			"from": [14.53348, 7, 4.20618],
			"to": [15.24059, 8, 4.91329],
			"rotation": {"angle": -22.5, "axis": "y", "origin": [12.3515, 6.005, 4.01684]},
			"faces": {
				"north": {"uv": [7, 9.5, 6.5, 10], "texture": "#2"},
				"east": {"uv": [10, 7, 9.5, 7.5], "texture": "#2"},
				"south": {"uv": [7.5, 9.5, 7, 10], "texture": "#2"},
				"west": {"uv": [10, 6.5, 9.5, 7], "texture": "#2"},
				"up": {"uv": [7.5, 10, 8, 9.5], "texture": "#2"},
				"down": {"uv": [8, 9.5, 8.5, 10], "texture": "#2"}
			}
		},
		{
			"from": [22.38011, 7.005, -2.70789],
			"to": [23.28011, 7.995, -1.70789],
			"rotation": {"angle": -22.5, "axis": "y", "origin": [-6.26751, 6.255, -0.1995]},
			"faces": {
				"north": {"uv": [10, 8, 9.5, 8.5], "texture": "#2"},
				"east": {"uv": [9.5, 9.5, 9, 10], "texture": "#2"},
				"south": {"uv": [10, 8.5, 9.5, 9], "texture": "#2"},
				"west": {"uv": [9, 9.5, 8.5, 10], "texture": "#2"},
				"up": {"uv": [9.5, 9.5, 10, 9], "texture": "#2"},
				"down": {"uv": [9.5, 9.5, 10, 10], "texture": "#2"}
			}
		},
		{
			"from": [23.28225, 7.005, -0.45571],
			"to": [24.28225, 7.995, 0.54429],
			"rotation": {"angle": -22.5, "axis": "y", "origin": [-5.36536, 6, 2.05267]},
			"faces": {
				"north": {"uv": [0.5, 10, 0, 10.5], "texture": "#2"},
				"east": {"uv": [2, 10, 1.5, 10.5], "texture": "#2"},
				"south": {"uv": [1.5, 10, 1, 10.5], "texture": "#2"},
				"west": {"uv": [1, 10, 0.5, 10.5], "texture": "#2"},
				"up": {"uv": [2, 10.5, 2.5, 10], "texture": "#2"},
				"down": {"uv": [10, 2, 10.5, 2.5], "texture": "#2"}
			}
		},
		{
			"from": [14, 7, 13.54741],
			"to": [15, 8, 15.54741],
			"rotation": {"angle": 22.5, "axis": "y", "origin": [0, 6, 0]},
			"faces": {
				"north": {"uv": [3, 10, 2.5, 10.5], "texture": "#2"},
				"east": {"uv": [10, 3.5, 9, 4], "texture": "#2"},
				"south": {"uv": [10.5, 2.5, 10, 3], "texture": "#2"},
				"west": {"uv": [10, 3, 9, 3.5], "texture": "#2"},
				"up": {"uv": [4, 9.5, 4.5, 8.5], "texture": "#2"},
				"down": {"uv": [6.5, 8.5, 7, 9.5], "texture": "#2"}
			}
		},
		{
			"from": [17.45348, 7, 10.29749],
			"to": [18.45348, 8, 13.29749],
			"rotation": {"angle": 22.5, "axis": "y", "origin": [15.14761, 4.495, 0.79749]},
			"faces": {
				"north": {"uv": [3.5, 10, 3, 10.5], "texture": "#2"},
				"east": {"uv": [9.5, 5.5, 8, 6], "texture": "#2"},
				"south": {"uv": [10.5, 3, 10, 3.5], "texture": "#2"},
				"west": {"uv": [7, 8, 5.5, 8.5], "texture": "#2"},
				"up": {"uv": [8, 7.5, 8.5, 6], "texture": "#2"},
				"down": {"uv": [7, 8, 7.5, 9.5], "texture": "#2"}
			}
		},
		{
			"name": "icepiece",
			"from": [15, 7.5, 1],
			"to": [17, 7.5, 3],
			"rotation": {"angle": 0, "axis": "y", "origin": [0, 6, 0]},
			"faces": {
				"north": {"uv": [1, 0, 0, 0], "texture": "#2"},
				"east": {"uv": [1, 0, 0, 0], "texture": "#2"},
				"south": {"uv": [1, 0, 0, 0], "texture": "#2"},
				"west": {"uv": [1, 0, 0, 0], "texture": "#2"},
				"up": {"uv": [2.5, 8, 3.5, 7], "texture": "#2"},
				"down": {"uv": [2.5, 7, 3.5, 8], "texture": "#2"}
			}
		},
		{
			"name": "icepiece",
			"from": [22, 7.5, -2],
			"to": [24, 7.5, 0],
			"rotation": {"angle": -22.5, "axis": "y", "origin": [0, 6, 0]},
			"faces": {
				"north": {"uv": [1, 0, 0, 0], "texture": "#2"},
				"east": {"uv": [1, 0, 0, 0], "texture": "#2"},
				"south": {"uv": [1, 0, 0, 0], "texture": "#2"},
				"west": {"uv": [1, 0, 0, 0], "texture": "#2"},
				"up": {"uv": [2.5, 8, 3.5, 7], "texture": "#2"},
				"down": {"uv": [2.5, 7, 3.5, 8], "texture": "#2"}
			}
		},
		{
			"name": "icepiece",
			"from": [-7, 7.5, 7],
			"to": [-5, 7.5, 9],
			"rotation": {"angle": 0, "axis": "y", "origin": [0, 6, 0]},
			"faces": {
				"north": {"uv": [1, 0, 0, 0], "texture": "#2"},
				"east": {"uv": [1, 0, 0, 0], "texture": "#2"},
				"south": {"uv": [1, 0, 0, 0], "texture": "#2"},
				"west": {"uv": [1, 0, 0, 0], "texture": "#2"},
				"up": {"uv": [2.5, 8, 3.5, 7], "rotation": 90, "texture": "#2"},
				"down": {"uv": [2.5, 7, 3.5, 8], "rotation": 270, "texture": "#2"}
			}
		},
		{
			"from": [12.2537, 6.75, 5.79363],
			"to": [13.7537, 8.25, 9.79363],
			"rotation": {"angle": 45, "axis": "y", "origin": [16.0037, 5.5, -0.70637]},
			"faces": {
				"north": {"uv": [6, 7, 5, 8], "texture": "#2"},
				"east": {"uv": [4, 4, 2, 5], "texture": "#2"},
				"south": {"uv": [8, 5.5, 7, 6.5], "texture": "#2"},
				"west": {"uv": [4, 3, 2, 4], "texture": "#2"},
				"up": {"uv": [4, 5, 5, 3], "texture": "#2"},
				"down": {"uv": [2, 5, 3, 7], "texture": "#2"}
			}
		},
		{
			"from": [17.77147, 6.505, 5.30404],
			"to": [19.18568, 8.495, 6.71825],
			"rotation": {"angle": 0, "axis": "y", "origin": [21.18568, 5.5, 0.80404]},
			"faces": {
				"north": {"uv": [3.5, 9, 3, 10], "texture": "#2"},
				"east": {"uv": [5.5, 9, 5, 10], "texture": "#2"},
				"south": {"uv": [9.5, 4.5, 9, 5.5], "texture": "#2"},
				"west": {"uv": [5, 9, 4.5, 10], "texture": "#2"},
				"up": {"uv": [3.5, 10.5, 4, 10], "texture": "#2"},
				"down": {"uv": [10, 3.5, 10.5, 4], "texture": "#2"}
			}
		},
		{
			"from": [16, 6.625, 3.875],
			"to": [18, 8.375, 5.375],
			"rotation": {"angle": -22.5, "axis": "y", "origin": [15.19413, 4, 4.39672]},
			"faces": {
				"north": {"uv": [7, 7, 6, 8], "texture": "#2"},
				"east": {"uv": [8.5, 2, 7.5, 3], "texture": "#2"},
				"south": {"uv": [2, 7.5, 1, 8.5], "texture": "#2"},
				"west": {"uv": [8, 6.5, 7, 7.5], "texture": "#2"},
				"up": {"uv": [7.5, 4, 8.5, 3], "texture": "#2"},
				"down": {"uv": [3.5, 7.5, 4.5, 8.5], "texture": "#2"}
			}
		},
		{
			"from": [17.5, 6.755, 4.75],
			"to": [19, 8.245, 8.75],
			"rotation": {"angle": 22.5, "axis": "y", "origin": [15.19413, 4, 4.39672]},
			"faces": {
				"north": {"uv": [6.5, 9, 5.5, 9.5], "texture": "#2"},
				"east": {"uv": [9, 7.5, 7, 8], "texture": "#2"},
				"south": {"uv": [8.5, 9, 7.5, 9.5], "texture": "#2"},
				"west": {"uv": [9.5, 4, 7.5, 4.5], "texture": "#2"},
				"up": {"uv": [5, 4, 6, 2], "texture": "#2"},
				"down": {"uv": [3, 5, 4, 7], "texture": "#2"}
			}
		},
		{
			"from": [13, 7, 1.5],
			"to": [15, 8, 3.5],
			"rotation": {"angle": 22.5, "axis": "y", "origin": [16, 6, 0]},
			"faces": {
				"north": {"uv": [10, 7.5, 9, 8], "texture": "#2"},
				"east": {"uv": [2, 9.5, 1, 10], "texture": "#2"},
				"south": {"uv": [1, 9.5, 0, 10], "texture": "#2"},
				"west": {"uv": [9.5, 9, 8.5, 9.5], "texture": "#2"},
				"up": {"uv": [0, 9, 1, 8], "texture": "#2"},
				"down": {"uv": [2.5, 8, 3.5, 9], "texture": "#2"}
			}
		},
		{
			"from": [12.0037, 6.5, 0.79363],
			"to": [14.0037, 8.5, 5.79363],
			"rotation": {"angle": 45, "axis": "y", "origin": [16.0037, 5.5, -0.70637]},
			"faces": {
				"north": {"uv": [5.5, 8, 4.5, 9], "texture": "#2"},
				"east": {"uv": [5, 2, 2.5, 3], "texture": "#2"},
				"south": {"uv": [9, 4.5, 8, 5.5], "texture": "#2"},
				"west": {"uv": [2.5, 2, 0, 3], "texture": "#2"},
				"up": {"uv": [0, 5.5, 1, 3], "texture": "#2"},
				"down": {"uv": [1, 3, 2, 5.5], "texture": "#2"}
			}
		},
		{
			"from": [-3, 7.25, 8],
			"to": [19, 7.75, 8.5],
			"rotation": {"angle": 0, "axis": "y", "origin": [0, 6, 0]},
			"faces": {
				"north": {"uv": [0, 0, 11, 0.5], "texture": "#2"},
				"east": {"uv": [4, 10, 4.5, 10.5], "texture": "#2"},
				"south": {"uv": [0, 0.5, 11, 1], "texture": "#2"},
				"west": {"uv": [10, 4, 10.5, 4.5], "texture": "#2"},
				"up": {"uv": [11, 1.5, 0, 1], "texture": "#2"},
				"down": {"uv": [11, 1.5, 0, 2], "texture": "#2"}
			}
		}
	],
	"display": {
		"thirdperson_righthand": {
			"rotation": [0, 0, 90],
			"translation": [-1, -2, 8.5],
			"scale": [1.5, 1.5, 1.5]
		},
		"thirdperson_lefthand": {
			"rotation": [0, 0, 90],
			"translation": [-1, -2, 8.5],
			"scale": [1.5, 1.5, 1.5]
		},
		"firstperson_righthand": {
			"rotation": [-5, 5, 95],
			"translation": [7, 3, -3.5],
			"scale": [0.9, 0.9, 0.9]
		},
		"firstperson_lefthand": {
			"rotation": [-5, 5, 95],
			"translation": [7, 3, -3.5],
			"scale": [0.9, 0.9, 0.9]
		},
		"gui": {
			"rotation": [55, 60, 0],
			"translation": [0, 1, 0],
			"scale": [0.9, 0.9, 0.9]
		}
	}
}