{
	"credit": "Made with Blockbench by ProbsWinter",
	"texture_size": [32, 32],
	"textures": {
		"0": "item/weathered",
		"particle": "item/weathered"
	},
	"elements": [
		{
			"from": [7, 6, 7],
			"to": [9, 8, 9],
			"rotation": {"angle": 45, "axis": "y", "origin": [8, 7, 8]},
			"faces": {
				"north": {"uv": [5, 5, 6, 6], "texture": "#0"},
				"east": {"uv": [0, 5.5, 1, 6.5], "texture": "#0"},
				"south": {"uv": [5.5, 0, 6.5, 1], "texture": "#0"},
				"west": {"uv": [1, 5.5, 2, 6.5], "texture": "#0"},
				"up": {"uv": [6.5, 2, 5.5, 1], "texture": "#0"},
				"down": {"uv": [3, 5.5, 2, 6.5], "texture": "#0"}
			}
		},
		{
			"from": [7.5, -1, 7.5],
			"to": [8.5, 4, 8.5],
			"rotation": {"angle": 0, "axis": "y", "origin": [0, -3, 0]},
			"faces": {
				"north": {"uv": [3, 4, 3.5, 6.5], "texture": "#0"},
				"east": {"uv": [4.5, 3, 5, 5.5], "texture": "#0"},
				"south": {"uv": [3.5, 4.5, 4, 7], "texture": "#0"},
				"west": {"uv": [4, 4.5, 4.5, 7], "texture": "#0"},
				"up": {"uv": [5, 6, 4.5, 5.5], "texture": "#0"},
				"down": {"uv": [9, 6.5, 8.5, 7], "texture": "#0"}
			}
		},
		{
			"from": [8.5, -2.5, 7],
			"to": [10.5, -0.5, 9],
			"rotation": {"angle": 45, "axis": "z", "origin": [8, -3, 8]},
			"faces": {
				"north": {"uv": [8, 0, 9, 1], "texture": "#0"},
				"east": {"uv": [8, 1, 9, 2], "texture": "#0"},
				"south": {"uv": [3.5, 8, 4.5, 9], "texture": "#0"},
				"west": {"uv": [4.5, 8, 5.5, 9], "texture": "#0"},
				"up": {"uv": [6.5, 9, 5.5, 8], "texture": "#0"},
				"down": {"uv": [7.5, 8, 6.5, 9], "texture": "#0"}
			}
		},
		{
			"from": [7.25, -0.5, 7.25],
			"to": [8.75, 0.5, 8.75],
			"rotation": {"angle": 0, "axis": "y", "origin": [0, -2, 0]},
			"faces": {
				"north": {"uv": [11, 6, 12, 6.5], "texture": "#0"},
				"east": {"uv": [11, 8.5, 12, 9], "texture": "#0"},
				"south": {"uv": [9, 11, 10, 11.5], "texture": "#0"},
				"west": {"uv": [11, 9.5, 12, 10], "texture": "#0"},
				"up": {"uv": [9, 8, 8, 7], "texture": "#0"},
				"down": {"uv": [8.5, 8, 7.5, 9], "texture": "#0"}
			}
		},
		{
			"from": [7.25, 4, 7.25],
			"to": [8.75, 5, 8.75],
			"rotation": {"angle": 0, "axis": "y", "origin": [0, -2, 0]},
			"faces": {
				"north": {"uv": [9, 1.5, 10, 2], "texture": "#0"},
				"east": {"uv": [2, 9.5, 3, 10], "texture": "#0"},
				"south": {"uv": [9.5, 2, 10.5, 2.5], "texture": "#0"},
				"west": {"uv": [9.5, 2.5, 10.5, 3], "texture": "#0"},
				"up": {"uv": [6.5, 3, 5.5, 2], "texture": "#0"},
				"down": {"uv": [6.5, 3, 5.5, 4], "texture": "#0"}
			}
		},
		{
			"from": [7.25, 1.25, 7.25],
			"to": [8.75, 3.25, 8.75],
			"rotation": {"angle": 0, "axis": "y", "origin": [0, -2, 0]},
			"faces": {
				"north": {"uv": [0, 8.5, 1, 9.5], "texture": "#0"},
				"east": {"uv": [1, 8.5, 2, 9.5], "texture": "#0"},
				"south": {"uv": [2, 8.5, 3, 9.5], "texture": "#0"},
				"west": {"uv": [8.5, 2, 9.5, 3], "texture": "#0"},
				"up": {"uv": [9.5, 4, 8.5, 3], "texture": "#0"},
				"down": {"uv": [9.5, 4, 8.5, 5], "texture": "#0"}
			}
		},
		{
			"from": [3, 9, 7.505],
			"to": [5, 12, 8.495],
			"rotation": {"angle": -22.5, "axis": "z", "origin": [1, -1, 0]},
			"faces": {
				"north": {"uv": [1, 4, 2, 5.5], "texture": "#0"},
				"east": {"uv": [3, 8.5, 3.5, 10], "texture": "#0"},
				"south": {"uv": [2, 4, 3, 5.5], "texture": "#0"},
				"west": {"uv": [8.5, 5, 9, 6.5], "texture": "#0"},
				"up": {"uv": [10.5, 3.5, 9.5, 3], "texture": "#0"},
				"down": {"uv": [10.5, 3.5, 9.5, 4], "texture": "#0"}
			}
		},
		{
			"from": [11.36455, 5.34422, 7.51],
			"to": [13.30383, 10.18441, 8.49],
			"rotation": {"angle": 22.5, "axis": "z", "origin": [1.80383, -0.65578, -0.005]},
			"faces": {
				"north": {"uv": [0, 0, 1, 2.5], "texture": "#0"},
				"east": {"uv": [5, 0, 5.5, 2.5], "texture": "#0"},
				"south": {"uv": [1, 0, 2, 2.5], "texture": "#0"},
				"west": {"uv": [5, 2.5, 5.5, 5], "texture": "#0"},
				"up": {"uv": [11.5, 7.5, 10.5, 7], "texture": "#0"},
				"down": {"uv": [11.5, 7.5, 10.5, 8], "texture": "#0"}
			}
		},
		{
			"from": [18, -11.62432, 7.515],
			"to": [19, -9.62432, 8.485],
			"rotation": {"angle": 45, "axis": "z", "origin": [-13.96559, -10.9662, 0]},
			"faces": {
				"north": {"uv": [8, 10.5, 8.5, 11.5], "texture": "#0"},
				"east": {"uv": [8.5, 10.5, 9, 11.5], "texture": "#0"},
				"south": {"uv": [10, 10.5, 10.5, 11.5], "texture": "#0"},
				"west": {"uv": [10.5, 10.5, 11, 11.5], "texture": "#0"},
				"up": {"uv": [0.5, 12.5, 0, 12], "texture": "#0"},
				"down": {"uv": [12.5, 0, 12, 0.5], "texture": "#0"}
			}
		},
		{
			"from": [15, -12.62432, 7.515],
			"to": [17, -10.62432, 8.485],
			"rotation": {"angle": 45, "axis": "z", "origin": [-13.96559, -10.9662, 0]},
			"faces": {
				"north": {"uv": [7.5, 5, 8.5, 6], "texture": "#0"},
				"east": {"uv": [0, 11, 0.5, 12], "texture": "#0"},
				"south": {"uv": [7.5, 6, 8.5, 7], "texture": "#0"},
				"west": {"uv": [11, 0, 11.5, 1], "texture": "#0"},
				"up": {"uv": [11.5, 8.5, 10.5, 8], "texture": "#0"},
				"down": {"uv": [11.5, 9, 10.5, 9.5], "texture": "#0"}
			}
		},
		{
			"from": [-0.82914, 14.50441, 7.52],
			"to": [0.17086, 18.50441, 8.48],
			"rotation": {"angle": -22.5, "axis": "z", "origin": [-0.90676, -4.63273, 0]},
			"faces": {
				"north": {"uv": [6, 5, 6.5, 7], "texture": "#0"},
				"east": {"uv": [5.5, 6, 6, 8], "texture": "#0"},
				"south": {"uv": [0, 6.5, 0.5, 8.5], "texture": "#0"},
				"west": {"uv": [6.5, 0, 7, 2], "texture": "#0"},
				"up": {"uv": [12, 2, 11.5, 1.5], "texture": "#0"},
				"down": {"uv": [12, 2, 11.5, 2.5], "texture": "#0"}
			}
		},
		{
			"from": [-1.82914, 17.50441, 7.52],
			"to": [-0.82914, 20.50441, 8.48],
			"rotation": {"angle": -22.5, "axis": "z", "origin": [-0.90676, -4.63273, 0]},
			"faces": {
				"north": {"uv": [4.5, 9, 5, 10.5], "texture": "#0"},
				"east": {"uv": [5, 9, 5.5, 10.5], "texture": "#0"},
				"south": {"uv": [9, 5, 9.5, 6.5], "texture": "#0"},
				"west": {"uv": [5.5, 9, 6, 10.5], "texture": "#0"},
				"up": {"uv": [12, 8, 11.5, 7.5], "texture": "#0"},
				"down": {"uv": [8.5, 11.5, 8, 12], "texture": "#0"}
			}
		},
		{
			"from": [17.365, 19, 7.515],
			"to": [18.365, 22, 8.485],
			"rotation": {"angle": 22.5, "axis": "z", "origin": [16.90676, -4.63273, 0]},
			"faces": {
				"north": {"uv": [6, 9, 6.5, 10.5], "texture": "#0"},
				"east": {"uv": [6.5, 9, 7, 10.5], "texture": "#0"},
				"south": {"uv": [9, 6.5, 9.5, 8], "texture": "#0"},
				"west": {"uv": [7, 9, 7.5, 10.5], "texture": "#0"},
				"up": {"uv": [1, 12.5, 0.5, 12], "texture": "#0"},
				"down": {"uv": [12.5, 0.5, 12, 1], "texture": "#0"}
			}
		},
		{
			"from": [-2.04418, 18.22185, 7.52],
			"to": [-1.33708, 18.92895, 8.48],
			"rotation": {"angle": -22.5, "axis": "z", "origin": [7.38889, -3.89656, -0.005]},
			"faces": {
				"north": {"uv": [1, 12, 1.5, 12.5], "texture": "#0"},
				"east": {"uv": [12, 1, 12.5, 1.5], "texture": "#0"},
				"south": {"uv": [1.5, 12, 2, 12.5], "texture": "#0"},
				"west": {"uv": [12, 1.5, 12.5, 2], "texture": "#0"},
				"up": {"uv": [2.5, 12.5, 2, 12], "texture": "#0"},
				"down": {"uv": [12.5, 2, 12, 2.5], "texture": "#0"}
			}
		},
		{
			"from": [8.55932, 6.23293, 7.525],
			"to": [9.55932, 7.73293, 8.475],
			"rotation": {"angle": 22.5, "axis": "z", "origin": [-13.57783, 7.31056, 0.005]},
			"faces": {
				"north": {"uv": [10, 6.5, 10.5, 7.5], "texture": "#0"},
				"east": {"uv": [10, 7.5, 10.5, 8.5], "texture": "#0"},
				"south": {"uv": [9, 10, 9.5, 11], "texture": "#0"},
				"west": {"uv": [9.5, 10, 10, 11], "texture": "#0"},
				"up": {"uv": [12, 8.5, 11.5, 8], "texture": "#0"},
				"down": {"uv": [9, 11.5, 8.5, 12], "texture": "#0"}
			}
		},
		{
			"from": [7.56035, 12.40693, 7.525],
			"to": [8.56035, 15.40693, 8.475],
			"rotation": {"angle": 0, "axis": "y", "origin": [2.48273, -6.73021, 0]},
			"faces": {
				"north": {"uv": [8.5, 8, 9, 9.5], "texture": "#0"},
				"east": {"uv": [9, 0, 9.5, 1.5], "texture": "#0"},
				"south": {"uv": [3.5, 9, 4, 10.5], "texture": "#0"},
				"west": {"uv": [4, 9, 4.5, 10.5], "texture": "#0"},
				"up": {"uv": [3, 12, 2.5, 11.5], "texture": "#0"},
				"down": {"uv": [12, 2.5, 11.5, 3], "texture": "#0"}
			}
		},
		{
			"from": [9.1, 7.5, 7.505],
			"to": [10.1, 9.5, 8.495],
			"rotation": {"angle": -22.5, "axis": "z", "origin": [-1.00976, 4.18434, 0]},
			"faces": {
				"north": {"uv": [4.5, 10.5, 5, 11.5], "texture": "#0"},
				"east": {"uv": [10.5, 4.5, 11, 5.5], "texture": "#0"},
				"south": {"uv": [5, 10.5, 5.5, 11.5], "texture": "#0"},
				"west": {"uv": [5.5, 10.5, 6, 11.5], "texture": "#0"},
				"up": {"uv": [12, 11, 11.5, 10.5], "texture": "#0"},
				"down": {"uv": [11.5, 11.5, 11, 12], "texture": "#0"}
			}
		},
		{
			"from": [8, -1.29582, 7.5],
			"to": [10, -0.29582, 8.5],
			"rotation": {"angle": 22.5, "axis": "z", "origin": [-1.05373, 4.81394, 0]},
			"faces": {
				"north": {"uv": [10.5, 5.5, 11.5, 6], "texture": "#0"},
				"east": {"uv": [11.5, 11, 12, 11.5], "texture": "#0"},
				"south": {"uv": [6, 10.5, 7, 11], "texture": "#0"},
				"west": {"uv": [11.5, 11.5, 12, 12], "texture": "#0"},
				"up": {"uv": [11.5, 7, 10.5, 6.5], "texture": "#0"},
				"down": {"uv": [8, 10.5, 7, 11], "texture": "#0"}
			}
		},
		{
			"from": [4.95935, 0.21525, 7.51],
			"to": [5.66645, 0.92236, 8.49],
			"rotation": {"angle": 0, "axis": "y", "origin": [-1.54748, 5.95125, 0]},
			"faces": {
				"north": {"uv": [11, 10, 11.5, 10.5], "texture": "#0"},
				"east": {"uv": [11, 10.5, 11.5, 11], "texture": "#0"},
				"south": {"uv": [11, 11, 11.5, 11.5], "texture": "#0"},
				"west": {"uv": [11.5, 0, 12, 0.5], "texture": "#0"},
				"up": {"uv": [12, 1, 11.5, 0.5], "texture": "#0"},
				"down": {"uv": [12, 1, 11.5, 1.5], "texture": "#0"}
			}
		},
		{
			"from": [8.25, 1, 7.255],
			"to": [10.25, 3, 8.745],
			"rotation": {"angle": 22.5, "axis": "z", "origin": [0, -2, 0]},
			"faces": {
				"north": {"uv": [0.5, 6.5, 1.5, 7.5], "texture": "#0"},
				"east": {"uv": [10, 1, 10.5, 2], "texture": "#0"},
				"south": {"uv": [1.5, 6.5, 2.5, 7.5], "texture": "#0"},
				"west": {"uv": [2, 10, 2.5, 11], "texture": "#0"},
				"up": {"uv": [3.5, 10.5, 2.5, 10], "texture": "#0"},
				"down": {"uv": [11, 6, 10, 6.5], "texture": "#0"}
			}
		},
		{
			"from": [1.9, 7, 7.25],
			"to": [3.9, 9, 8.75],
			"rotation": {"angle": -22.5, "axis": "z", "origin": [0, -2, 0]},
			"faces": {
				"north": {"uv": [0.5, 7.5, 1.5, 8.5], "texture": "#0"},
				"east": {"uv": [1.5, 7.5, 2.5, 8.5], "texture": "#0"},
				"south": {"uv": [7.5, 2, 8.5, 3], "texture": "#0"},
				"west": {"uv": [2.5, 7.5, 3.5, 8.5], "texture": "#0"},
				"up": {"uv": [8.5, 4, 7.5, 3], "texture": "#0"},
				"down": {"uv": [8.5, 4, 7.5, 5], "texture": "#0"}
			}
		},
		{
			"from": [0, 7, 7.5],
			"to": [2, 8, 8.5],
			"rotation": {"angle": -22.5, "axis": "z", "origin": [1, -2, 0]},
			"faces": {
				"north": {"uv": [9, 9.5, 10, 10], "texture": "#0"},
				"east": {"uv": [11.5, 6.5, 12, 7], "texture": "#0"},
				"south": {"uv": [9.5, 9, 10.5, 9.5], "texture": "#0"},
				"west": {"uv": [11.5, 7, 12, 7.5], "texture": "#0"},
				"up": {"uv": [11, 0.5, 10, 0], "texture": "#0"},
				"down": {"uv": [11, 0.5, 10, 1], "texture": "#0"}
			}
		},
		{
			"from": [4.28356, 4.8603, 7.505],
			"to": [5.28356, 6.8603, 8.495],
			"rotation": {"angle": 22.5, "axis": "z", "origin": [-0.71644, 3.8603, 0]},
			"faces": {
				"north": {"uv": [0.5, 11, 1, 12], "texture": "#0"},
				"east": {"uv": [1, 11, 1.5, 12], "texture": "#0"},
				"south": {"uv": [1.5, 11, 2, 12], "texture": "#0"},
				"west": {"uv": [2, 11, 2.5, 12], "texture": "#0"},
				"up": {"uv": [3, 12.5, 2.5, 12], "texture": "#0"},
				"down": {"uv": [12.5, 2.5, 12, 3], "texture": "#0"}
			}
		},
		{
			"from": [6.26457, 3.27119, 7.51],
			"to": [7.26457, 6.27119, 8.49],
			"rotation": {"angle": 45, "axis": "z", "origin": [2.26457, 3.27119, 0]},
			"faces": {
				"north": {"uv": [7.5, 9, 8, 10.5], "texture": "#0"},
				"east": {"uv": [8, 9, 8.5, 10.5], "texture": "#0"},
				"south": {"uv": [9, 8, 9.5, 9.5], "texture": "#0"},
				"west": {"uv": [0, 9.5, 0.5, 11], "texture": "#0"},
				"up": {"uv": [4, 12.5, 3.5, 12], "texture": "#0"},
				"down": {"uv": [12.5, 3.5, 12, 4], "texture": "#0"}
			}
		},
		{
			"from": [4.375, 4.25, 7.5],
			"to": [6.375, 5.25, 8.5],
			"rotation": {"angle": 0, "axis": "y", "origin": [1, -2, 0]},
			"faces": {
				"north": {"uv": [2.5, 11, 3.5, 11.5], "texture": "#0"},
				"east": {"uv": [3, 12, 3.5, 12.5], "texture": "#0"},
				"south": {"uv": [3.5, 11, 4.5, 11.5], "texture": "#0"},
				"west": {"uv": [12, 3, 12.5, 3.5], "texture": "#0"},
				"up": {"uv": [12, 5, 11, 4.5], "texture": "#0"},
				"down": {"uv": [12, 5, 11, 5.5], "texture": "#0"}
			}
		},
		{
			"from": [9.625, 0.75, 7.5],
			"to": [11.625, 1.75, 8.5],
			"rotation": {"angle": 22.5, "axis": "z", "origin": [0, 0, 0]},
			"faces": {
				"north": {"uv": [10, 8.5, 11, 9], "texture": "#0"},
				"east": {"uv": [9, 11.5, 9.5, 12], "texture": "#0"},
				"south": {"uv": [10, 9.5, 11, 10], "texture": "#0"},
				"west": {"uv": [11.5, 9, 12, 9.5], "texture": "#0"},
				"up": {"uv": [11, 10.5, 10, 10], "texture": "#0"},
				"down": {"uv": [11.5, 1, 10.5, 1.5], "texture": "#0"}
			}
		},
		{
			"from": [6.54657, 1.00736, 7.505],
			"to": [7.54657, 2.50736, 8.495],
			"rotation": {"angle": 45, "axis": "z", "origin": [1.54657, 0.00736, 0.005]},
			"faces": {
				"north": {"uv": [9.5, 6, 10, 7], "texture": "#0"},
				"east": {"uv": [9.5, 7, 10, 8], "texture": "#0"},
				"south": {"uv": [9.5, 8, 10, 9], "texture": "#0"},
				"west": {"uv": [8.5, 9.5, 9, 10.5], "texture": "#0"},
				"up": {"uv": [6, 12, 5.5, 11.5], "texture": "#0"},
				"down": {"uv": [12, 5.5, 11.5, 6], "texture": "#0"}
			}
		},
		{
			"from": [1.87967, 4.25032, 7.51],
			"to": [3.87967, 5.25032, 8.49],
			"rotation": {"angle": -22.5, "axis": "z", "origin": [4.87967, 0.25032, 0.005]},
			"faces": {
				"north": {"uv": [9.5, 4, 10.5, 4.5], "texture": "#0"},
				"east": {"uv": [4.5, 11.5, 5, 12], "texture": "#0"},
				"south": {"uv": [9.5, 4.5, 10.5, 5], "texture": "#0"},
				"west": {"uv": [5, 11.5, 5.5, 12], "texture": "#0"},
				"up": {"uv": [10.5, 5.5, 9.5, 5], "texture": "#0"},
				"down": {"uv": [10.5, 5.5, 9.5, 6], "texture": "#0"}
			}
		},
		{
			"from": [3.99024, 0.18434, 7.505],
			"to": [4.99024, 2.18434, 8.495],
			"rotation": {"angle": 22.5, "axis": "z", "origin": [-1.00976, 4.18434, 0]},
			"faces": {
				"north": {"uv": [6, 11, 6.5, 12], "texture": "#0"},
				"east": {"uv": [6.5, 11, 7, 12], "texture": "#0"},
				"south": {"uv": [7, 11, 7.5, 12], "texture": "#0"},
				"west": {"uv": [7.5, 11, 8, 12], "texture": "#0"},
				"up": {"uv": [4.5, 12.5, 4, 12], "texture": "#0"},
				"down": {"uv": [12.5, 4, 12, 4.5], "texture": "#0"}
			}
		},
		{
			"from": [5.1, 3.18434, 7.5],
			"to": [6.1, 6.18434, 8.5],
			"rotation": {"angle": -22.5, "axis": "z", "origin": [-1.00976, 4.18434, 0]},
			"faces": {
				"north": {"uv": [9.5, 0, 10, 1.5], "texture": "#0"},
				"east": {"uv": [0.5, 9.5, 1, 11], "texture": "#0"},
				"south": {"uv": [1, 9.5, 1.5, 11], "texture": "#0"},
				"west": {"uv": [1.5, 9.5, 2, 11], "texture": "#0"},
				"up": {"uv": [5, 12.5, 4.5, 12], "texture": "#0"},
				"down": {"uv": [12.5, 4.5, 12, 5], "texture": "#0"}
			}
		},
		{
			"from": [6.04175, -4.3979, 7.505],
			"to": [7.04175, -3.3979, 8.495],
			"rotation": {"angle": 45, "axis": "z", "origin": [-0.06802, -3.3979, 0]},
			"faces": {
				"north": {"uv": [3, 11.5, 3.5, 12], "texture": "#0"},
				"east": {"uv": [11.5, 3, 12, 3.5], "texture": "#0"},
				"south": {"uv": [3.5, 11.5, 4, 12], "texture": "#0"},
				"west": {"uv": [11.5, 3.5, 12, 4], "texture": "#0"},
				"up": {"uv": [4.5, 12, 4, 11.5], "texture": "#0"},
				"down": {"uv": [12, 4, 11.5, 4.5], "texture": "#0"}
			}
		},
		{
			"from": [7, 4, 7],
			"to": [10, 7, 9],
			"rotation": {"angle": 45, "axis": "z", "origin": [8, 5, 8]},
			"faces": {
				"north": {"uv": [2, 0, 3.5, 1.5], "texture": "#0"},
				"east": {"uv": [0, 2.5, 1, 4], "texture": "#0"},
				"south": {"uv": [2, 1.5, 3.5, 3], "texture": "#0"},
				"west": {"uv": [1, 2.5, 2, 4], "texture": "#0"},
				"up": {"uv": [3.5, 4, 2, 3], "texture": "#0"},
				"down": {"uv": [5, 0, 3.5, 1], "texture": "#0"}
			}
		},
		{
			"from": [7.5, 4.5, 6.5],
			"to": [9.5, 6.5, 9.5],
			"rotation": {"angle": 45, "axis": "z", "origin": [8, 5, 8]},
			"faces": {
				"north": {"uv": [5.5, 4, 6.5, 5], "texture": "#0"},
				"east": {"uv": [3.5, 1, 5, 2], "texture": "#0"},
				"south": {"uv": [4.5, 6, 5.5, 7], "texture": "#0"},
				"west": {"uv": [3.5, 2, 5, 3], "texture": "#0"},
				"up": {"uv": [4.5, 4.5, 3.5, 3], "texture": "#0"},
				"down": {"uv": [1, 4, 0, 5.5], "texture": "#0"}
			}
		},
		{
			"from": [9, 5, 7.25],
			"to": [11, 6.5, 8.75],
			"faces": {
				"north": {"uv": [6.5, 2, 7.5, 3], "texture": "#0"},
				"east": {"uv": [2.5, 6.5, 3.5, 7.5], "texture": "#0"},
				"south": {"uv": [6.5, 3, 7.5, 4], "texture": "#0"},
				"west": {"uv": [6.5, 4, 7.5, 5], "texture": "#0"},
				"up": {"uv": [7.5, 6, 6.5, 5], "texture": "#0"},
				"down": {"uv": [7.5, 6, 6.5, 7], "texture": "#0"}
			}
		},
		{
			"from": [9.75, 4.755, 6.75],
			"to": [11.75, 6.255, 8.75],
			"rotation": {"angle": 45, "axis": "y", "origin": [11, 0, 8]},
			"faces": {
				"north": {"uv": [7, 0, 8, 1], "texture": "#0"},
				"east": {"uv": [7, 1, 8, 2], "texture": "#0"},
				"south": {"uv": [3.5, 7, 4.5, 8], "texture": "#0"},
				"west": {"uv": [4.5, 7, 5.5, 8], "texture": "#0"},
				"up": {"uv": [7, 8, 6, 7], "texture": "#0"},
				"down": {"uv": [8, 7, 7, 8], "texture": "#0"}
			}
		},
		{
			"from": [11.5, 5.25, 3.875],
			"to": [13.5, 6.25, 4.875],
			"rotation": {"angle": -22.5, "axis": "y", "origin": [0, 0, 0]},
			"faces": {
				"north": {"uv": [10.5, 1.5, 11.5, 2], "texture": "#0"},
				"east": {"uv": [9.5, 11.5, 10, 12], "texture": "#0"},
				"south": {"uv": [10.5, 2, 11.5, 2.5], "texture": "#0"},
				"west": {"uv": [10, 11.5, 10.5, 12], "texture": "#0"},
				"up": {"uv": [3.5, 11, 2.5, 10.5], "texture": "#0"},
				"down": {"uv": [11.5, 2.5, 10.5, 3], "texture": "#0"}
			}
		},
		{
			"from": [11.5, 5.25, 11.125],
			"to": [13.5, 6.25, 12.125],
			"rotation": {"angle": 22.5, "axis": "y", "origin": [0, 0, 16]},
			"faces": {
				"north": {"uv": [10.5, 3, 11.5, 3.5], "texture": "#0"},
				"east": {"uv": [11.5, 10, 12, 10.5], "texture": "#0"},
				"south": {"uv": [3.5, 10.5, 4.5, 11], "texture": "#0"},
				"west": {"uv": [10.5, 11.5, 11, 12], "texture": "#0"},
				"up": {"uv": [11.5, 4, 10.5, 3.5], "texture": "#0"},
				"down": {"uv": [11.5, 4, 10.5, 4.5], "texture": "#0"}
			}
		}
	],
	"display": {
		"thirdperson_righthand": {
			"rotation": [0, -80, 0],
			"translation": [0, 6.5, 2],
			"scale": [1.5, 1.5, 1.5]
		},
		"thirdperson_lefthand": {
			"rotation": [0, 100, 0],
			"translation": [0, 6.5, 2],
			"scale": [1.5, 1.5, 1.5]
		},
		"firstperson_righthand": {
			"rotation": [-10, -75, 0],
			"translation": [11, 2, -8.5],
			"scale": [1.25, 1.5, 1.25]
		},
		"firstperson_lefthand": {
			"rotation": [-10, -75, 0],
			"translation": [11, 2, -8.5],
			"scale": [1.25, 1.5, 1.25]
		},
		"gui": {
			"rotation": [-30, -20, -35],
			"translation": [0, -1, 0],
			"scale": [1.1, 1.1, 1.1]
		}
	}
}