{
	"credit": "Made with Blockbench",
	"texture_size": [32, 32],
	"textures": {
		"1": "block/flowers/allium1",
		"particle": "block/flowers/allium1"
	},
	"elements": [
		{
			"from": [7.5, 0, 8],
			"to": [8.5, 9, 8],
			"rotation": {"angle": -45, "axis": "y", "origin": [8, 4.5, 8]},
			"faces": {
				"north": {"uv": [7, 10.5, 7.5, 15], "texture": "#1"},
				"east": {"uv": [0, 0, 0, 4.5], "texture": "#1"},
				"south": {"uv": [7.5, 10.5, 8, 15], "texture": "#1"},
				"west": {"uv": [0, 0, 0, 4.5], "texture": "#1"},
				"up": {"uv": [0.5, 0, 0, 0], "texture": "#1"},
				"down": {"uv": [0.5, 0, 0, 0], "texture": "#1"}
			}
		},
		{
			"from": [8, 0, 7.5],
			"to": [8, 9, 8.5],
			"rotation": {"angle": -45, "axis": "y", "origin": [8, 4.5, 8]},
			"faces": {
				"north": {"uv": [0, 0, 0, 4.5], "texture": "#1"},
				"east": {"uv": [8, 10.5, 8.5, 15], "texture": "#1"},
				"south": {"uv": [0, 0, 0, 4.5], "texture": "#1"},
				"west": {"uv": [8.5, 10.5, 9, 15], "texture": "#1"},
				"up": {"uv": [0, 0.5, 0, 0], "texture": "#1"},
				"down": {"uv": [0, 0, 0, 0.5], "texture": "#1"}
			}
		},
		{
			"from": [6, 9, 6],
			"to": [10, 13, 10],
			"rotation": {"angle": 0, "axis": "y", "origin": [0.5, 0, 0]},
			"faces": {
				"north": {"uv": [7.5, 2.5, 9.5, 4.5], "texture": "#1"},
				"east": {"uv": [7.5, 4.5, 9.5, 6.5], "texture": "#1"},
				"south": {"uv": [5, 7.5, 7, 9.5], "texture": "#1"},
				"west": {"uv": [7.5, 6.5, 9.5, 8.5], "texture": "#1"},
				"up": {"uv": [9, 10.5, 7, 8.5], "texture": "#1"},
				"down": {"uv": [11, 8.5, 9, 10.5], "texture": "#1"}
			}
		},
		{
			"from": [5.75, 8.75, 5.75],
			"to": [10.25, 13.25, 10.25],
			"rotation": {"angle": 0, "axis": "y", "origin": [0.5, 0, 0]},
			"faces": {
				"north": {"uv": [0, 0, 2.5, 2.5], "texture": "#1"},
				"east": {"uv": [0, 2.5, 2.5, 5], "texture": "#1"},
				"south": {"uv": [2.5, 0, 5, 2.5], "texture": "#1"},
				"west": {"uv": [2.5, 2.5, 5, 5], "texture": "#1"},
				"up": {"uv": [2.5, 7.5, 0, 5], "texture": "#1"},
				"down": {"uv": [7.5, 0, 5, 2.5], "texture": "#1"}
			}
		},
		{
			"from": [6.5, 0.45788, 3.69305],
			"to": [9.5, 0.45788, 7.69305],
			"rotation": {"angle": 22.5, "axis": "x", "origin": [1, -0.54212, 6.69305]},
			"faces": {
				"north": {"uv": [0, 0, 1.5, 0], "texture": "#1"},
				"east": {"uv": [0, 0, 2, 0], "texture": "#1"},
				"south": {"uv": [0, 0, 1.5, 0], "texture": "#1"},
				"west": {"uv": [0, 0, 2, 0], "texture": "#1"},
				"up": {"uv": [11, 4.5, 9.5, 2.5], "texture": "#1"},
				"down": {"uv": [11, 4.5, 9.5, 6.5], "texture": "#1"}
			}
		},
		{
			"from": [4.07574, 0.38176, 6.5],
			"to": [8.07574, 0.38176, 9.5],
			"rotation": {"angle": -22.5, "axis": "z", "origin": [7.07574, 0.38176, 8]},
			"faces": {
				"north": {"uv": [0, 0, 2, 0], "texture": "#1"},
				"east": {"uv": [0, 0, 1.5, 0], "texture": "#1"},
				"south": {"uv": [0, 0, 2, 0], "texture": "#1"},
				"west": {"uv": [0, 0, 1.5, 0], "texture": "#1"},
				"up": {"uv": [7, 11, 5, 9.5], "texture": "#1"},
				"down": {"uv": [11.5, 6.5, 9.5, 8], "texture": "#1"}
			}
		},
		{
			"from": [7.92426, 0.38176, 6.5],
			"to": [11.92426, 0.38176, 9.5],
			"rotation": {"angle": 22.5, "axis": "z", "origin": [8.92426, 0.38176, 8]},
			"faces": {
				"north": {"uv": [0, 0, 2, 0], "texture": "#1"},
				"east": {"uv": [0, 0, 1.5, 0], "texture": "#1"},
				"south": {"uv": [0, 0, 2, 0], "texture": "#1"},
				"west": {"uv": [0, 0, 1.5, 0], "texture": "#1"},
				"up": {"uv": [2, 11.5, 0, 10], "texture": "#1"},
				"down": {"uv": [12, 0, 10, 1.5], "texture": "#1"}
			}
		},
		{
			"from": [6.5, 0.38176, 7.92426],
			"to": [9.5, 0.38176, 11.92426],
			"rotation": {"angle": -22.5, "axis": "x", "origin": [8, 0.38176, 8.92426]},
			"faces": {
				"north": {"uv": [0, 0, 1.5, 0], "texture": "#1"},
				"east": {"uv": [0, 0, 2, 0], "texture": "#1"},
				"south": {"uv": [0, 0, 1.5, 0], "texture": "#1"},
				"west": {"uv": [0, 0, 2, 0], "texture": "#1"},
				"up": {"uv": [3.5, 12, 2, 10], "texture": "#1"},
				"down": {"uv": [5, 10, 3.5, 12], "texture": "#1"}
			}
		}
	],
	"groups": [
		{
			"name": "group",
			"origin": [8, 0.38176, 8.92426],
			"color": 0,
			"children": [0, 1, 2, 3, 4, 5, 6, 7]
		}
	]
}