{
	"credit": "Made with Blockbench",
	"texture_size": [64, 64],
	"textures": {
		"1": "block/flowers/azure_bluet1",
		"particle": "block/flowers/azure_bluet1"
	},
	"elements": [
		{
			"from": [3, 0, 8],
			"to": [13, 10, 8],
			"rotation": {"angle": 45, "axis": "y", "origin": [8, 5, 8]},
			"faces": {
				"north": {"uv": [0, 0, 2.5, 2.5], "texture": "#1"},
				"east": {"uv": [7.75, 0, 7.75, 2.5], "texture": "#1"},
				"south": {"uv": [0, 2.75, 2.5, 5.25], "texture": "#1"},
				"west": {"uv": [2.25, 7.75, 2.25, 10.25], "texture": "#1"},
				"up": {"uv": [5, 7.75, 2.5, 7.75], "texture": "#1"},
				"down": {"uv": [10.25, 2.75, 7.75, 2.75], "texture": "#1"}
			}
		},
		{
			"from": [8, 0, 3],
			"to": [8, 10, 13],
			"rotation": {"angle": 45, "axis": "y", "origin": [8, 5, 8]},
			"faces": {
				"north": {"uv": [5.25, 7.75, 5.25, 10.25], "texture": "#1"},
				"east": {"uv": [2.75, 0, 5.25, 2.5], "texture": "#1"},
				"south": {"uv": [5.5, 7.75, 5.5, 10.25], "texture": "#1"},
				"west": {"uv": [2.75, 2.75, 5.25, 5.25], "texture": "#1"},
				"up": {"uv": [5.75, 10.25, 5.75, 7.75], "texture": "#1"},
				"down": {"uv": [6, 7.75, 6, 10.25], "texture": "#1"}
			}
		},
		{
			"from": [4, 2.82843, 4.82843],
			"to": [12, 10.82843, 4.82843],
			"rotation": {"angle": 45, "axis": "x", "origin": [8, 6.82843, 4.82843]},
			"faces": {
				"north": {"uv": [0, 5.5, 2, 7.5], "texture": "#1"},
				"east": {"uv": [6.25, 7.75, 6.25, 9.75], "texture": "#1"},
				"south": {"uv": [5.5, 0, 7.5, 2], "texture": "#1"},
				"west": {"uv": [6.5, 7.75, 6.5, 9.75], "texture": "#1"},
				"up": {"uv": [9.75, 3, 7.75, 3], "texture": "#1"},
				"down": {"uv": [9.75, 3.25, 7.75, 3.25], "texture": "#1"}
			}
		},
		{
			"from": [7, 6.82843, 3.82843],
			"to": [15, 6.82843, 11.82843],
			"rotation": {"angle": -45, "axis": "z", "origin": [11, 6.82843, 7.82843]},
			"faces": {
				"north": {"uv": [7.75, 3.5, 9.75, 3.5], "texture": "#1"},
				"east": {"uv": [7.75, 3.75, 9.75, 3.75], "texture": "#1"},
				"south": {"uv": [7.75, 4, 9.75, 4], "texture": "#1"},
				"west": {"uv": [7.75, 4.25, 9.75, 4.25], "texture": "#1"},
				"up": {"uv": [4.25, 7.5, 2.25, 5.5], "texture": "#1"},
				"down": {"uv": [7.5, 2.25, 5.5, 4.25], "texture": "#1"}
			}
		},
		{
			"from": [1, 6.82843, 3.82843],
			"to": [9, 6.82843, 11.82843],
			"rotation": {"angle": 45, "axis": "z", "origin": [5, 6.82843, 7.82843]},
			"faces": {
				"north": {"uv": [8, 0, 10, 0], "texture": "#1"},
				"east": {"uv": [8, 0.25, 10, 0.25], "texture": "#1"},
				"south": {"uv": [8, 0.5, 10, 0.5], "texture": "#1"},
				"west": {"uv": [8, 0.75, 10, 0.75], "texture": "#1"},
				"up": {"uv": [6.5, 7.5, 4.5, 5.5], "texture": "#1"},
				"down": {"uv": [8.75, 4.5, 6.75, 6.5], "texture": "#1"}
			}
		},
		{
			"from": [4, 6.82843, 6.82843],
			"to": [12, 6.82843, 14.82843],
			"rotation": {"angle": 45, "axis": "x", "origin": [8, 6.82843, 10.82843]},
			"faces": {
				"north": {"uv": [8, 1, 10, 1], "texture": "#1"},
				"east": {"uv": [8, 1.25, 10, 1.25], "texture": "#1"},
				"south": {"uv": [8, 1.5, 10, 1.5], "texture": "#1"},
				"west": {"uv": [8, 1.75, 10, 1.75], "texture": "#1"},
				"up": {"uv": [8.75, 8.75, 6.75, 6.75], "texture": "#1"},
				"down": {"uv": [2, 7.75, 0, 9.75], "texture": "#1"}
			}
		}
	],
	"groups": [
		{
			"name": "group",
			"origin": [8, 6.82843, 10.82843],
			"color": 0,
			"children": [0, 1, 2, 3, 4, 5]
		}
	]
}