{
	"credit": "Made with Blockbench",
	"texture_size": [64, 64],
	"textures": {
		"2": "block/flowers/blue_orchid1",
		"particle": "block/flowers/blue_orchid1"
	},
	"elements": [
		{
			"from": [7.5, 0, 2.5],
			"to": [7.5, 13, 13.5],
			"rotation": {"angle": -45, "axis": "y", "origin": [7.5, 6.5, 8]},
			"faces": {
				"north": {"uv": [6, 3, 6, 6.25], "texture": "#2"},
				"east": {"uv": [0, 0, 2.75, 3.25], "texture": "#2"},
				"south": {"uv": [6.25, 3, 6.25, 6.25], "texture": "#2"},
				"west": {"uv": [3, 0, 5.75, 3.25], "texture": "#2"},
				"up": {"uv": [6.5, 5.75, 6.5, 3], "texture": "#2"},
				"down": {"uv": [6, 6.5, 6, 9.25], "texture": "#2"}
			}
		},
		{
			"from": [2, 0, 8],
			"to": [13, 13, 8],
			"rotation": {"angle": -45, "axis": "y", "origin": [7.5, 6.5, 8]},
			"faces": {
				"north": {"uv": [0, 3.5, 2.75, 6.75], "texture": "#2"},
				"east": {"uv": [6.5, 6, 6.5, 9.25], "texture": "#2"},
				"south": {"uv": [3, 3.5, 5.75, 6.75], "texture": "#2"},
				"west": {"uv": [6.25, 6.5, 6.25, 9.75], "texture": "#2"},
				"up": {"uv": [9.5, 3, 6.75, 3], "texture": "#2"},
				"down": {"uv": [9.5, 3.25, 6.75, 3.25], "texture": "#2"}
			}
		},
		{
			"from": [-0.53, 10, 8.5],
			"to": [-0.53, 15, 13.5],
			"rotation": {"angle": -22.5, "axis": "z", "origin": [1, 1, 1]},
			"faces": {
				"north": {"uv": [6.75, 3.5, 6.75, 4.75], "texture": "#2"},
				"east": {"uv": [6, 0, 7.25, 1.25], "texture": "#2"},
				"south": {"uv": [6.75, 5, 6.75, 6.25], "texture": "#2"},
				"west": {"uv": [6, 1.5, 7.25, 2.75], "texture": "#2"},
				"up": {"uv": [6.75, 7.75, 6.75, 6.5], "texture": "#2"},
				"down": {"uv": [0, 7, 0, 8.25], "texture": "#2"}
			}
		},
		{
			"from": [1.78732, 5.46012, 6.14],
			"to": [6.78732, 10.46012, 6.14],
			"rotation": {"angle": 22.5, "axis": "x", "origin": [3.98732, 12.21012, 11]},
			"faces": {
				"north": {"uv": [6, 1.5, 7.25, 2.75], "texture": "#2"},
				"east": {"uv": [6.75, 3.5, 6.75, 4.75], "texture": "#2"},
				"south": {"uv": [6, 0, 7.25, 1.25], "texture": "#2"},
				"west": {"uv": [6.75, 5, 6.75, 6.25], "texture": "#2"},
				"up": {"uv": [6.75, 7.75, 6.75, 6.5], "rotation": 90, "texture": "#2"},
				"down": {"uv": [0, 7, 0, 8.25], "rotation": 270, "texture": "#2"}
			}
		},
		{
			"from": [10.16, 4.64347, 2.38354],
			"to": [10.16, 9.64347, 7.38354],
			"rotation": {"angle": 22.5, "axis": "z", "origin": [4.28732, 10.14347, 4.88354]},
			"faces": {
				"north": {"uv": [6.75, 5, 6.75, 6.25], "texture": "#2"},
				"east": {"uv": [6, 1.5, 7.25, 2.75], "texture": "#2"},
				"south": {"uv": [6.75, 3.5, 6.75, 4.75], "texture": "#2"},
				"west": {"uv": [6, 0, 7.25, 1.25], "texture": "#2"},
				"up": {"uv": [6.75, 7.75, 6.75, 6.5], "rotation": 180, "texture": "#2"},
				"down": {"uv": [0, 7, 0, 8.25], "rotation": 180, "texture": "#2"}
			}
		},
		{
			"from": [8.23732, 12.71012, 11.86],
			"to": [13.23732, 17.71012, 11.86],
			"rotation": {"angle": -22.5, "axis": "x", "origin": [3.98732, 12.21012, 16]},
			"faces": {
				"north": {"uv": [6, 0, 7.25, 1.25], "texture": "#2"},
				"east": {"uv": [6.75, 5, 6.75, 6.25], "texture": "#2"},
				"south": {"uv": [6, 1.5, 7.25, 2.75], "texture": "#2"},
				"west": {"uv": [6.75, 3.5, 6.75, 4.75], "texture": "#2"},
				"up": {"uv": [6.75, 7.75, 6.75, 6.5], "rotation": 270, "texture": "#2"},
				"down": {"uv": [0, 7, 0, 8.25], "rotation": 90, "texture": "#2"}
			}
		}
	],
	"groups": [
		{
			"name": "blue_orchid",
			"origin": [3.98732, 12.21012, 16],
			"color": 0,
			"children": [0, 1, 2, 3, 4, 5]
		}
	]
}