{
	"credit": "Made with Blockbench",
	"texture_size": [32, 32],
	"textures": {
		"1": "block/flowers/dandelion1",
		"particle": "block/flowers/dandelion1"
	},
	"elements": [
		{
			"from": [8, 0, 7],
			"to": [8, 4, 8],
			"rotation": {"angle": 45, "axis": "y", "origin": [8, 2, 7.5]},
			"faces": {
				"north": {"uv": [7.5, 10.5, 7.5, 12.5], "texture": "#1"},
				"east": {"uv": [2.5, 10.5, 3, 12.5], "texture": "#1"},
				"south": {"uv": [8, 10.5, 8, 12.5], "texture": "#1"},
				"west": {"uv": [3.5, 10.5, 4, 12.5], "texture": "#1"},
				"up": {"uv": [3, 7.5, 3, 7], "texture": "#1"},
				"down": {"uv": [8.5, 10.5, 8.5, 11], "texture": "#1"}
			}
		},
		{
			"from": [7.5, 0, 7.5],
			"to": [8.5, 4, 7.5],
			"rotation": {"angle": 45, "axis": "y", "origin": [8, 2, 7.5]},
			"faces": {
				"north": {"uv": [4.5, 10.5, 5, 12.5], "texture": "#1"},
				"east": {"uv": [11.5, 0, 11.5, 2], "texture": "#1"},
				"south": {"uv": [5.5, 10.5, 6, 12.5], "texture": "#1"},
				"west": {"uv": [11.5, 2.5, 11.5, 4.5], "texture": "#1"},
				"up": {"uv": [12, 5, 11.5, 5], "texture": "#1"},
				"down": {"uv": [12, 5.5, 11.5, 5.5], "texture": "#1"}
			}
		},
		{
			"from": [1.72798, 1.14713, 6],
			"to": [7.72798, 1.14713, 9],
			"rotation": {"angle": -22.5, "axis": "z", "origin": [4.72798, 1.14713, 9]},
			"faces": {
				"north": {"uv": [11.5, 6, 14.5, 6], "texture": "#1"},
				"east": {"uv": [11.5, 6.5, 13, 6.5], "texture": "#1"},
				"south": {"uv": [11.5, 7, 14.5, 7], "texture": "#1"},
				"west": {"uv": [11.5, 7.5, 13, 7.5], "texture": "#1"},
				"up": {"uv": [6.5, 1.5, 3.5, 0], "texture": "#1"},
				"down": {"uv": [6.5, 2, 3.5, 3.5], "texture": "#1"}
			}
		},
		{
			"from": [8.22798, 1.14713, 6],
			"to": [14.22798, 1.14713, 9],
			"rotation": {"angle": 22.5, "axis": "z", "origin": [11.22798, 1.14713, 9]},
			"faces": {
				"north": {"uv": [11.5, 8, 14.5, 8], "texture": "#1"},
				"east": {"uv": [11.5, 8.5, 13, 8.5], "texture": "#1"},
				"south": {"uv": [11.5, 9, 14.5, 9], "texture": "#1"},
				"west": {"uv": [11.5, 9.5, 13, 9.5], "texture": "#1"},
				"up": {"uv": [6.5, 5.5, 3.5, 4], "texture": "#1"},
				"down": {"uv": [6.5, 6, 3.5, 7.5], "texture": "#1"}
			}
		},
		{
			"from": [6.501, -0.101, 1.5],
			"to": [9.501, -0.101, 7.5],
			"rotation": {"angle": 22.5, "axis": "x", "origin": [6.501, 1.09272, 7.50261]},
			"faces": {
				"north": {"uv": [11.5, 10, 13, 10], "texture": "#1"},
				"east": {"uv": [11.5, 10.5, 14.5, 10.5], "texture": "#1"},
				"south": {"uv": [11.5, 11, 13, 11], "texture": "#1"},
				"west": {"uv": [11.5, 11.5, 14.5, 11.5], "texture": "#1"},
				"up": {"uv": [1.5, 10, 0, 7], "texture": "#1"},
				"down": {"uv": [8.5, 0, 7, 3], "texture": "#1"}
			}
		},
		{
			"from": [6.47798, 1.14713, 7.75],
			"to": [9.47798, 1.14713, 13.75],
			"rotation": {"angle": -22.5, "axis": "x", "origin": [4.72798, 1.14713, 10.75]},
			"faces": {
				"north": {"uv": [12, 0, 13.5, 0], "texture": "#1"},
				"east": {"uv": [12, 0.5, 15, 0.5], "texture": "#1"},
				"south": {"uv": [12, 1, 13.5, 1], "texture": "#1"},
				"west": {"uv": [12, 1.5, 15, 1.5], "texture": "#1"},
				"up": {"uv": [8.5, 6.5, 7, 3.5], "texture": "#1"},
				"down": {"uv": [8.5, 7, 7, 10], "texture": "#1"}
			}
		},
		{
			"from": [5, 4, 4.5],
			"to": [11, 4, 10.5],
			"faces": {
				"north": {"uv": [12, 2, 15, 2], "texture": "#1"},
				"east": {"uv": [12, 2.5, 15, 2.5], "texture": "#1"},
				"south": {"uv": [12, 3, 15, 3], "texture": "#1"},
				"west": {"uv": [12, 3.5, 15, 3.5], "texture": "#1"},
				"up": {"uv": [3, 3, 0, 0], "texture": "#1"},
				"down": {"uv": [3, 3.5, 0, 6.5], "texture": "#1"}
			}
		},
		{
			"from": [7.5, 0, 7],
			"to": [8.5, 0, 8],
			"faces": {
				"north": {"uv": [6.5, 11.5, 7, 11.5], "texture": "#1"},
				"east": {"uv": [12, 4, 12.5, 4], "texture": "#1"},
				"south": {"uv": [12, 4.5, 12.5, 4.5], "texture": "#1"},
				"west": {"uv": [6.5, 12, 7, 12], "texture": "#1"},
				"up": {"uv": [2.5, 7.5, 2, 7], "texture": "#1"},
				"down": {"uv": [7, 10.5, 6.5, 11], "texture": "#1"}
			}
		},
		{
			"from": [3.15186, 4.76544, 5.5],
			"to": [7.15186, 4.76544, 9.5],
			"rotation": {"angle": -22.5, "axis": "z", "origin": [5.15186, 4.76544, 8.5]},
			"faces": {
				"north": {"uv": [11.5, 12, 13.5, 12], "texture": "#1"},
				"east": {"uv": [12.5, 5, 14.5, 5], "texture": "#1"},
				"south": {"uv": [12.5, 5.5, 14.5, 5.5], "texture": "#1"},
				"west": {"uv": [8.5, 12.5, 10.5, 12.5], "texture": "#1"},
				"up": {"uv": [4, 10, 2, 8], "texture": "#1"},
				"down": {"uv": [6.5, 8, 4.5, 10], "texture": "#1"}
			}
		},
		{
			"from": [8.84814, 4.76544, 5.5],
			"to": [12.84814, 4.76544, 9.5],
			"rotation": {"angle": 22.5, "axis": "z", "origin": [10.84814, 4.76544, 7.5]},
			"faces": {
				"north": {"uv": [11, 12.5, 13, 12.5], "texture": "#1"},
				"east": {"uv": [0, 13, 2, 13], "texture": "#1"},
				"south": {"uv": [2.5, 13, 4.5, 13], "texture": "#1"},
				"west": {"uv": [13, 4, 15, 4], "texture": "#1"},
				"up": {"uv": [11, 2, 9, 0], "texture": "#1"},
				"down": {"uv": [11, 2.5, 9, 4.5], "texture": "#1"}
			}
		},
		{
			"from": [6, 4.76544, 8.34814],
			"to": [10, 4.76544, 12.34814],
			"rotation": {"angle": -22.5, "axis": "x", "origin": [8, 4.76544, 10.34814]},
			"faces": {
				"north": {"uv": [13, 4.5, 15, 4.5], "texture": "#1"},
				"east": {"uv": [5, 13, 7, 13], "texture": "#1"},
				"south": {"uv": [7.5, 13, 9.5, 13], "texture": "#1"},
				"west": {"uv": [10, 13, 12, 13], "texture": "#1"},
				"up": {"uv": [11, 7, 9, 5], "texture": "#1"},
				"down": {"uv": [11, 7.5, 9, 9.5], "texture": "#1"}
			}
		},
		{
			"from": [6, 4.76544, 2.65186],
			"to": [10, 4.76544, 6.65186],
			"rotation": {"angle": 22.5, "axis": "x", "origin": [9, 4.76544, 4.65186]},
			"faces": {
				"north": {"uv": [12.5, 13, 14.5, 13], "texture": "#1"},
				"east": {"uv": [0, 13.5, 2, 13.5], "texture": "#1"},
				"south": {"uv": [2.5, 13.5, 4.5, 13.5], "texture": "#1"},
				"west": {"uv": [5, 13.5, 7, 13.5], "texture": "#1"},
				"up": {"uv": [11, 12, 9, 10], "texture": "#1"},
				"down": {"uv": [2, 10.5, 0, 12.5], "texture": "#1"}
			}
		}
	],
	"groups": [
		{
			"name": "group",
			"origin": [8, 3.61739, 7.4235],
			"color": 0,
			"children": [0, 1, 2, 3, 4, 5, 6, 7, 8, 9, 10, 11]
		}
	]
}