{
	"credit": "Made with Blockbench",
	"texture_size": [32, 32],
	"textures": {
		"3": "block/flowers/poppy1",
		"particle": "block/flowers/poppy1"
	},
	"elements": [
		{
			"from": [6, 5, 6],
			"to": [10, 5, 10],
			"rotation": {"angle": 0, "axis": "y", "origin": [8, 5, 8]},
			"faces": {
				"north": {"uv": [8.5, 2.5, 10.5, 2.5], "texture": "#3"},
				"east": {"uv": [8.5, 3, 10.5, 3], "texture": "#3"},
				"south": {"uv": [8.5, 3.5, 10.5, 3.5], "texture": "#3"},
				"west": {"uv": [8.5, 4, 10.5, 4], "texture": "#3"},
				"up": {"uv": [2, 8, 0, 6], "texture": "#3"},
				"down": {"uv": [8, 0, 6, 2], "texture": "#3"}
			}
		},
		{
			"from": [4.60224, 6.41537, 6],
			"to": [8.60224, 6.41537, 10],
			"rotation": {"angle": -45, "axis": "z", "origin": [6.60224, 6.41537, 8]},
			"faces": {
				"north": {"uv": [8.5, 4.5, 10.5, 4.5], "texture": "#3"},
				"east": {"uv": [5, 8.5, 7, 8.5], "texture": "#3"},
				"south": {"uv": [5, 9, 7, 9], "texture": "#3"},
				"west": {"uv": [5, 9.5, 7, 9.5], "texture": "#3"},
				"up": {"uv": [4.5, 8, 2.5, 6], "texture": "#3"},
				"down": {"uv": [8, 2.5, 6, 4.5], "texture": "#3"}
			}
		},
		{
			"from": [7.39776, 6.41537, 6],
			"to": [11.39776, 6.41537, 10],
			"rotation": {"angle": 45, "axis": "z", "origin": [9.39776, 6.41537, 8]},
			"faces": {
				"north": {"uv": [5, 10, 7, 10], "texture": "#3"},
				"east": {"uv": [10, 5, 12, 5], "texture": "#3"},
				"south": {"uv": [10, 5.5, 12, 5.5], "texture": "#3"},
				"west": {"uv": [10, 6, 12, 6], "texture": "#3"},
				"up": {"uv": [7, 8, 5, 6], "texture": "#3"},
				"down": {"uv": [9.5, 5, 7.5, 7], "texture": "#3"}
			}
		},
		{
			"from": [6, 6.41537, 4.60224],
			"to": [10, 6.41537, 8.60224],
			"rotation": {"angle": 45, "axis": "x", "origin": [8, 6.41537, 6.60224]},
			"faces": {
				"north": {"uv": [10, 6.5, 12, 6.5], "texture": "#3"},
				"east": {"uv": [10, 7, 12, 7], "texture": "#3"},
				"south": {"uv": [7.5, 10, 9.5, 10], "texture": "#3"},
				"west": {"uv": [10, 7.5, 12, 7.5], "texture": "#3"},
				"up": {"uv": [9.5, 9.5, 7.5, 7.5], "texture": "#3"},
				"down": {"uv": [2, 8.5, 0, 10.5], "texture": "#3"}
			}
		},
		{
			"from": [6, 6.41537, 7.39776],
			"to": [10, 6.41537, 11.39776],
			"rotation": {"angle": -45, "axis": "x", "origin": [8, 6.41537, 9.39776]},
			"faces": {
				"north": {"uv": [10, 8, 12, 8], "texture": "#3"},
				"east": {"uv": [10, 8.5, 12, 8.5], "texture": "#3"},
				"south": {"uv": [10, 9, 12, 9], "texture": "#3"},
				"west": {"uv": [10, 9.5, 12, 9.5], "texture": "#3"},
				"up": {"uv": [10.5, 2, 8.5, 0], "texture": "#3"},
				"down": {"uv": [4.5, 8.5, 2.5, 10.5], "texture": "#3"}
			}
		},
		{
			"from": [8, 0, 5.5],
			"to": [8, 5, 10.5],
			"rotation": {"angle": -45, "axis": "y", "origin": [8, 2.5, 8]},
			"faces": {
				"north": {"uv": [10, 10, 10, 12.5], "texture": "#3"},
				"east": {"uv": [0, 0, 2.5, 2.5], "texture": "#3"},
				"south": {"uv": [5, 10.5, 5, 13], "texture": "#3"},
				"west": {"uv": [0, 3, 2.5, 5.5], "texture": "#3"},
				"up": {"uv": [5.5, 13, 5.5, 10.5], "texture": "#3"},
				"down": {"uv": [6, 10.5, 6, 13], "texture": "#3"}
			}
		},
		{
			"from": [5.5, 0, 8],
			"to": [10.5, 5, 8],
			"rotation": {"angle": -45, "axis": "y", "origin": [8, 2.5, 8]},
			"faces": {
				"north": {"uv": [3, 0, 5.5, 2.5], "texture": "#3"},
				"east": {"uv": [6.5, 10.5, 6.5, 13], "texture": "#3"},
				"south": {"uv": [3, 3, 5.5, 5.5], "texture": "#3"},
				"west": {"uv": [7, 10.5, 7, 13], "texture": "#3"},
				"up": {"uv": [13, 10, 10.5, 10], "texture": "#3"},
				"down": {"uv": [13, 10.5, 10.5, 10.5], "texture": "#3"}
			}
		}
	],
	"groups": [
		{
			"name": "group",
			"origin": [8.92426, 5.38276, 8],
			"color": 0,
			"children": [0, 1, 2, 3, 4, 5, 6]
		}
	]
}