{
	"credit": "Made by Raycifer",
	"texture_size": [8, 8],
	"textures": {
		"0": "./resonance",
		"1": "./resonance_anim",
		"2": "./resonance_anim_2"
	},
	"elements": [
		{
			"from": [6.75, 0, 6.75],
			"to": [9.25, 2.5, 9.25],
			"rotation": {"angle": 0, "axis": "y", "origin": [9.25, 0, 6.75]},
			"faces": {
				"north": {"uv": [5, 1, 10, 6], "texture": "#0"},
				"east": {"uv": [0, 0, 10, 10], "texture": "#2"},
				"south": {"uv": [5, 1, 10, 6], "texture": "#0"},
				"west": {"uv": [0, 0, 10, 10], "texture": "#2"},
				"up": {"uv": [5, 1, 10, 6], "rotation": 90, "texture": "#0"},
				"down": {"uv": [5, 1, 10, 6], "rotation": 90, "texture": "#0"}
			}
		},
		{
			"from": [7.5, 1.5, 9.25],
			"to": [8.5, 7.5, 10.25],
			"rotation": {"angle": 0, "axis": "y", "origin": [8.5, 1.5, 9.25]},
			"faces": {
				"north": {"uv": [4, 6, 6, 16], "texture": "#0"},
				"east": {"uv": [4, 6, 2, 16], "texture": "#0"},
				"south": {"uv": [2, 6, 4, 16], "texture": "#0"},
				"west": {"uv": [6, 6, 4, 16], "texture": "#0"},
				"up": {"uv": [0, 0, 1, 1], "rotation": 90, "texture": "#0"},
				"down": {"uv": [0, 13, 2, 14], "rotation": 270, "texture": "#0"}
			}
		},
		{
			"from": [7.5, 1.5, 5.75],
			"to": [8.5, 7.5, 6.75],
			"rotation": {"angle": 0, "axis": "y", "origin": [8.5, 1.5, 6.75]},
			"faces": {
				"north": {"uv": [10, 6, 8, 16], "texture": "#0"},
				"east": {"uv": [8, 6, 10, 16], "texture": "#0"},
				"south": {"uv": [10, 6, 8, 16], "texture": "#0"},
				"west": {"uv": [8, 6, 10, 16], "texture": "#0"},
				"up": {"uv": [0, 0, 1, 1], "rotation": 90, "texture": "#0"},
				"down": {"uv": [2, 14, 0, 16], "rotation": 270, "texture": "#0"}
			}
		},
		{
			"from": [7.5, -4, 7.5],
			"to": [8.5, 0, 8.5],
			"rotation": {"angle": 0, "axis": "y", "origin": [7.5, -1, 7.5]},
			"faces": {
				"north": {"uv": [0, 6, 2, 14], "texture": "#0"},
				"east": {"uv": [0, 6, 2, 14], "texture": "#0"},
				"south": {"uv": [0, 6, 2, 14], "texture": "#0"},
				"west": {"uv": [0, 6, 2, 14], "texture": "#0"},
				"up": {"uv": [0, 0, 1, 1], "texture": "#0"},
				"down": {"uv": [0, 0, 1, 1], "texture": "#0"}
			}
		},
		{
			"from": [7.25, -5, 7.25],
			"to": [8.75, -4, 8.75],
			"rotation": {"angle": 0, "axis": "y", "origin": [7.5, -5, 7.5]},
			"faces": {
				"north": {"uv": [16, 11, 13, 13], "texture": "#0"},
				"east": {"uv": [16, 11, 13, 13], "texture": "#0"},
				"south": {"uv": [16, 11, 13, 13], "texture": "#0"},
				"west": {"uv": [16, 11, 13, 13], "texture": "#0"},
				"up": {"uv": [10, 13, 13, 16], "texture": "#0"},
				"down": {"uv": [13, 13, 16, 16], "texture": "#0"}
			}
		},
		{
			"from": [7.25, 7.5, 5.5],
			"to": [8.75, 8.5, 7],
			"rotation": {"angle": 0, "axis": "y", "origin": [7.5, 7.5, 5.75]},
			"faces": {
				"north": {"uv": [16, 6, 13, 8], "texture": "#0"},
				"east": {"uv": [16, 6, 13, 8], "texture": "#0"},
				"south": {"uv": [16, 6, 13, 8], "texture": "#0"},
				"west": {"uv": [16, 6, 13, 8], "texture": "#0"},
				"up": {"uv": [10, 8, 13, 11], "texture": "#0"},
				"down": {"uv": [13, 8, 16, 11], "texture": "#0"}
			}
		},
		{
			"from": [7.25, 7.5, 9],
			"to": [8.75, 8.5, 10.5],
			"rotation": {"angle": 0, "axis": "y", "origin": [7.5, 7.5, 9.25]},
			"faces": {
				"north": {"uv": [16, 6, 13, 8], "texture": "#0"},
				"east": {"uv": [16, 6, 13, 8], "texture": "#0"},
				"south": {"uv": [16, 6, 13, 8], "texture": "#0"},
				"west": {"uv": [16, 6, 13, 8], "texture": "#0"},
				"up": {"uv": [10, 8, 13, 11], "texture": "#0"},
				"down": {"uv": [13, 8, 16, 11], "texture": "#0"}
			}
		},
		{
			"from": [7.5, -4.3, 7.5],
			"to": [8.5, -3.3, 7.501],
			"rotation": {"angle": 22.5, "axis": "x", "origin": [8, -3.3, 7.5]},
			"faces": {
				"north": {"uv": [14, 1, 16, 3], "rotation": 180, "texture": "#0"},
				"east": {"uv": [0, 0, 1, 1], "rotation": 90, "texture": "#0"},
				"south": {"uv": [16, 1, 14, 3], "rotation": 180, "texture": "#0"},
				"west": {"uv": [0, 0, 1, 1], "rotation": 90, "texture": "#0"},
				"up": {"uv": [0, 0, 1, 1], "rotation": 90, "texture": "#0"},
				"down": {"uv": [0, 0, 1, 1], "rotation": 90, "texture": "#0"}
			}
		},
		{
			"from": [7.5, -5.72388, 7.11732],
			"to": [8.5, -4.22388, 7.11832],
			"rotation": {"angle": 0, "axis": "y", "origin": [8, -4.22388, 7.11732]},
			"faces": {
				"north": {"uv": [14, 6, 16, 3], "rotation": 180, "texture": "#0"},
				"east": {"uv": [0, 0, 1, 1], "rotation": 90, "texture": "#0"},
				"south": {"uv": [16, 6, 14, 3], "rotation": 180, "texture": "#0"},
				"west": {"uv": [0, 0, 1, 1], "rotation": 90, "texture": "#0"},
				"up": {"uv": [0, 0, 1, 1], "rotation": 90, "texture": "#0"},
				"down": {"uv": [0, 0, 1, 1], "rotation": 90, "texture": "#0"}
			}
		},
		{
			"from": [7.5, 0, 5.75],
			"to": [8.5, 1.5, 5.751],
			"rotation": {"angle": 0, "axis": "y", "origin": [7.5, 0.5, 5.75]},
			"faces": {
				"north": {"uv": [14, 1, 16, 4], "texture": "#0"},
				"east": {"uv": [0, 0, 1, 1], "rotation": 90, "texture": "#0"},
				"south": {"uv": [16, 1, 14, 4], "texture": "#0"},
				"west": {"uv": [0, 0, 1, 1], "rotation": 90, "texture": "#0"},
				"up": {"uv": [0, 0, 1, 1], "rotation": 90, "texture": "#0"},
				"down": {"uv": [0, 0, 1, 1], "rotation": 90, "texture": "#0"}
			}
		},
		{
			"from": [9.4, -2.5, 6.75],
			"to": [9.401, 1.5, 9.25],
			"rotation": {"angle": 0, "axis": "y", "origin": [8.4, 0.5, 8.25]},
			"faces": {
				"north": {"uv": [0, 0, 1, 1], "rotation": 90, "texture": "#0"},
				"east": {"uv": [10, 0, 0, 16], "texture": "#1"},
				"south": {"uv": [0, 0, 1, 1], "rotation": 90, "texture": "#0"},
				"west": {"uv": [0, 0, 10, 16], "texture": "#1"},
				"up": {"uv": [0, 0, 1, 1], "rotation": 90, "texture": "#0"},
				"down": {"uv": [0, 0, 1, 1], "rotation": 90, "texture": "#0"}
			}
		},
		{
			"from": [6.6, -2.5, 6.75],
			"to": [6.601, 1.5, 9.25],
			"rotation": {"angle": 0, "axis": "y", "origin": [7.6, 0.5, 8.25]},
			"faces": {
				"north": {"uv": [0, 0, 1, 1], "rotation": 90, "texture": "#0"},
				"east": {"uv": [0, 0, 10, 16], "texture": "#1"},
				"south": {"uv": [0, 0, 1, 1], "rotation": 90, "texture": "#0"},
				"west": {"uv": [10, 0, 0, 16], "texture": "#1"},
				"up": {"uv": [0, 0, 1, 1], "rotation": 90, "texture": "#0"},
				"down": {"uv": [0, 0, 1, 1], "rotation": 90, "texture": "#0"}
			}
		},
		{
			"from": [7.375, 4.5, 9.125],
			"to": [8.625, 7, 10.375],
			"rotation": {"angle": 0, "axis": "y", "origin": [7.625, 4.75, 9.125]},
			"faces": {
				"north": {"uv": [2, 7, 4, 11], "texture": "#0"},
				"east": {"uv": [4, 7, 2, 11], "texture": "#0"},
				"south": {"uv": [2, 7, 4, 11], "texture": "#0"},
				"west": {"uv": [4, 7, 2, 11], "texture": "#0"},
				"up": {"uv": [0, 0, 1, 1], "rotation": 90, "texture": "#0"},
				"down": {"uv": [0, 0, 1, 1], "rotation": 90, "texture": "#0"}
			}
		},
		{
			"from": [7.375, 1.5, 5.625],
			"to": [8.625, 4, 6.875],
			"rotation": {"angle": 0, "axis": "y", "origin": [7.625, 1.75, 5.625]},
			"faces": {
				"north": {"uv": [2, 7, 4, 11], "texture": "#0"},
				"east": {"uv": [4, 7, 2, 11], "texture": "#0"},
				"south": {"uv": [2, 7, 4, 11], "texture": "#0"},
				"west": {"uv": [4, 7, 2, 11], "texture": "#0"},
				"up": {"uv": [0, 0, 1, 1], "rotation": 90, "texture": "#0"},
				"down": {"uv": [0, 0, 1, 1], "rotation": 90, "texture": "#0"}
			}
		}
	],
	"display": {
		"thirdperson_righthand": {
			"translation": [0, 13, 0.25],
			"scale": [1.5, 1.5, 1.5]
		},
		"thirdperson_lefthand": {
			"translation": [0, 13, 0.25],
			"scale": [1.5, 1.5, 1.5]
		},
		"firstperson_righthand": {
			"rotation": [-10, 0, 0],
			"translation": [2.25, 10.75, 0]
		},
		"firstperson_lefthand": {
			"rotation": [-10, 0, 0],
			"translation": [2.25, 10.75, 0]
		},
		"ground": {
			"rotation": [45, 45, 0],
			"translation": [-0.75, 8.5, 6]
		},
		"gui": {
			"rotation": [0, 45, -22.5],
			"translation": [1.25, 7.25, 0],
			"scale": [1.2, 1.2, 1.2]
		},
		"fixed": {
			"rotation": [0, 90, 0],
			"translation": [0, 9.25, 0],
			"scale": [1.5, 1.5, 1.5]
		}
	}
}