{
	"credit": "Made with Blockbench",
	"texture_size": [64, 64],
	"textures": {
		"2": "block/lily_pads/lily_pad2",
		"particle": "block/lily_pads/lily_pad2"
	},
	"elements": [
		{
			"from": [0, 0, 0],
			"to": [16, 0, 16],
			"faces": {
				"north": {"uv": [0, 8.5, 4, 8.5], "texture": "#2"},
				"east": {"uv": [0, 8.75, 4, 8.75], "texture": "#2"},
				"south": {"uv": [4.25, 8.75, 8.25, 8.75], "texture": "#2"},
				"west": {"uv": [8.5, 8.75, 12.5, 8.75], "texture": "#2"},
				"up": {"uv": [4, 4, 0, 0], "texture": "#2"},
				"down": {"uv": [4, 4.25, 0, 8.25], "texture": "#2"}
			}
		},
		{
			"from": [2.5, -10, 6.5],
			"to": [12.5, 0, 6.5],
			"rotation": {"angle": -22.5, "axis": "y", "origin": [6.5, -5, 6.5]},
			"faces": {
				"north": {"uv": [4.25, 0, 6.75, 2.5], "texture": "#2"},
				"east": {"uv": [0, 9, 0, 11.5], "texture": "#2"},
				"south": {"uv": [4.25, 2.75, 6.75, 5.25], "texture": "#2"},
				"west": {"uv": [0.25, 9, 0.25, 11.5], "texture": "#2"},
				"up": {"uv": [6.75, 8.25, 4.25, 8.25], "texture": "#2"},
				"down": {"uv": [6.75, 8.5, 4.25, 8.5], "texture": "#2"}
			}
		},
		{
			"from": [7, -10, 2],
			"to": [7, 0, 12],
			"rotation": {"angle": -22.5, "axis": "y", "origin": [6, -5, 7]},
			"faces": {
				"north": {"uv": [0.5, 9, 0.5, 11.5], "texture": "#2"},
				"east": {"uv": [4.25, 5.5, 6.75, 8], "texture": "#2"},
				"south": {"uv": [0.75, 9, 0.75, 11.5], "texture": "#2"},
				"west": {"uv": [7, 0, 9.5, 2.5], "texture": "#2"},
				"up": {"uv": [1, 11.5, 1, 9], "texture": "#2"},
				"down": {"uv": [1.25, 9, 1.25, 11.5], "texture": "#2"}
			}
		},
		{
			"from": [10.5, -7, 12.5],
			"to": [13.5, 0, 12.5],
			"rotation": {"angle": 0, "axis": "y", "origin": [12, -3.5, 12.5]},
			"faces": {
				"north": {"uv": [7, 2.75, 7.75, 4.5], "texture": "#2"},
				"east": {"uv": [1.5, 9, 1.5, 10.75], "texture": "#2"},
				"south": {"uv": [7, 4.75, 7.75, 6.5], "texture": "#2"},
				"west": {"uv": [1.75, 9, 1.75, 10.75], "texture": "#2"},
				"up": {"uv": [2.75, 9, 2, 9], "texture": "#2"},
				"down": {"uv": [9.75, 2.75, 9, 2.75], "texture": "#2"}
			}
		},
		{
			"from": [12, -7, 11],
			"to": [12, 0, 14],
			"faces": {
				"north": {"uv": [3, 9, 3, 10.75], "texture": "#2"},
				"east": {"uv": [7, 6.75, 7.75, 8.5], "texture": "#2"},
				"south": {"uv": [3.25, 9, 3.25, 10.75], "texture": "#2"},
				"west": {"uv": [8, 2.75, 8.75, 4.5], "texture": "#2"},
				"up": {"uv": [9, 3.75, 9, 3], "texture": "#2"},
				"down": {"uv": [3.5, 9, 3.5, 9.75], "texture": "#2"}
			}
		},
		{
			"from": [6.5, 0, 4.5],
			"to": [6.5, 3, 9.5],
			"rotation": {"angle": 0, "axis": "y", "origin": [6.5, 1.5, 7]},
			"faces": {
				"north": {"uv": [3.75, 9, 3.75, 9.75], "texture": "#2"},
				"east": {"uv": [8, 4.75, 9.25, 5.5], "texture": "#2"},
				"south": {"uv": [4, 9, 4, 9.75], "texture": "#2"},
				"west": {"uv": [8, 5.75, 9.25, 6.5], "texture": "#2"},
				"up": {"uv": [4.25, 10.25, 4.25, 9], "texture": "#2"},
				"down": {"uv": [4.5, 9, 4.5, 10.25], "texture": "#2"}
			}
		},
		{
			"from": [4, 0, 7],
			"to": [9, 3, 7],
			"rotation": {"angle": 0, "axis": "y", "origin": [6.5, 1.5, 7]},
			"faces": {
				"north": {"uv": [8, 6.75, 9.25, 7.5], "texture": "#2"},
				"east": {"uv": [4.75, 9, 4.75, 9.75], "texture": "#2"},
				"south": {"uv": [8, 7.75, 9.25, 8.5], "texture": "#2"},
				"west": {"uv": [5, 9, 5, 9.75], "texture": "#2"},
				"up": {"uv": [10.25, 4, 9, 4], "texture": "#2"},
				"down": {"uv": [10.25, 4.25, 9, 4.25], "texture": "#2"}
			}
		},
		{
			"from": [4, 0, 7],
			"to": [9, 3, 7],
			"rotation": {"angle": 45, "axis": "y", "origin": [6.5, 1.5, 7]},
			"faces": {
				"north": {"uv": [8, 6.75, 9.25, 7.5], "texture": "#2"},
				"east": {"uv": [4.75, 9, 4.75, 9.75], "texture": "#2"},
				"south": {"uv": [8, 7.75, 9.25, 8.5], "texture": "#2"},
				"west": {"uv": [5, 9, 5, 9.75], "texture": "#2"},
				"up": {"uv": [10.25, 4, 9, 4], "texture": "#2"},
				"down": {"uv": [10.25, 4.25, 9, 4.25], "texture": "#2"}
			}
		},
		{
			"from": [6.5, 0, 4.5],
			"to": [6.5, 3, 9.5],
			"rotation": {"angle": 45, "axis": "y", "origin": [6.5, 1.5, 7]},
			"faces": {
				"north": {"uv": [3.75, 9, 3.75, 9.75], "texture": "#2"},
				"east": {"uv": [8, 4.75, 9.25, 5.5], "texture": "#2"},
				"south": {"uv": [4, 9, 4, 9.75], "texture": "#2"},
				"west": {"uv": [8, 5.75, 9.25, 6.5], "texture": "#2"},
				"up": {"uv": [4.25, 10.25, 4.25, 9], "texture": "#2"},
				"down": {"uv": [4.5, 9, 4.5, 10.25], "texture": "#2"}
			}
		}
	],
	"groups": [
		{
			"name": "lily_pad2",
			"origin": [0, 0, 0],
			"color": 0,
			"children": [0, 1, 2, 3, 4, 5, 6, 7, 8]
		}
	]
}