{
	"credit": "Made with Blockbench",
	"texture_size": [64, 64],
	"textures": {
		"2": "block/lily_pads/lily_pad3",
		"particle": "block/lily_pads/lily_pad3"
	},
	"elements": [
		{
			"from": [0, 0, 0],
			"to": [16, 0, 16],
			"faces": {
				"north": {"uv": [0, 8.5, 4, 8.5], "texture": "#2"},
				"east": {"uv": [0, 8.75, 4, 8.75], "texture": "#2"},
				"south": {"uv": [6.25, 8.75, 10.25, 8.75], "texture": "#2"},
				"west": {"uv": [0, 9, 4, 9], "texture": "#2"},
				"up": {"uv": [4, 4, 0, 0], "texture": "#2"},
				"down": {"uv": [4, 4.25, 0, 8.25], "texture": "#2"}
			}
		},
		{
			"from": [2.5, -10, 6.5],
			"to": [12.5, 0, 6.5],
			"rotation": {"angle": -22.5, "axis": "y", "origin": [6.5, -5, 6.5]},
			"faces": {
				"north": {"uv": [4.25, 0, 6.75, 2.5], "texture": "#2"},
				"east": {"uv": [9, 2.75, 9, 5.25], "texture": "#2"},
				"south": {"uv": [4.25, 2.75, 6.75, 5.25], "texture": "#2"},
				"west": {"uv": [9, 5.5, 9, 8], "texture": "#2"},
				"up": {"uv": [8.75, 9, 6.25, 9], "texture": "#2"},
				"down": {"uv": [11.5, 8.25, 9, 8.25], "texture": "#2"}
			}
		},
		{
			"from": [7, -10, 2],
			"to": [7, 0, 12],
			"rotation": {"angle": -22.5, "axis": "y", "origin": [6, -5, 7]},
			"faces": {
				"north": {"uv": [9, 9, 9, 11.5], "texture": "#2"},
				"east": {"uv": [4.25, 5.5, 6.75, 8], "texture": "#2"},
				"south": {"uv": [0, 9.25, 0, 11.75], "texture": "#2"},
				"west": {"uv": [7, 0, 9.5, 2.5], "texture": "#2"},
				"up": {"uv": [0.25, 11.75, 0.25, 9.25], "texture": "#2"},
				"down": {"uv": [0.5, 9.25, 0.5, 11.75], "texture": "#2"}
			}
		},
		{
			"from": [12.5, -7, 11],
			"to": [15.5, 0, 11],
			"rotation": {"angle": 0, "axis": "y", "origin": [12, -3.5, 12.5]},
			"faces": {
				"north": {"uv": [7, 2.75, 7.75, 4.5], "texture": "#2"},
				"east": {"uv": [0.75, 9.25, 0.75, 11], "texture": "#2"},
				"south": {"uv": [7, 4.75, 7.75, 6.5], "texture": "#2"},
				"west": {"uv": [1, 9.25, 1, 11], "texture": "#2"},
				"up": {"uv": [9.75, 8.5, 9, 8.5], "texture": "#2"},
				"down": {"uv": [2, 9.25, 1.25, 9.25], "texture": "#2"}
			}
		},
		{
			"from": [14, -7, 9.5],
			"to": [14, 0, 12.5],
			"faces": {
				"north": {"uv": [2.25, 9.25, 2.25, 11], "texture": "#2"},
				"east": {"uv": [7, 6.75, 7.75, 8.5], "texture": "#2"},
				"south": {"uv": [2.5, 9.25, 2.5, 11], "texture": "#2"},
				"west": {"uv": [8, 2.75, 8.75, 4.5], "texture": "#2"},
				"up": {"uv": [2.75, 10, 2.75, 9.25], "texture": "#2"},
				"down": {"uv": [9.25, 2.75, 9.25, 3.5], "texture": "#2"}
			}
		},
		{
			"from": [4, -7, 12],
			"to": [4, 0, 15],
			"rotation": {"angle": -45, "axis": "y", "origin": [3, -3.5, 12.5]},
			"faces": {
				"north": {"uv": [3, 9.25, 3, 11], "texture": "#2"},
				"east": {"uv": [8, 4.75, 8.75, 6.5], "texture": "#2"},
				"south": {"uv": [3.25, 9.25, 3.25, 11], "texture": "#2"},
				"west": {"uv": [8, 6.75, 8.75, 8.5], "texture": "#2"},
				"up": {"uv": [3.5, 10, 3.5, 9.25], "texture": "#2"},
				"down": {"uv": [3.75, 9.25, 3.75, 10], "texture": "#2"}
			}
		},
		{
			"from": [2.5, -7, 13.5],
			"to": [5.5, 0, 13.5],
			"rotation": {"angle": -45, "axis": "y", "origin": [3, -3.5, 12.5]},
			"faces": {
				"north": {"uv": [4.25, 8.25, 5, 10], "texture": "#2"},
				"east": {"uv": [9.25, 3.75, 9.25, 5.5], "texture": "#2"},
				"south": {"uv": [5.25, 8.25, 6, 10], "texture": "#2"},
				"west": {"uv": [4, 9.25, 4, 11], "texture": "#2"},
				"up": {"uv": [10, 5.75, 9.25, 5.75], "texture": "#2"},
				"down": {"uv": [10, 6, 9.25, 6], "texture": "#2"}
			}
		}
	],
	"groups": [
		{
			"name": "lily_pad1",
			"origin": [0, 0, 0],
			"color": 0,
			"children": [0, 1, 2, 3, 4, 5, 6]
		}
	]
}