{
	"credit": "Made by Raycifer",
	"textures": {
		"0": "./corkian_insulator",
		"1": "./corkian_insulator_beam",
		"2": "./corkian_insulator_rays",
		"particle": "./corkian_insulator"
	},
	"elements": [
		{
			"from": [7, 11, 7],
			"to": [9, 0, 9],
			"rotation": {"angle": 0, "axis": "y", "origin": [7, 0, 7]},
			"faces": {
				"north": {"uv": [0, 0, 2, 11], "texture": "#0"},
				"east": {"uv": [0, 0, 2, 11], "texture": "#0"},
				"south": {"uv": [0, 0, 2, 11], "texture": "#0"},
				"west": {"uv": [0, 0, 2, 11], "texture": "#0"},
				"up": {"uv": [0, 0, 2, 11], "texture": "#0"},
				"down": {"uv": [0, 0, 2, 11], "texture": "#0"}
			}
		},
		{
			"from": [5, 2, 5],
			"to": [11, 3, 11],
			"rotation": {"angle": 0, "axis": "y", "origin": [6, 0, 5]},
			"faces": {
				"north": {"uv": [5, 0, 11, 1], "texture": "#0"},
				"east": {"uv": [10, 0, 11, 6], "rotation": 90, "texture": "#0"},
				"south": {"uv": [5, 0, 11, 1], "texture": "#0"},
				"west": {"uv": [10, 0, 11, 6], "rotation": 90, "texture": "#0"},
				"up": {"uv": [5, 0, 11, 6], "texture": "#0"},
				"down": {"uv": [5, 0, 11, 6], "texture": "#0"}
			}
		},
		{
			"from": [5, 5, 5],
			"to": [11, 6, 11],
			"rotation": {"angle": 0, "axis": "y", "origin": [6, 0, 5]},
			"faces": {
				"north": {"uv": [5, 0, 11, 1], "texture": "#0"},
				"east": {"uv": [10, 0, 11, 6], "rotation": 90, "texture": "#0"},
				"south": {"uv": [5, 0, 11, 1], "texture": "#0"},
				"west": {"uv": [10, 0, 11, 6], "rotation": 90, "texture": "#0"},
				"up": {"uv": [5, 0, 11, 6], "texture": "#0"},
				"down": {"uv": [5, 0, 11, 6], "texture": "#0"}
			}
		},
		{
			"from": [5, 8, 5],
			"to": [11, 9, 11],
			"rotation": {"angle": 0, "axis": "y", "origin": [6, 0, 5]},
			"faces": {
				"north": {"uv": [5, 0, 11, 1], "texture": "#0"},
				"east": {"uv": [10, 0, 11, 6], "rotation": 90, "texture": "#0"},
				"south": {"uv": [5, 0, 11, 1], "texture": "#0"},
				"west": {"uv": [10, 0, 11, 6], "rotation": 90, "texture": "#0"},
				"up": {"uv": [5, 0, 11, 6], "texture": "#0"},
				"down": {"uv": [5, 0, 11, 6], "texture": "#0"}
			}
		},
		{
			"from": [7.5, 0, 7.5],
			"to": [8.5, 11, 8.5],
			"rotation": {"angle": 0, "axis": "y", "origin": [7.5, 0, 7.5]},
			"faces": {
				"north": {"uv": [0, 0, 1, 11], "texture": "#1"},
				"east": {"uv": [0, 0, 1, 11], "texture": "#1"},
				"south": {"uv": [0, 0, 1, 11], "texture": "#1"},
				"west": {"uv": [0, 0, 1, 11], "texture": "#1"},
				"up": {"uv": [0, 0, 1, 1], "texture": "#1"},
				"down": {"uv": [0, 14.54545, 1, 15.54545], "texture": "#1"}
			}
		},
		{
			"from": [6.5, -0.5, 9.5],
			"to": [9.5, 11.5, 6.5],
			"rotation": {"angle": 0, "axis": "y", "origin": [6.5, 0, 9.5]},
			"faces": {
				"north": {"uv": [2, 0, 5, 12], "texture": "#0"},
				"east": {"uv": [2, 0, 5, 12], "texture": "#0"},
				"south": {"uv": [2, 0, 5, 12], "texture": "#0"},
				"west": {"uv": [2, 0, 5, 12], "texture": "#0"},
				"up": {"uv": [2, 0, 5, 1], "texture": "#0"},
				"down": {"uv": [2, 11, 5, 12], "texture": "#0"}
			}
		},
		{
			"from": [5.5, 11, 5.5],
			"to": [10.5, 13, 10.5],
			"rotation": {"angle": 0, "axis": "y", "origin": [5.5, 0, 7.5]},
			"faces": {
				"north": {"uv": [5, 6, 10, 7], "texture": "#0"},
				"east": {"uv": [5, 6, 10, 7], "texture": "#0"},
				"south": {"uv": [5, 6, 10, 7], "texture": "#0"},
				"west": {"uv": [5, 6, 10, 7], "texture": "#0"},
				"up": {"uv": [5, 6, 10, 11], "texture": "#0"},
				"down": {"uv": [5, 6, 10, 11], "texture": "#0"}
			}
		},
		{
			"from": [8, 13, 6.5],
			"to": [8.001, 16, 9.5],
			"rotation": {"angle": 45, "axis": "x", "origin": [8, 14.5, 8]},
			"faces": {
				"north": {"uv": [15, 15, 16, 16], "texture": "#0"},
				"east": {"uv": [11, 0, 14, 3], "texture": "#0"},
				"south": {"uv": [15, 15, 16, 16], "texture": "#0"},
				"west": {"uv": [11, 0, 14, 3], "rotation": 270, "texture": "#0"},
				"up": {"uv": [15, 15, 16, 16], "texture": "#0"},
				"down": {"uv": [15, 15, 16, 16], "texture": "#0"}
			}
		},
		{
			"from": [5.5, -9, 5.5],
			"to": [10.5, 0, 10.5],
			"rotation": {"angle": 0, "axis": "y", "origin": [5.5, 0, 5.5]},
			"faces": {
				"north": {"uv": [15, 7, 10, 16], "texture": "#0"},
				"east": {"uv": [10, 7, 15, 16], "texture": "#0"},
				"south": {"uv": [15, 7, 10, 16], "texture": "#0"},
				"west": {"uv": [10, 7, 15, 16], "texture": "#0"},
				"up": {"uv": [5, 11, 10, 16], "texture": "#0"},
				"down": {"uv": [5, 11, 10, 16], "texture": "#0"}
			}
		},
		{
			"from": [0, 12, 0],
			"to": [16, 12.001, 16],
			"rotation": {"angle": 0, "axis": "y", "origin": [0, 0, 8]},
			"faces": {
				"north": {"uv": [15.05882, 0, 16, 0.94118], "texture": "#2"},
				"east": {"uv": [15.05882, 0, 16, 0.94118], "texture": "#2"},
				"south": {"uv": [15.05882, 0, 16, 0.94118], "texture": "#2"},
				"west": {"uv": [15.05882, 0, 16, 0.94118], "texture": "#2"},
				"up": {"uv": [0, 0, 16, 16], "texture": "#2"},
				"down": {"uv": [0, 0, 16, 16], "texture": "#2"}
			}
		}
	],
	"display": {
		"thirdperson_righthand": {
			"translation": [0, 3.25, 0],
			"scale": [0.5, 0.5, 0.5]
		},
		"thirdperson_lefthand": {
			"translation": [0, 3.25, 0],
			"scale": [0.5, 0.5, 0.5]
		},
		"firstperson_righthand": {
			"rotation": [0, -70, 0],
			"translation": [0.25, 5.75, 0],
			"scale": [0.5, 0.5, 0.5]
		},
		"firstperson_lefthand": {
			"rotation": [0, -70, 0],
			"translation": [0.25, 5.75, 0],
			"scale": [0.5, 0.5, 0.5]
		},
		"ground": {
			"rotation": [0, 0, 45],
			"translation": [0, 3.25, 0],
			"scale": [0.5, 0.5, 0.5]
		},
		"gui": {
			"rotation": [22.5, -45, 0],
			"translation": [0, 4.5, 0]
		},
		"fixed": {
			"rotation": [0, 90, 0],
			"translation": [0, 5, -2.25]
		}
	}
}