{
	"credit": "Made by Raycifer",
	"textures": {
		"0": "./trance",
		"1": "./trance_anim"
	},
	"elements": [
		{
			"from": [7.25, 1, 7.25],
			"to": [8.75, 3, 8.75],
			"rotation": {"angle": 0, "axis": "y", "origin": [7.75, 13, 7.5]},
			"faces": {
				"north": {"uv": [5, 6, 6.5, 8], "texture": "#0"},
				"east": {"uv": [5, 6, 6.5, 8], "texture": "#0"},
				"south": {"uv": [5, 6, 6.5, 8], "texture": "#0"},
				"west": {"uv": [5, 6, 6.5, 8], "texture": "#0"},
				"up": {"uv": [5, 6, 6.5, 7.5], "texture": "#0"},
				"down": {"uv": [5, 8, 6.5, 9.5], "texture": "#0"}
			}
		},
		{
			"from": [7.5, 3, 7.5],
			"to": [8.5, 10, 8.5],
			"rotation": {"angle": 0, "axis": "y", "origin": [7.5, 3, 7.5]},
			"faces": {
				"north": {"uv": [0, 0.5, 1, 7.5], "texture": "#0"},
				"east": {"uv": [1, 0.5, 2, 7.5], "texture": "#0"},
				"south": {"uv": [0, 0.5, 1, 7.5], "texture": "#0"},
				"west": {"uv": [1, 0.5, 2, 7.5], "texture": "#0"},
				"up": {"uv": [0, 2, 1, 3], "texture": "#0"},
				"down": {"uv": [0, 2, 1, 3], "texture": "#0"}
			}
		},
		{
			"from": [7.25, 8.5, 7.25],
			"to": [8.25, 10, 7.251],
			"rotation": {"angle": 0, "axis": "y", "origin": [7.5, 0, 7.5]},
			"faces": {
				"north": {"uv": [4, 8, 5, 9.5], "texture": "#0"},
				"east": {"uv": [0, 0, 0.5, 0.5], "texture": "#0"},
				"south": {"uv": [5, 8, 4, 9.5], "texture": "#0"},
				"west": {"uv": [0, 0, 0.5, 0.5], "texture": "#0"},
				"up": {"uv": [0, 0, 0.5, 0.5], "texture": "#0"},
				"down": {"uv": [0, 0, 0.5, 0.5], "texture": "#0"}
			}
		},
		{
			"from": [7.25, 10, 7.25],
			"to": [8.75, 14, 8.75],
			"rotation": {"angle": 0, "axis": "y", "origin": [7.75, 13, 7.5]},
			"faces": {
				"north": {"uv": [3.5, 4, 5, 8], "texture": "#0"},
				"east": {"uv": [2, 4, 3.5, 8], "texture": "#0"},
				"south": {"uv": [2, 4, 3.5, 8], "texture": "#0"},
				"west": {"uv": [3.5, 4, 2, 8], "texture": "#0"},
				"up": {"uv": [2, 4, 3.5, 5.5], "texture": "#0"},
				"down": {"uv": [5, 8, 6.5, 9.5], "texture": "#0"}
			}
		},
		{
			"from": [7.75, 12.75, 6.75],
			"to": [8.25, 13.75, 7.75],
			"rotation": {"angle": -45, "axis": "x", "origin": [8, 13.25, 7.25]},
			"faces": {
				"north": {"uv": [3, 8, 2.5, 9], "texture": "#0"},
				"east": {"uv": [2, 9, 3, 8], "rotation": 90, "texture": "#0"},
				"south": {"uv": [2.5, 8, 2, 9], "texture": "#0"},
				"west": {"uv": [3, 8, 2, 9], "texture": "#0"},
				"up": {"uv": [2, 9, 2.5, 8], "texture": "#0"},
				"down": {"uv": [2.5, 8, 3, 9], "texture": "#0"}
			}
		},
		{
			"from": [7.75, 12.75, 8.25],
			"to": [8.25, 13.75, 9.25],
			"rotation": {"angle": 45, "axis": "x", "origin": [8, 13.25, 8.75]},
			"faces": {
				"north": {"uv": [2, 8, 2.5, 9], "texture": "#0"},
				"east": {"uv": [2, 8, 3, 9], "rotation": 90, "texture": "#0"},
				"south": {"uv": [2.5, 8, 3, 9], "texture": "#0"},
				"west": {"uv": [2, 8, 3, 9], "texture": "#0"},
				"up": {"uv": [2, 8, 2.5, 9], "texture": "#0"},
				"down": {"uv": [2.5, 9, 3, 8], "texture": "#0"}
			}
		},
		{
			"from": [7.25, 16, 2.75],
			"to": [8.75, 17.5, 3.75],
			"rotation": {"angle": 0, "axis": "y", "origin": [7.5, 16, 2.75]},
			"faces": {
				"north": {"uv": [2.5, 9.5, 4, 11], "texture": "#0"},
				"east": {"uv": [1.5, 9.5, 2.5, 11], "texture": "#0"},
				"south": {"uv": [0, 9.5, 1.5, 11], "texture": "#0"},
				"west": {"uv": [2.5, 9.5, 1.5, 11], "texture": "#0"},
				"up": {"uv": [2.5, 9.5, 1.5, 11], "rotation": 90, "texture": "#0"},
				"down": {"uv": [1.5, 9.5, 2.5, 11], "rotation": 90, "texture": "#0"}
			}
		},
		{
			"from": [7.5, 16.25, 3.75],
			"to": [8.5, 17.25, 5.25],
			"rotation": {"angle": 0, "axis": "y", "origin": [8, 16.75, 8]},
			"faces": {
				"north": {"uv": [6.5, 7, 7.5, 6], "rotation": 180, "texture": "#0"},
				"east": {"uv": [6.5, 6, 7.5, 7.5], "rotation": 90, "texture": "#0"},
				"south": {"uv": [6.5, 7, 7.5, 6], "texture": "#0"},
				"west": {"uv": [6.5, 6, 7.5, 7.5], "rotation": 270, "texture": "#0"},
				"up": {"uv": [7.5, 6, 6.5, 7.5], "texture": "#0"},
				"down": {"uv": [7.5, 6, 6.5, 7.5], "rotation": 180, "texture": "#0"}
			}
		},
		{
			"from": [7.5, 19.5, 7.5],
			"to": [8.5, 21, 8.5],
			"rotation": {"angle": 0, "axis": "y", "origin": [7.5, 19.5, 8.5]},
			"faces": {
				"north": {"uv": [6.5, 6, 7.5, 7.5], "texture": "#0"},
				"east": {"uv": [7.5, 6, 6.5, 7.5], "texture": "#0"},
				"south": {"uv": [6.5, 6, 7.5, 7.5], "texture": "#0"},
				"west": {"uv": [7.5, 6, 6.5, 7.5], "texture": "#0"},
				"up": {"uv": [6.5, 7, 7.5, 6], "texture": "#0"},
				"down": {"uv": [6.5, 7, 7.5, 6], "texture": "#0"}
			}
		},
		{
			"from": [7.25, 21, 7.25],
			"to": [8.75, 22, 8.75],
			"rotation": {"angle": 0, "axis": "y", "origin": [7.5, 16.75, 8]},
			"faces": {
				"north": {"uv": [1.5, 9.5, 2.5, 11], "rotation": 270, "texture": "#0"},
				"east": {"uv": [1.5, 9.5, 2.5, 11], "rotation": 270, "texture": "#0"},
				"south": {"uv": [2.5, 9.5, 1.5, 11], "rotation": 90, "texture": "#0"},
				"west": {"uv": [2.5, 9.5, 1.5, 11], "rotation": 90, "texture": "#0"},
				"up": {"uv": [2.5, 9.5, 4, 11], "rotation": 180, "texture": "#0"},
				"down": {"uv": [0, 9.5, 1.5, 11], "texture": "#0"}
			}
		},
		{
			"from": [7.5, 16.25, 10.75],
			"to": [8.5, 17.25, 12.25],
			"rotation": {"angle": 0, "axis": "y", "origin": [7.5, 17.25, 10.75]},
			"faces": {
				"north": {"uv": [8.5, 9.5, 10, 8.5], "texture": "#0"},
				"east": {"uv": [2, 7.5, 0.5, 8.5], "texture": "#0"},
				"south": {"uv": [8.5, 9.5, 10, 8.5], "texture": "#0"},
				"west": {"uv": [0.5, 8.5, 2, 7.5], "texture": "#0"},
				"up": {"uv": [0.5, 9.5, 2, 8.5], "rotation": 90, "texture": "#0"},
				"down": {"uv": [2, 8.5, 0.5, 9.5], "rotation": 90, "texture": "#0"}
			}
		},
		{
			"from": [7.25, 16, 12.25],
			"to": [8.75, 17.5, 13.25],
			"rotation": {"angle": 0, "axis": "y", "origin": [7.5, 16, 13.25]},
			"faces": {
				"north": {"uv": [1.5, 9.5, 0, 11], "texture": "#0"},
				"east": {"uv": [2.5, 9.5, 1.5, 11], "texture": "#0"},
				"south": {"uv": [4, 9.5, 2.5, 11], "texture": "#0"},
				"west": {"uv": [1.5, 9.5, 2.5, 11], "texture": "#0"},
				"up": {"uv": [1.5, 9.5, 2.5, 11], "rotation": 90, "texture": "#0"},
				"down": {"uv": [2.5, 9.5, 1.5, 11], "rotation": 90, "texture": "#0"}
			}
		},
		{
			"from": [9.249, 15.501, 6.751],
			"to": [6.751, 17.999, 9.249],
			"rotation": {"angle": 0, "axis": "y", "origin": [14.248, 0, 6.751]},
			"faces": {
				"north": {"uv": [10, 0.5, 12.498, 2.998], "texture": "#0"},
				"east": {"uv": [10, 0.5, 12.498, 2.998], "texture": "#0"},
				"south": {"uv": [10, 0.5, 12.498, 2.998], "texture": "#0"},
				"west": {"uv": [10, 0.5, 12.498, 2.998], "texture": "#0"},
				"up": {"uv": [10, 0.5, 12.498, 2.998], "texture": "#0"},
				"down": {"uv": [10, 0.5, 12.498, 2.998], "texture": "#0"}
			}
		},
		{
			"from": [9, 15.75, 7],
			"to": [7, 17.75, 9],
			"rotation": {"angle": 0, "axis": "y", "origin": [7, 0, 8]},
			"faces": {
				"north": {"uv": [8, 0.5, 10, 2.5], "texture": "#0"},
				"east": {"uv": [8, 0.5, 10, 2.5], "texture": "#0"},
				"south": {"uv": [8, 0.5, 10, 2.5], "texture": "#0"},
				"west": {"uv": [8, 0.5, 10, 2.5], "texture": "#0"},
				"up": {"uv": [8, 0.5, 10, 2.5], "texture": "#0"},
				"down": {"uv": [8, 0.5, 10, 2.5], "texture": "#0"}
			}
		},
		{
			"from": [7.25, 16, 7.25],
			"to": [8.75, 17.5, 8.75],
			"rotation": {"angle": 0, "axis": "y", "origin": [7.25, 0, 7.75]},
			"faces": {
				"north": {"uv": [6.5, 0.5, 8, 2], "texture": "#0"},
				"east": {"uv": [6.5, 0.5, 8, 2], "texture": "#0"},
				"south": {"uv": [6.5, 0.5, 8, 2], "texture": "#0"},
				"west": {"uv": [6.5, 0.5, 8, 2], "texture": "#0"},
				"up": {"uv": [6.5, 0.5, 8, 2], "texture": "#0"},
				"down": {"uv": [6.5, 0.5, 8, 2], "texture": "#0"}
			}
		},
		{
			"from": [8.75, 16, 8],
			"to": [9.25, 17.5, 8.001],
			"rotation": {"angle": 0, "axis": "y", "origin": [7.25, 0, 7]},
			"faces": {
				"north": {"uv": [6.5, 2, 7, 3.5], "texture": "#0"},
				"east": {"uv": [0, 0, 0.5, 0.5], "texture": "#0"},
				"south": {"uv": [6.5, 2, 7, 3.5], "texture": "#0"},
				"west": {"uv": [0, 0, 0.5, 0.5], "texture": "#0"},
				"up": {"uv": [0, 0, 0.5, 0.5], "texture": "#0"},
				"down": {"uv": [0, 0, 0.5, 0.5], "texture": "#0"}
			}
		},
		{
			"from": [7.5, 14, 7.25],
			"to": [8.5, 15, 8.75],
			"rotation": {"angle": 0, "axis": "y", "origin": [7.5, 14, 7.25]},
			"faces": {
				"north": {"uv": [8.5, 8.5, 10, 9.5], "texture": "#0"},
				"east": {"uv": [8.5, 8.5, 10, 9.5], "texture": "#0"},
				"south": {"uv": [8.5, 8.5, 10, 9.5], "texture": "#0"},
				"west": {"uv": [8.5, 8.5, 10, 9.5], "texture": "#0"},
				"up": {"uv": [8.5, 8.5, 10, 9], "texture": "#0"},
				"down": {"uv": [8.5, 9, 10, 9.5], "texture": "#0"}
			}
		},
		{
			"from": [7.5, 14.5, 8.75],
			"to": [8.5, 15.5, 9.75],
			"rotation": {"angle": 0, "axis": "y", "origin": [7.5, 14.5, 10.25]},
			"faces": {
				"north": {"uv": [8.5, 8, 8, 9], "texture": "#0"},
				"east": {"uv": [7.5, 8, 8.5, 9], "texture": "#0"},
				"south": {"uv": [8, 8, 7.5, 9], "texture": "#0"},
				"west": {"uv": [8.5, 8, 7.5, 9], "texture": "#0"},
				"up": {"uv": [8.5, 8, 7.5, 8.5], "rotation": 90, "texture": "#0"},
				"down": {"uv": [7.5, 8.5, 8.5, 9], "rotation": 90, "texture": "#0"}
			}
		},
		{
			"from": [7.5, 14.5, 6.25],
			"to": [8.5, 15.5, 7.25],
			"rotation": {"angle": 0, "axis": "y", "origin": [7.5, 14.5, 5.75]},
			"faces": {
				"north": {"uv": [7.5, 8, 8, 9], "texture": "#0"},
				"east": {"uv": [8.5, 8, 7.5, 9], "texture": "#0"},
				"south": {"uv": [8, 8, 8.5, 9], "texture": "#0"},
				"west": {"uv": [7.5, 8, 8.5, 9], "texture": "#0"},
				"up": {"uv": [7.5, 8, 8.5, 8.5], "rotation": 90, "texture": "#0"},
				"down": {"uv": [8.5, 8.5, 7.5, 9], "rotation": 90, "texture": "#0"}
			}
		},
		{
			"from": [7.5, 15.5, 9.25],
			"to": [8.5, 16, 10.25],
			"rotation": {"angle": 0, "axis": "y", "origin": [7.5, 15.5, 10.75]},
			"faces": {
				"north": {"uv": [8, 7.5, 7.5, 8], "texture": "#0"},
				"east": {"uv": [7, 7.5, 8, 8], "texture": "#0"},
				"south": {"uv": [7.5, 7.5, 7, 8], "texture": "#0"},
				"west": {"uv": [8, 7.5, 7, 8], "texture": "#0"},
				"up": {"uv": [8, 7.5, 7, 8], "rotation": 90, "texture": "#0"},
				"down": {"uv": [0, 0, 0.5, 0.5], "texture": "#0"}
			}
		},
		{
			"from": [7.5, 15.5, 5.75],
			"to": [8.5, 16, 6.75],
			"rotation": {"angle": 0, "axis": "y", "origin": [7.5, 15.5, 5.25]},
			"faces": {
				"north": {"uv": [7, 7.5, 7.5, 8], "texture": "#0"},
				"east": {"uv": [8, 7.5, 7, 8], "texture": "#0"},
				"south": {"uv": [7.5, 7.5, 8, 8], "texture": "#0"},
				"west": {"uv": [7, 7.5, 8, 8], "texture": "#0"},
				"up": {"uv": [7, 7.5, 8, 8], "rotation": 90, "texture": "#0"},
				"down": {"uv": [0, 0, 0.5, 0.5], "texture": "#0"}
			}
		},
		{
			"from": [7.5, 15, 9.75],
			"to": [8.5, 15.5, 10.25],
			"rotation": {"angle": 0, "axis": "y", "origin": [7.5, 15, 11.25]},
			"faces": {
				"north": {"uv": [0, 0, 0.5, 0.5], "texture": "#0"},
				"east": {"uv": [7.5, 8, 7, 8.5], "texture": "#0"},
				"south": {"uv": [7.5, 8, 7, 8.5], "texture": "#0"},
				"west": {"uv": [7.5, 8, 7, 8.5], "texture": "#0"},
				"up": {"uv": [0, 0, 0.5, 0.5], "texture": "#0"},
				"down": {"uv": [7, 8.5, 7.5, 8], "texture": "#0"}
			}
		},
		{
			"from": [7.5, 15, 5.75],
			"to": [8.5, 15.5, 6.25],
			"rotation": {"angle": 0, "axis": "y", "origin": [7.5, 15, 4.75]},
			"faces": {
				"north": {"uv": [11, 8, 11.5, 8.5], "texture": "#0"},
				"east": {"uv": [11, 8, 11.5, 8.5], "texture": "#0"},
				"south": {"uv": [0, 0, 0.5, 0.5], "texture": "#0"},
				"west": {"uv": [11, 8, 11.5, 8.5], "texture": "#0"},
				"up": {"uv": [0, 0, 0.5, 0.5], "texture": "#0"},
				"down": {"uv": [11, 8, 11.5, 8.5], "texture": "#0"}
			}
		},
		{
			"from": [7.5, 16, 9.75],
			"to": [8.5, 17.5, 10.75],
			"rotation": {"angle": 0, "axis": "y", "origin": [7.5, 16, 10.75]},
			"faces": {
				"north": {"uv": [7.5, 6, 7, 7.5], "texture": "#0"},
				"east": {"uv": [6.5, 6, 7.5, 7.5], "texture": "#0"},
				"south": {"uv": [7, 6, 6.5, 7.5], "texture": "#0"},
				"west": {"uv": [7.5, 6, 6.5, 7.5], "texture": "#0"},
				"up": {"uv": [7.5, 6, 6.5, 6.5], "rotation": 90, "texture": "#0"},
				"down": {"uv": [6.5, 7, 7.5, 7.5], "rotation": 90, "texture": "#0"}
			}
		},
		{
			"from": [7.5, 16, 5.25],
			"to": [8.5, 17.5, 6.25],
			"rotation": {"angle": 0, "axis": "y", "origin": [7.5, 16, 6.25]},
			"faces": {
				"north": {"uv": [12, 6, 11.5, 7.5], "texture": "#0"},
				"east": {"uv": [11, 6, 12, 7.5], "texture": "#0"},
				"south": {"uv": [11.5, 6, 11, 7.5], "texture": "#0"},
				"west": {"uv": [12, 6, 11, 7.5], "texture": "#0"},
				"up": {"uv": [12, 6, 11, 6.5], "rotation": 90, "texture": "#0"},
				"down": {"uv": [11, 7, 12, 7.5], "rotation": 90, "texture": "#0"}
			}
		},
		{
			"from": [7.5, 17.5, 9.25],
			"to": [8.5, 18, 10.25],
			"rotation": {"angle": 0, "axis": "y", "origin": [7.5, 18, 10.75]},
			"faces": {
				"north": {"uv": [8, 6, 7.5, 5.5], "texture": "#0"},
				"east": {"uv": [7, 6, 8, 5.5], "texture": "#0"},
				"south": {"uv": [7.5, 6, 7, 5.5], "texture": "#0"},
				"west": {"uv": [8, 6, 7, 5.5], "texture": "#0"},
				"up": {"uv": [0, 0, 0.5, 0.5], "texture": "#0"},
				"down": {"uv": [7, 5.5, 8, 6], "rotation": 90, "texture": "#0"}
			}
		},
		{
			"from": [7.5, 17.5, 5.75],
			"to": [8.5, 18, 6.75],
			"rotation": {"angle": 0, "axis": "y", "origin": [7.5, 18, 7.25]},
			"faces": {
				"north": {"uv": [11.5, 6, 11, 5.5], "texture": "#0"},
				"east": {"uv": [10.5, 6, 11.5, 5.5], "texture": "#0"},
				"south": {"uv": [11, 6, 10.5, 5.5], "texture": "#0"},
				"west": {"uv": [11.5, 6, 10.5, 5.5], "texture": "#0"},
				"up": {"uv": [0, 0, 0.5, 0.5], "texture": "#0"},
				"down": {"uv": [10.5, 5.5, 11.5, 6], "rotation": 90, "texture": "#0"}
			}
		},
		{
			"from": [7.5, 18, 9.75],
			"to": [8.5, 18.5, 10.25],
			"rotation": {"angle": 0, "axis": "y", "origin": [7.5, 18.5, 11.25]},
			"faces": {
				"north": {"uv": [0, 0, 0.5, 0.5], "texture": "#0"},
				"east": {"uv": [7.5, 5.5, 7, 5], "texture": "#0"},
				"south": {"uv": [7.5, 5.5, 7, 5], "texture": "#0"},
				"west": {"uv": [7.5, 5.5, 7, 5], "texture": "#0"},
				"up": {"uv": [7, 5, 7.5, 5.5], "texture": "#0"},
				"down": {"uv": [0, 0, 0.5, 0.5], "texture": "#0"}
			}
		},
		{
			"from": [7.5, 18, 8.75],
			"to": [8.5, 19, 9.75],
			"rotation": {"angle": 0, "axis": "y", "origin": [7.5, 19, 10.25]},
			"faces": {
				"north": {"uv": [8.5, 4.5, 8, 5.5], "texture": "#0"},
				"east": {"uv": [7.5, 4.5, 8.5, 5.5], "texture": "#0"},
				"south": {"uv": [8, 4.5, 7.5, 5.5], "texture": "#0"},
				"west": {"uv": [8.5, 4.5, 7.5, 5.5], "texture": "#0"},
				"up": {"uv": [7.5, 5, 8.5, 4.5], "texture": "#0"},
				"down": {"uv": [7.5, 5, 8.5, 5.5], "rotation": 90, "texture": "#0"}
			}
		},
		{
			"from": [7.5, 18, 6.25],
			"to": [8.5, 19, 7.25],
			"rotation": {"angle": 0, "axis": "y", "origin": [7.5, 19, 7.75]},
			"faces": {
				"north": {"uv": [11, 4.5, 10.5, 5.5], "texture": "#0"},
				"east": {"uv": [10, 4.5, 11, 5.5], "texture": "#0"},
				"south": {"uv": [10.5, 4.5, 10, 5.5], "texture": "#0"},
				"west": {"uv": [11, 4.5, 10, 5.5], "texture": "#0"},
				"up": {"uv": [10, 5, 11, 4.5], "texture": "#0"},
				"down": {"uv": [10, 5, 11, 5.5], "rotation": 90, "texture": "#0"}
			}
		},
		{
			"from": [7.5, 18.5, 7.25],
			"to": [8.5, 19.5, 8.75],
			"rotation": {"angle": 0, "axis": "y", "origin": [7.5, 19.5, 7.25]},
			"faces": {
				"north": {"uv": [9.5, 4, 10, 5], "texture": "#0"},
				"east": {"uv": [8.5, 4, 10, 5], "texture": "#0"},
				"south": {"uv": [8.5, 4, 9, 5], "texture": "#0"},
				"west": {"uv": [10, 4, 8.5, 5], "texture": "#0"},
				"up": {"uv": [8.5, 4, 10, 4.5], "texture": "#0"},
				"down": {"uv": [8.5, 4.5, 10, 5], "rotation": 90, "texture": "#0"}
			}
		},
		{
			"from": [7.5, 18, 5.75],
			"to": [8.5, 18.5, 6.25],
			"rotation": {"angle": 0, "axis": "y", "origin": [7.5, 18.5, 4.75]},
			"faces": {
				"north": {"uv": [11, 5.5, 11.5, 5], "texture": "#0"},
				"east": {"uv": [11, 5.5, 11.5, 5], "texture": "#0"},
				"south": {"uv": [0, 0, 0.5, 0.5], "texture": "#0"},
				"west": {"uv": [11, 5.5, 11.5, 5], "texture": "#0"},
				"up": {"uv": [11, 5.5, 11.5, 5], "texture": "#0"},
				"down": {"uv": [0, 0, 0.5, 0.5], "texture": "#0"}
			}
		},
		{
			"from": [7.75, 21, 7.25],
			"to": [8.25, 24.5, 8.75],
			"rotation": {"angle": -45, "axis": "x", "origin": [8, 16.75, 8]},
			"faces": {
				"north": {"uv": [8, 0, 9, 7], "texture": "#1"},
				"east": {"uv": [6, 0, 9, 7], "texture": "#1"},
				"south": {"uv": [6, 0, 7, 7], "texture": "#1"},
				"west": {"uv": [9, 0, 6, 7], "texture": "#1"},
				"up": {"uv": [6, 0, 9, 1], "rotation": 90, "texture": "#1"},
				"down": {"uv": [6, 6, 9, 7], "rotation": 90, "texture": "#1"}
			}
		},
		{
			"from": [7.75, 20.5, 7.25],
			"to": [8.25, 24, 8.75],
			"rotation": {"angle": -45, "axis": "x", "origin": [8, 16.75, 8]},
			"faces": {
				"north": {"uv": [8, 7, 9, 14], "texture": "#1"},
				"east": {"uv": [6, 7, 9, 14], "texture": "#1"},
				"south": {"uv": [6, 7, 7, 14], "texture": "#1"},
				"west": {"uv": [9, 7, 6, 14], "texture": "#1"},
				"up": {"uv": [6, 7, 9, 8], "rotation": 90, "texture": "#1"},
				"down": {"uv": [6, 13, 9, 14], "rotation": 90, "texture": "#1"}
			}
		},
		{
			"from": [7.75, 23, 7.25],
			"to": [8.25, 26.5, 8.75],
			"rotation": {"angle": 0, "axis": "y", "origin": [8, 16.75, 8]},
			"faces": {
				"north": {"uv": [5, 0, 6, 7], "texture": "#1"},
				"east": {"uv": [3, 0, 6, 7], "texture": "#1"},
				"south": {"uv": [3, 0, 4, 7], "texture": "#1"},
				"west": {"uv": [6, 0, 3, 7], "texture": "#1"},
				"up": {"uv": [3, 0, 6, 1], "rotation": 90, "texture": "#1"},
				"down": {"uv": [3, 6, 6, 7], "rotation": 90, "texture": "#1"}
			}
		},
		{
			"from": [7.75, 22.5, 7.25],
			"to": [8.25, 26, 8.75],
			"rotation": {"angle": 0, "axis": "y", "origin": [8, 16.75, 8]},
			"faces": {
				"north": {"uv": [5, 7, 6, 14], "texture": "#1"},
				"east": {"uv": [3, 7, 6, 14], "texture": "#1"},
				"south": {"uv": [3, 7, 4, 14], "texture": "#1"},
				"west": {"uv": [6, 7, 3, 14], "texture": "#1"},
				"up": {"uv": [3, 7, 6, 8], "rotation": 90, "texture": "#1"},
				"down": {"uv": [3, 13, 6, 14], "rotation": 90, "texture": "#1"}
			}
		},
		{
			"from": [7.75, 21, 7.25],
			"to": [8.25, 24.5, 8.75],
			"rotation": {"angle": 45, "axis": "x", "origin": [8, 16.75, 8]},
			"faces": {
				"north": {"uv": [2, 0, 3, 7], "texture": "#1"},
				"east": {"uv": [0, 0, 3, 7], "texture": "#1"},
				"south": {"uv": [0, 0, 1, 7], "texture": "#1"},
				"west": {"uv": [3, 0, 0, 7], "texture": "#1"},
				"up": {"uv": [0, 0, 3, 1], "rotation": 90, "texture": "#1"},
				"down": {"uv": [0, 6, 3, 7], "rotation": 90, "texture": "#1"}
			}
		},
		{
			"from": [7.75, 20.5, 7.25],
			"to": [8.25, 24, 8.75],
			"rotation": {"angle": 45, "axis": "x", "origin": [8, 16.75, 8]},
			"faces": {
				"north": {"uv": [2, 7, 3, 14], "texture": "#1"},
				"east": {"uv": [0, 7, 3, 14], "texture": "#1"},
				"south": {"uv": [0, 7, 1, 14], "texture": "#1"},
				"west": {"uv": [3, 7, 0, 14], "texture": "#1"},
				"up": {"uv": [0, 7, 3, 8], "rotation": 90, "texture": "#1"},
				"down": {"uv": [0, 13, 3, 14], "rotation": 90, "texture": "#1"}
			}
		},
		{
			"from": [8.35355, 6.14645, 7.5],
			"to": [8.35455, 8.64645, 8.5],
			"rotation": {"angle": 45, "axis": "z", "origin": [8, 9, 8]},
			"faces": {
				"north": {"uv": [0, 0, 0.5, 0.5], "texture": "#0"},
				"east": {"uv": [13.5, 1, 12.5, 3.5], "texture": "#0"},
				"south": {"uv": [0, 0, 0.5, 0.5], "texture": "#0"},
				"west": {"uv": [12.5, 1, 13.5, 3.5], "texture": "#0"},
				"up": {"uv": [0, 0, 0.5, 0.5], "texture": "#0"},
				"down": {"uv": [0, 0, 0.5, 0.5], "texture": "#0"}
			}
		},
		{
			"from": [8.46194, 6.80866, 7.5],
			"to": [8.46294, 8.80866, 8.5],
			"rotation": {"angle": 22.5, "axis": "z", "origin": [8, 9, 8]},
			"faces": {
				"north": {"uv": [0, 0, 0.5, 0.5], "texture": "#0"},
				"east": {"uv": [12.5, 1.5, 13.5, 3.5], "texture": "#0"},
				"south": {"uv": [0, 0, 0.5, 0.5], "texture": "#0"},
				"west": {"uv": [13.5, 1.5, 12.5, 3.5], "texture": "#0"},
				"up": {"uv": [0, 0, 0.5, 0.5], "texture": "#0"},
				"down": {"uv": [0, 0, 0.5, 0.5], "texture": "#0"}
			}
		},
		{
			"from": [7.5, 7, 7.5],
			"to": [8.5, 8.5, 7.501],
			"rotation": {"angle": 45, "axis": "x", "origin": [8, 8.5, 7.5]},
			"faces": {
				"north": {"uv": [12.5, 2, 13.5, 3.5], "texture": "#0"},
				"east": {"uv": [0, 0, 0.5, 0.5], "texture": "#0"},
				"south": {"uv": [13.5, 2, 12.5, 3.5], "texture": "#0"},
				"west": {"uv": [0, 0, 0.5, 0.5], "texture": "#0"},
				"up": {"uv": [0, 0, 0.5, 0.5], "texture": "#0"},
				"down": {"uv": [0, 0, 0.5, 0.5], "texture": "#0"}
			}
		},
		{
			"from": [7.5, 7.5, 7.5],
			"to": [8.5, 8.5, 7.501],
			"rotation": {"angle": 22.5, "axis": "x", "origin": [8, 8.5, 7.5]},
			"faces": {
				"north": {"uv": [13.5, 2.5, 12.5, 3.5], "texture": "#0"},
				"east": {"uv": [0, 0, 0.5, 0.5], "texture": "#0"},
				"south": {"uv": [12.5, 2.5, 13.5, 3.5], "texture": "#0"},
				"west": {"uv": [0, 0, 0.5, 0.5], "texture": "#0"},
				"up": {"uv": [0, 0, 0.5, 0.5], "texture": "#0"},
				"down": {"uv": [0, 0, 0.5, 0.5], "texture": "#0"}
			}
		},
		{
			"from": [7.64645, 5.64645, 7.5],
			"to": [7.64745, 7.64645, 8.5],
			"rotation": {"angle": -45, "axis": "z", "origin": [8, 8, 8]},
			"faces": {
				"north": {"uv": [0, 0, 0.5, 0.5], "texture": "#0"},
				"east": {"uv": [13.5, 1.5, 12.5, 3.5], "texture": "#0"},
				"south": {"uv": [0, 0, 0.5, 0.5], "texture": "#0"},
				"west": {"uv": [12.5, 1.5, 13.5, 3.5], "texture": "#0"},
				"up": {"uv": [0, 0, 0.5, 0.5], "texture": "#0"},
				"down": {"uv": [0, 0, 0.5, 0.5], "texture": "#0"}
			}
		},
		{
			"from": [7.53806, 6.30866, 7.5],
			"to": [7.53906, 7.80866, 8.5],
			"rotation": {"angle": -22.5, "axis": "z", "origin": [8, 8, 8]},
			"faces": {
				"north": {"uv": [0, 0, 0.5, 0.5], "texture": "#0"},
				"east": {"uv": [12.5, 2, 13.5, 3.5], "texture": "#0"},
				"south": {"uv": [0, 0, 0.5, 0.5], "texture": "#0"},
				"west": {"uv": [13.5, 2, 12.5, 3.5], "texture": "#0"},
				"up": {"uv": [0, 0, 0.5, 0.5], "texture": "#0"},
				"down": {"uv": [0, 0, 0.5, 0.5], "texture": "#0"}
			}
		},
		{
			"from": [7.5, 6, 8.5],
			"to": [8.5, 7, 8.501],
			"rotation": {"angle": -22.5, "axis": "x", "origin": [8, 7, 8.5]},
			"faces": {
				"north": {"uv": [13.5, 2.5, 12.5, 3.5], "texture": "#0"},
				"east": {"uv": [0, 0, 0.5, 0.5], "texture": "#0"},
				"south": {"uv": [12.5, 2.5, 13.5, 3.5], "texture": "#0"},
				"west": {"uv": [0, 0, 0.5, 0.5], "texture": "#0"},
				"up": {"uv": [0, 0, 0.5, 0.5], "texture": "#0"},
				"down": {"uv": [0, 0, 0.5, 0.5], "texture": "#0"}
			}
		},
		{
			"from": [7.5, 5.5, 8.5],
			"to": [8.5, 7, 8.501],
			"rotation": {"angle": -45, "axis": "x", "origin": [8, 7, 8.5]},
			"faces": {
				"north": {"uv": [12.5, 2, 13.5, 3.5], "texture": "#0"},
				"east": {"uv": [0, 0, 0.5, 0.5], "texture": "#0"},
				"south": {"uv": [13.5, 2, 12.5, 3.5], "texture": "#0"},
				"west": {"uv": [0, 0, 0.5, 0.5], "texture": "#0"},
				"up": {"uv": [0, 0, 0.5, 0.5], "texture": "#0"},
				"down": {"uv": [0, 0, 0.5, 0.5], "texture": "#0"}
			}
		},
		{
			"from": [7.5, 10, 8.75],
			"to": [8.5, 12, 8.751],
			"rotation": {"angle": -45, "axis": "x", "origin": [8, 12, 8.75]},
			"faces": {
				"north": {"uv": [12.5, 1.5, 13.5, 3.5], "texture": "#0"},
				"east": {"uv": [0, 0, 0.5, 0.5], "texture": "#0"},
				"south": {"uv": [13.5, 1.5, 12.5, 3.5], "texture": "#0"},
				"west": {"uv": [0, 0, 0.5, 0.5], "texture": "#0"},
				"up": {"uv": [0, 0, 0.5, 0.5], "texture": "#0"},
				"down": {"uv": [0, 0, 0.5, 0.5], "texture": "#0"}
			}
		},
		{
			"from": [7.5, 10.5, 8.75],
			"to": [8.5, 12, 8.751],
			"rotation": {"angle": -22.5, "axis": "x", "origin": [8, 12, 8.75]},
			"faces": {
				"north": {"uv": [13.5, 2, 12.5, 3.5], "texture": "#0"},
				"east": {"uv": [0, 0, 0.5, 0.5], "texture": "#0"},
				"south": {"uv": [12.5, 2, 13.5, 3.5], "texture": "#0"},
				"west": {"uv": [0, 0, 0.5, 0.5], "texture": "#0"},
				"up": {"uv": [0, 0, 0.5, 0.5], "texture": "#0"},
				"down": {"uv": [0, 0, 0.5, 0.5], "texture": "#0"}
			}
		},
		{
			"from": [8, 13.25, 3],
			"to": [8.001, 15.25, 4],
			"rotation": {"angle": 0, "axis": "y", "origin": [7, -1, 8.5]},
			"faces": {
				"north": {"uv": [0, 0, 0.5, 0.5], "texture": "#0"},
				"east": {"uv": [12.5, 1.5, 13.5, 3.5], "texture": "#0"},
				"south": {"uv": [0, 0, 0.5, 0.5], "texture": "#0"},
				"west": {"uv": [13.5, 1.5, 12.5, 3.5], "texture": "#0"},
				"up": {"uv": [0, 0, 0.5, 0.5], "texture": "#0"},
				"down": {"uv": [0, 0, 0.5, 0.5], "texture": "#0"}
			}
		},
		{
			"from": [8, 13.25, 4.5],
			"to": [8.001, 16.25, 5.5],
			"rotation": {"angle": 0, "axis": "y", "origin": [7, 0, 8.5]},
			"faces": {
				"north": {"uv": [0, 0, 0.5, 0.5], "texture": "#0"},
				"east": {"uv": [12.5, 0.5, 13.5, 3.5], "texture": "#0"},
				"south": {"uv": [0, 0, 0.5, 0.5], "texture": "#0"},
				"west": {"uv": [13.5, 0.5, 12.5, 3.5], "texture": "#0"},
				"up": {"uv": [0, 0, 0.5, 0.5], "texture": "#0"},
				"down": {"uv": [0, 0, 0.5, 0.5], "texture": "#0"}
			}
		},
		{
			"from": [8, 12.25, 10.5],
			"to": [8.001, 15.25, 11.5],
			"rotation": {"angle": 0, "axis": "y", "origin": [7, -1, 7.5]},
			"faces": {
				"north": {"uv": [0, 0, 0.5, 0.5], "texture": "#0"},
				"east": {"uv": [13.5, 0.5, 12.5, 3.5], "texture": "#0"},
				"south": {"uv": [0, 0, 0.5, 0.5], "texture": "#0"},
				"west": {"uv": [12.5, 0.5, 13.5, 3.5], "texture": "#0"},
				"up": {"uv": [0, 0, 0.5, 0.5], "texture": "#0"},
				"down": {"uv": [0, 0, 0.5, 0.5], "texture": "#0"}
			}
		},
		{
			"from": [8, 14.25, 12],
			"to": [8.001, 16.25, 13],
			"rotation": {"angle": 0, "axis": "y", "origin": [7, 0, 7.5]},
			"faces": {
				"north": {"uv": [0, 0, 0.5, 0.5], "texture": "#0"},
				"east": {"uv": [13.5, 1.5, 12.5, 3.5], "texture": "#0"},
				"south": {"uv": [0, 0, 0.5, 0.5], "texture": "#0"},
				"west": {"uv": [12.5, 1.5, 13.5, 3.5], "texture": "#0"},
				"up": {"uv": [0, 0, 0.5, 0.5], "texture": "#0"},
				"down": {"uv": [0, 0, 0.5, 0.5], "texture": "#0"}
			}
		},
		{
			"from": [7.75, 15.25, 11],
			"to": [8.25, 16.25, 11.001],
			"rotation": {"angle": 0, "axis": "y", "origin": [7.75, 15.25, 10]},
			"faces": {
				"north": {"uv": [0, 1.5, 0.5, 2.5], "texture": "#0"},
				"east": {"uv": [0, 0, 0.5, 0.5], "texture": "#0"},
				"south": {"uv": [0, 1.5, 0.5, 2.5], "texture": "#0"},
				"west": {"uv": [0, 0, 0.5, 0.5], "texture": "#0"},
				"up": {"uv": [0, 0, 0.5, 0.5], "texture": "#0"},
				"down": {"uv": [0, 0, 0.5, 0.5], "texture": "#0"}
			}
		},
		{
			"from": [7.75, 15.25, 3.5],
			"to": [8.25, 16.25, 3.501],
			"rotation": {"angle": 0, "axis": "y", "origin": [7.75, 15.25, 2.5]},
			"faces": {
				"north": {"uv": [0, 1.5, 0.5, 2.5], "texture": "#0"},
				"east": {"uv": [0, 0, 0.5, 0.5], "texture": "#0"},
				"south": {"uv": [0, 1.5, 0.5, 2.5], "texture": "#0"},
				"west": {"uv": [0, 0, 0.5, 0.5], "texture": "#0"},
				"up": {"uv": [0, 0, 0.5, 0.5], "texture": "#0"},
				"down": {"uv": [0, 0, 0.5, 0.5], "texture": "#0"}
			}
		}
	],
	"display": {
		"thirdperson_righthand": {
			"translation": [0, -2.75, 0.25],
			"scale": [1.5, 1.5, 1.5]
		},
		"thirdperson_lefthand": {
			"rotation": [0, 180, 0],
			"translation": [0, -2.75, 0.25],
			"scale": [1.5, 1.5, 1.5]
		},
		"firstperson_righthand": {
			"rotation": [-10, 180, 0],
			"translation": [4.5, 0, 0],
			"scale": [1.2, 1.2, 1.2]
		},
		"firstperson_lefthand": {
			"rotation": [-10, 0, 0],
			"translation": [4.5, 0, 0],
			"scale": [1.2, 1.2, 1.2]
		},
		"ground": {
			"rotation": [45, 45, 0],
			"translation": [0, 0, -5],
			"scale": [0.9, 0.9, 0.9]
		},
		"gui": {
			"rotation": [-180, -45, -157.5],
			"translation": [-1.25, -4.5, 0]
		},
		"head": {
			"rotation": [0, 90, 0],
			"translation": [0, -17.25, -6.75],
			"scale": [2, 2, 2]
		},
		"fixed": {
			"rotation": [0, 90, 0],
			"translation": [0, -4.25, -0.5]
		}
	},
	"groups": [
		{
			"name": "staff",
			"origin": [8, 13.25, 8.75],
			"color": 0,
			"children": [0, 1, 2, 3, 4, 5]
		},
		{
			"name": "crucifix",
			"origin": [7.5, 16, 13.25],
			"color": 0,
			"children": [6, 7, 8, 9, 10, 11]
		},
		{
			"name": "eye",
			"origin": [7.25, 0, 7],
			"color": 0,
			"children": [12, 13, 14, 15]
		},
		{
			"name": "circle",
			"origin": [7.5, 18.5, 4.75],
			"color": 0,
			"children": [16, 17, 18, 19, 20, 21, 22, 23, 24, 25, 26, 27, 28, 29, 30, 31]
		},
		{
			"name": "runes",
			"origin": [8, 16.75, 8],
			"color": 0,
			"children": [32, 33, 34, 35, 36, 37]
		},
		{
			"name": "feathers",
			"origin": [8, 12, 8.75],
			"color": 0,
			"children": [38, 39, 40, 41, 42, 43, 44, 45, 46, 47]
		},
		{
			"name": "ornaments",
			"origin": [7.75, 15.25, 2.5],
			"color": 0,
			"children": [48, 49, 50, 51, 52, 53]
		}
	]
}