{
	"credit": "Made with Blockbench",
	"texture_size": [64, 64],
	"textures": {
		"3": "./gathering_scythe_t8"
	},
	"elements": [
		{
			"from": [7, 6, 7],
			"to": [9, 13, 9],
			"rotation": {"angle": 0, "axis": "y", "origin": [0, 6, 0]},
			"faces": {
				"north": {"uv": [0, 0, 0.5, 1.75], "texture": "#3"},
				"east": {"uv": [0.75, 0, 1.25, 1.75], "texture": "#3"},
				"south": {"uv": [1.5, 0, 2, 1.75], "texture": "#3"},
				"west": {"uv": [0, 2, 0.5, 3.75], "texture": "#3"},
				"up": {"uv": [6.75, 6, 6.25, 5.5], "texture": "#3"},
				"down": {"uv": [6.75, 6.25, 6.25, 6.75], "texture": "#3"}
			}
		},
		{
			"from": [6.9, 6.5, 6.9],
			"to": [9.1, 12.5, 9.1],
			"rotation": {"angle": 0, "axis": "y", "origin": [0, 6, 0]},
			"faces": {
				"north": {"uv": [3, 0, 3.5, 1.5], "texture": "#3"},
				"east": {"uv": [3, 1.75, 3.5, 3.25], "texture": "#3"},
				"south": {"uv": [3, 3.5, 3.5, 5], "texture": "#3"},
				"west": {"uv": [3.75, 0, 4.25, 1.5], "texture": "#3"},
				"up": {"uv": [1, 7, 0.5, 6.5], "texture": "#3"},
				"down": {"uv": [4, 6.5, 3.5, 7], "texture": "#3"}
			}
		},
		{
			"from": [6.9, 12.5, 6.9],
			"to": [9.1, 12.75, 9.1],
			"rotation": {"angle": 0, "axis": "y", "origin": [0, 6, 0]},
			"faces": {
				"north": {"uv": [8.5, 0, 9, 0.25], "texture": "#3"},
				"east": {"uv": [8.5, 0.5, 9, 0.75], "texture": "#3"},
				"south": {"uv": [8.75, 1, 9.25, 1.25], "texture": "#3"},
				"west": {"uv": [8.75, 1.5, 9.25, 1.75], "texture": "#3"},
				"up": {"uv": [7.25, 0.5, 6.75, 0], "texture": "#3"},
				"down": {"uv": [7.25, 0.75, 6.75, 1.25], "texture": "#3"}
			}
		},
		{
			"from": [6.9, 6.25, 6.9],
			"to": [9.1, 6.5, 9.1],
			"rotation": {"angle": 0, "axis": "y", "origin": [0, 6, 0]},
			"faces": {
				"north": {"uv": [3.5, 8.75, 4, 9], "texture": "#3"},
				"east": {"uv": [8.75, 4, 9.25, 4.25], "texture": "#3"},
				"south": {"uv": [4.25, 8.75, 4.75, 9], "texture": "#3"},
				"west": {"uv": [8.75, 4.5, 9.25, 4.75], "texture": "#3"},
				"up": {"uv": [1.75, 7.25, 1.25, 6.75], "texture": "#3"},
				"down": {"uv": [7.25, 1.5, 6.75, 2], "texture": "#3"}
			}
		},
		{
			"from": [7.25, 0, 7],
			"to": [8.75, 6, 9],
			"rotation": {"angle": 0, "axis": "y", "origin": [0, 6, 0]},
			"faces": {
				"north": {"uv": [3.75, 1.75, 4.25, 3.25], "texture": "#3"},
				"east": {"uv": [3.75, 3.5, 4.25, 5], "texture": "#3"},
				"south": {"uv": [0, 4, 0.5, 5.5], "texture": "#3"},
				"west": {"uv": [0.75, 4, 1.25, 5.5], "texture": "#3"},
				"up": {"uv": [7.5, 4.5, 7, 4], "texture": "#3"},
				"down": {"uv": [7.5, 4.75, 7, 5.25], "texture": "#3"}
			}
		},
		{
			"from": [7.15, -1, 6.9],
			"to": [8.85, 0, 9.1],
			"rotation": {"angle": 0, "axis": "y", "origin": [0, 6, 0]},
			"faces": {
				"north": {"uv": [5, 8.75, 5.5, 9], "texture": "#3"},
				"east": {"uv": [8.75, 5, 9.25, 5.25], "texture": "#3"},
				"south": {"uv": [8.75, 5.5, 9.25, 5.75], "texture": "#3"},
				"west": {"uv": [8.75, 6, 9.25, 6.25], "texture": "#3"},
				"up": {"uv": [7.5, 6, 7, 5.5], "texture": "#3"},
				"down": {"uv": [6.75, 7, 6.25, 7.5], "texture": "#3"}
			}
		},
		{
			"from": [7.4, -1.825, 6.925],
			"to": [8.6, -0.425, 8.325],
			"rotation": {"angle": 45, "axis": "x", "origin": [8, -1.5, 8]},
			"faces": {
				"north": {"uv": [1, 9, 1.25, 9.25], "texture": "#3"},
				"east": {"uv": [1.5, 9, 1.75, 9.25], "texture": "#3"},
				"south": {"uv": [2, 9, 2.25, 9.25], "texture": "#3"},
				"west": {"uv": [9, 2, 9.25, 2.25], "texture": "#3"},
				"up": {"uv": [9.25, 2.75, 9, 2.5], "texture": "#3"},
				"down": {"uv": [3.25, 9, 3, 9.25], "texture": "#3"}
			}
		},
		{
			"from": [7.05, 12.35089, 8.26327],
			"to": [8.95, 19.35089, 10.26327],
			"rotation": {"angle": 22.5, "axis": "x", "origin": [8, 15.85089, 9.26327]},
			"faces": {
				"north": {"uv": [0.75, 2, 1.25, 3.75], "texture": "#3"},
				"east": {"uv": [1.5, 2, 2, 3.75], "texture": "#3"},
				"south": {"uv": [2.25, 0, 2.75, 1.75], "texture": "#3"},
				"west": {"uv": [2.25, 2, 2.75, 3.75], "texture": "#3"},
				"up": {"uv": [7.5, 6.75, 7, 6.25], "texture": "#3"},
				"down": {"uv": [7.5, 7, 7, 7.5], "texture": "#3"}
			}
		},
		{
			"from": [7.25, 18.70179, 9.52654],
			"to": [8.75, 23.20179, 11.52654],
			"rotation": {"angle": 0, "axis": "y", "origin": [0, 6.70179, 2.52654]},
			"faces": {
				"north": {"uv": [1.5, 4, 2, 5.25], "texture": "#3"},
				"east": {"uv": [2.25, 4, 2.75, 5.25], "texture": "#3"},
				"south": {"uv": [4.5, 0, 5, 1.25], "texture": "#3"},
				"west": {"uv": [4.5, 1.5, 5, 2.75], "texture": "#3"},
				"up": {"uv": [1, 7.75, 0.5, 7.25], "texture": "#3"},
				"down": {"uv": [7.75, 2.25, 7.25, 2.75], "texture": "#3"}
			}
		},
		{
			"from": [7.5, 23.20179, 9.52654],
			"to": [8.5, 26.95179, 11.52654],
			"rotation": {"angle": 0, "axis": "y", "origin": [0, 6.70179, 2.52654]},
			"faces": {
				"north": {"uv": [3.5, 7.25, 3.75, 8.25], "texture": "#3"},
				"east": {"uv": [3.5, 5.25, 4, 6.25], "texture": "#3"},
				"south": {"uv": [7.5, 0, 7.75, 1], "texture": "#3"},
				"west": {"uv": [1.5, 5.5, 2, 6.5], "texture": "#3"},
				"up": {"uv": [2.75, 9.25, 2.5, 8.75], "texture": "#3"},
				"down": {"uv": [6, 8.75, 5.75, 9.25], "texture": "#3"}
			}
		},
		{
			"from": [7.775, 24.70179, 14.52654],
			"to": [8.225, 25.70179, 18.52654],
			"rotation": {"angle": 0, "axis": "y", "origin": [0, 6.70179, 2.52654]},
			"faces": {
				"north": {"uv": [9, 3, 9.25, 3.25], "texture": "#3"},
				"east": {"uv": [1.25, 7.5, 2.25, 7.75], "texture": "#3"},
				"south": {"uv": [9, 3.5, 9.25, 3.75], "texture": "#3"},
				"west": {"uv": [7.5, 1.25, 8.5, 1.5], "texture": "#3"},
				"up": {"uv": [2.75, 8.5, 2.5, 7.5], "texture": "#3"},
				"down": {"uv": [5.5, 7.5, 5.25, 8.5], "texture": "#3"}
			}
		},
		{
			"from": [7.875, 22.28278, 17.36656],
			"to": [8.125, 23.28278, 18.59156],
			"rotation": {"angle": 0, "axis": "y", "origin": [0, 7.28278, 2.36656]},
			"faces": {
				"north": {"uv": [6.25, 9, 6.5, 9.25], "texture": "#3"},
				"east": {"uv": [6.75, 9, 7, 9.25], "texture": "#3"},
				"south": {"uv": [8.25, 9, 8.5, 9.25], "texture": "#3"},
				"west": {"uv": [9.25, 0, 9.5, 0.25], "texture": "#3"},
				"up": {"uv": [9.5, 0.75, 9.25, 0.5], "texture": "#3"},
				"down": {"uv": [3.75, 9.25, 3.5, 9.5], "texture": "#3"}
			}
		},
		{
			"from": [7.875, 22.65631, 12.43868],
			"to": [8.125, 23.65631, 16.66368],
			"rotation": {"angle": 0, "axis": "y", "origin": [0, 7.15631, 2.43868]},
			"faces": {
				"north": {"uv": [4, 9.25, 4.25, 9.5], "texture": "#3"},
				"east": {"uv": [7.5, 1.75, 8.5, 2], "texture": "#3"},
				"south": {"uv": [4.5, 9.25, 4.75, 9.5], "texture": "#3"},
				"west": {"uv": [7.75, 3, 8.75, 3.25], "texture": "#3"},
				"up": {"uv": [6, 8.5, 5.75, 7.5], "texture": "#3"},
				"down": {"uv": [0.25, 7.75, 0, 8.75], "texture": "#3"}
			}
		},
		{
			"from": [7.925, 23.05631, 14.03868],
			"to": [8.075, 24.75631, 19.03868],
			"rotation": {"angle": 0, "axis": "y", "origin": [0, 7.15631, 2.43868]},
			"faces": {
				"north": {"uv": [8.75, 6.5, 9, 7], "texture": "#3"},
				"east": {"uv": [4.5, 3, 5.75, 3.5], "texture": "#3"},
				"south": {"uv": [8.75, 7.25, 9, 7.75], "texture": "#3"},
				"west": {"uv": [4.5, 3.75, 5.75, 4.25], "texture": "#3"},
				"up": {"uv": [5.5, 7.25, 5.25, 6], "texture": "#3"},
				"down": {"uv": [6, 6, 5.75, 7.25], "texture": "#3"}
			}
		},
		{
			"from": [7.775, 23.01777, 17.99266],
			"to": [8.225, 24.01777, 20.99266],
			"rotation": {"angle": 22.5, "axis": "x", "origin": [8, 23.51777, 22.49266]},
			"faces": {
				"north": {"uv": [5, 9.25, 5.25, 9.5], "texture": "#3"},
				"east": {"uv": [6, 4, 6.75, 4.25], "texture": "#3"},
				"south": {"uv": [9.25, 6.5, 9.5, 6.75], "texture": "#3"},
				"west": {"uv": [7.25, 7.75, 8, 8], "texture": "#3"},
				"up": {"uv": [8.25, 0.75, 8, 0], "texture": "#3"},
				"down": {"uv": [0.75, 8, 0.5, 8.75], "texture": "#3"}
			}
		},
		{
			"from": [7.875, 18.76355, 18.88393],
			"to": [8.125, 19.76355, 26.05893],
			"rotation": {"angle": 22.5, "axis": "x", "origin": [8, 22.26355, 27.55893]},
			"faces": {
				"north": {"uv": [9.25, 7, 9.5, 7.25], "texture": "#3"},
				"east": {"uv": [5.25, 2.5, 7, 2.75], "texture": "#3"},
				"south": {"uv": [7.25, 9.25, 7.5, 9.5], "texture": "#3"},
				"west": {"uv": [4.25, 5.5, 6, 5.75], "texture": "#3"},
				"up": {"uv": [2.5, 7.25, 2.25, 5.5], "texture": "#3"},
				"down": {"uv": [0.25, 5.75, 0, 7.5], "texture": "#3"}
			}
		},
		{
			"from": [7.95, 19.76355, 18.85893],
			"to": [8.05, 20.98855, 23.13393],
			"rotation": {"angle": 22.5, "axis": "x", "origin": [8, 22.26355, 27.55893]},
			"faces": {
				"north": {"uv": [9.25, 7.5, 9.5, 7.75], "texture": "#3"},
				"east": {"uv": [7.75, 3.5, 8.75, 3.75], "texture": "#3"},
				"south": {"uv": [7.75, 9.25, 8, 9.5], "texture": "#3"},
				"west": {"uv": [4, 7.75, 5, 8], "texture": "#3"},
				"up": {"uv": [3.25, 8.75, 3, 7.75], "texture": "#3"},
				"down": {"uv": [8, 4, 7.75, 5], "texture": "#3"}
			}
		},
		{
			"from": [7.95, 19.76355, 23.13393],
			"to": [8.05, 20.01355, 23.63393],
			"rotation": {"angle": 22.5, "axis": "x", "origin": [8, 22.26355, 27.55893]},
			"faces": {
				"north": {"uv": [9.25, 8, 9.5, 8.25], "texture": "#3"},
				"east": {"uv": [9.25, 8.5, 9.5, 8.75], "texture": "#3"},
				"south": {"uv": [9.25, 9, 9.5, 9.25], "texture": "#3"},
				"west": {"uv": [1, 9.5, 1.25, 9.75], "texture": "#3"},
				"up": {"uv": [9.75, 1.25, 9.5, 1], "texture": "#3"},
				"down": {"uv": [1.75, 9.5, 1.5, 9.75], "texture": "#3"}
			}
		},
		{
			"from": [7.875, 21.13785, 18.9475],
			"to": [8.125, 22.13785, 20.1225],
			"rotation": {"angle": 22.5, "axis": "x", "origin": [8, 28.63785, 21.6225]},
			"faces": {
				"north": {"uv": [9.5, 1.5, 9.75, 1.75], "texture": "#3"},
				"east": {"uv": [2, 9.5, 2.25, 9.75], "texture": "#3"},
				"south": {"uv": [9.5, 2, 9.75, 2.25], "texture": "#3"},
				"west": {"uv": [2.5, 9.5, 2.75, 9.75], "texture": "#3"},
				"up": {"uv": [9.75, 2.75, 9.5, 2.5], "texture": "#3"},
				"down": {"uv": [3.25, 9.5, 3, 9.75], "texture": "#3"}
			}
		},
		{
			"from": [7.775, 23.55686, 8.10749],
			"to": [8.225, 24.55686, 17.28249],
			"rotation": {"angle": 22.5, "axis": "x", "origin": [8, 31.05686, 18.78249]},
			"faces": {
				"north": {"uv": [9.5, 3, 9.75, 3.25], "texture": "#3"},
				"east": {"uv": [4.5, 4.5, 6.75, 4.75], "texture": "#3"},
				"south": {"uv": [9.5, 3.5, 9.75, 3.75], "texture": "#3"},
				"west": {"uv": [4.5, 5, 6.75, 5.25], "texture": "#3"},
				"up": {"uv": [5.5, 2.25, 5.25, 0], "texture": "#3"},
				"down": {"uv": [3.25, 5.25, 3, 7.5], "texture": "#3"}
			}
		},
		{
			"from": [7.9, 21.78186, 14.00749],
			"to": [8.1, 23.75686, 17.25749],
			"rotation": {"angle": 22.5, "axis": "x", "origin": [8, 31.05686, 18.78249]},
			"faces": {
				"north": {"uv": [8.75, 8, 9, 8.5], "texture": "#3"},
				"east": {"uv": [5.75, 0, 6.5, 0.5], "texture": "#3"},
				"south": {"uv": [8.75, 8.75, 9, 9.25], "texture": "#3"},
				"west": {"uv": [0.5, 5.75, 1.25, 6.25], "texture": "#3"},
				"up": {"uv": [1.25, 8.75, 1, 8], "texture": "#3"},
				"down": {"uv": [1.75, 8, 1.5, 8.75], "texture": "#3"}
			}
		},
		{
			"from": [7.8, 25.03938, 4.73543],
			"to": [8.2, 26.03938, 8.16043],
			"rotation": {"angle": 45, "axis": "x", "origin": [8, 25.53938, 9.32293]},
			"faces": {
				"north": {"uv": [9.5, 4, 9.75, 4.25], "texture": "#3"},
				"east": {"uv": [8, 2.25, 8.75, 2.5], "texture": "#3"},
				"south": {"uv": [9.5, 4.5, 9.75, 4.75], "texture": "#3"},
				"west": {"uv": [4, 8.25, 4.75, 8.5], "texture": "#3"},
				"up": {"uv": [2.25, 8.75, 2, 8], "texture": "#3"},
				"down": {"uv": [8.5, 4, 8.25, 4.75], "texture": "#3"}
			}
		},
		{
			"from": [7.875, 25.13938, 6.73543],
			"to": [8.125, 26.63938, 10.16043],
			"rotation": {"angle": 45, "axis": "x", "origin": [8, 25.53938, 9.32293]},
			"faces": {
				"north": {"uv": [0, 9, 0.25, 9.5], "texture": "#3"},
				"east": {"uv": [5.75, 0.75, 6.5, 1.25], "texture": "#3"},
				"south": {"uv": [0.5, 9, 0.75, 9.5], "texture": "#3"},
				"west": {"uv": [5.75, 1.5, 6.5, 2], "texture": "#3"},
				"up": {"uv": [8.5, 5.75, 8.25, 5], "texture": "#3"},
				"down": {"uv": [8.5, 6, 8.25, 6.75], "texture": "#3"}
			}
		},
		{
			"from": [7.825, 22.44781, 9.64809],
			"to": [8.175, 26.87281, 10.64809],
			"rotation": {"angle": -22.5, "axis": "x", "origin": [8, 22.28531, 10.14809]},
			"faces": {
				"north": {"uv": [7.75, 5.25, 8, 6.25], "texture": "#3"},
				"east": {"uv": [6.25, 7.75, 6.5, 8.75], "texture": "#3"},
				"south": {"uv": [7.75, 6.5, 8, 7.5], "texture": "#3"},
				"west": {"uv": [6.75, 7.75, 7, 8.75], "texture": "#3"},
				"up": {"uv": [9.75, 5.25, 9.5, 5], "texture": "#3"},
				"down": {"uv": [5.75, 9.5, 5.5, 9.75], "texture": "#3"}
			}
		},
		{
			"from": [7.85, 22.46954, 11.24975],
			"to": [8.15, 25.86954, 12.67475],
			"rotation": {"angle": -22.5, "axis": "x", "origin": [8, 22.96954, 12.08725]},
			"faces": {
				"north": {"uv": [8.25, 7, 8.5, 7.75], "texture": "#3"},
				"east": {"uv": [7.25, 8.25, 7.5, 9], "texture": "#3"},
				"south": {"uv": [7.75, 8.25, 8, 9], "texture": "#3"},
				"west": {"uv": [8.25, 8, 8.5, 8.75], "texture": "#3"},
				"up": {"uv": [9.75, 5.75, 9.5, 5.5], "texture": "#3"},
				"down": {"uv": [6.25, 9.5, 6, 9.75], "texture": "#3"}
			}
		},
		{
			"from": [7.775, 20.51821, 19.62661],
			"to": [8.225, 21.51821, 25.62661],
			"rotation": {"angle": 45, "axis": "x", "origin": [8, 21.01821, 24.12661]},
			"faces": {
				"north": {"uv": [9.5, 6, 9.75, 6.25], "texture": "#3"},
				"east": {"uv": [6, 3, 7.5, 3.25], "texture": "#3"},
				"south": {"uv": [6.5, 9.5, 6.75, 9.75], "texture": "#3"},
				"west": {"uv": [6, 3.5, 7.5, 3.75], "texture": "#3"},
				"up": {"uv": [4.5, 7.5, 4.25, 6], "texture": "#3"},
				"down": {"uv": [5, 6, 4.75, 7.5], "texture": "#3"}
			}
		}
	],
	"display": {
		"thirdperson_righthand": {
			"rotation": [-155, 0, 180],
			"translation": [0, -2.5, 0]
		},
		"thirdperson_lefthand": {
			"rotation": [-155, 0, 180],
			"translation": [0, -2.5, 0]
		},
		"firstperson_righthand": {
			"rotation": [-1, -178, 0],
			"translation": [5.5, -4.75, 0],
			"scale": [0.9, 0.9, 0.9]
		},
		"firstperson_lefthand": {
			"rotation": [-1, -178, 0],
			"translation": [5.5, -4.75, 0],
			"scale": [0.9, 0.9, 0.9]
		},
		"ground": {
			"scale": [0.3, 0.3, 0.3]
		},
		"gui": {
			"rotation": [-90, -45, -90],
			"translation": [-2.75, -3.75, 0],
			"scale": [0.5, 0.5, 0.5]
		},
		"fixed": {
			"rotation": [-90, 40.5, 90],
			"translation": [2.25, -2.75, 0],
			"scale": [0.4, 0.4, 0.4]
		}
	},
	"groups": [
		{
			"name": "handle",
			"origin": [0, 6.70179, 2.52654],
			"color": 0,
			"children": [0, 1, 2, 3, 4, 5, 6, 7, 8, 9]
		},
		{
			"name": "balde",
			"origin": [8, 21.01821, 24.12661],
			"color": 0,
			"children": [10, 11, 12, 13, 14, 15, 16, 17, 18, 19, 20, 21, 22, 23, 24, 25]
		}
	]
}