{
	"credit": "Made with Blockbench",
	"texture_size": [32, 32],
	"textures": {
		"3": "./gathering_scythe_t1"
	},
	"elements": [
		{
			"from": [7.48954, 13.00208, 6.4],
			"to": [8.98954, 25.00208, 7.9],
			"rotation": {"angle": 0, "axis": "z", "origin": [9.98954, 5.00208, 8]},
			"faces": {
				"north": {"uv": [0, 0, 1, 6], "texture": "#3"},
				"east": {"uv": [1.5, 0, 2.5, 6], "texture": "#3"},
				"south": {"uv": [3, 0, 4, 6], "texture": "#3"},
				"west": {"uv": [4.5, 0, 5.5, 6], "texture": "#3"},
				"up": {"uv": [5, 10, 4, 9], "texture": "#3"},
				"down": {"uv": [1, 11.5, 0, 12.5], "texture": "#3"}
			}
		},
		{
			"from": [7.48954, 0.83563, 6.4],
			"to": [9.08954, 2.83563, 7.9],
			"rotation": {"angle": 0, "axis": "z", "origin": [6.78954, 14.83563, 7.2]},
			"faces": {
				"north": {"uv": [1.5, 11.5, 2.5, 12.5], "texture": "#3"},
				"east": {"uv": [11.5, 2, 12.5, 3], "texture": "#3"},
				"south": {"uv": [3, 11.5, 4, 12.5], "texture": "#3"},
				"west": {"uv": [11.5, 3.5, 12.5, 4.5], "texture": "#3"},
				"up": {"uv": [5.5, 12.5, 4.5, 11.5], "texture": "#3"},
				"down": {"uv": [12.5, 5, 11.5, 6], "texture": "#3"}
			}
		},
		{
			"from": [8.89848, 5.91886, 6.4],
			"to": [10.49848, 9.91886, 7.9],
			"rotation": {"angle": 0, "axis": "z", "origin": [7.69848, 11.91886, 7.5]},
			"faces": {
				"north": {"uv": [6, 3, 7, 5], "texture": "#3"},
				"east": {"uv": [6, 5.5, 7, 7.5], "texture": "#3"},
				"south": {"uv": [0, 6.5, 1, 8.5], "texture": "#3"},
				"west": {"uv": [1.5, 6.5, 2.5, 8.5], "texture": "#3"},
				"up": {"uv": [7, 12.5, 6, 11.5], "texture": "#3"},
				"down": {"uv": [13, 6.5, 12, 7.5], "texture": "#3"}
			}
		},
		{
			"from": [7.94454, 3.12306, 6.375],
			"to": [9.54454, 7.12306, 7.875],
			"rotation": {"angle": -22.5, "axis": "z", "origin": [6.99454, 4.12306, 7.7]},
			"faces": {
				"north": {"uv": [3, 6.5, 4, 8.5], "texture": "#3"},
				"east": {"uv": [4.5, 6.5, 5.5, 8.5], "texture": "#3"},
				"south": {"uv": [7.5, 3, 8.5, 5], "texture": "#3"},
				"west": {"uv": [7.5, 5.5, 8.5, 7.5], "texture": "#3"},
				"up": {"uv": [8.5, 13, 7.5, 12], "texture": "#3"},
				"down": {"uv": [13, 8, 12, 9], "texture": "#3"}
			}
		},
		{
			"from": [8.77101, 8.7597, 6.375],
			"to": [10.37101, 12.7597, 7.875],
			"rotation": {"angle": 22.5, "axis": "z", "origin": [7.52101, 9.6597, 7.8]},
			"faces": {
				"north": {"uv": [6, 8, 7, 10], "texture": "#3"},
				"east": {"uv": [7.5, 8, 8.5, 10], "texture": "#3"},
				"south": {"uv": [0, 9, 1, 11], "texture": "#3"},
				"west": {"uv": [9, 0, 10, 2], "texture": "#3"},
				"up": {"uv": [10, 13, 9, 12], "texture": "#3"},
				"down": {"uv": [13, 9.5, 12, 10.5], "texture": "#3"}
			}
		},
		{
			"from": [8.98954, 23.00208, 6.75],
			"to": [13.98954, 24.00208, 7.55],
			"rotation": {"angle": 0, "axis": "z", "origin": [9.98954, 5.00208, 7.15]},
			"faces": {
				"north": {"uv": [9, 7, 11.5, 7.5], "texture": "#3"},
				"east": {"uv": [14.5, 11, 15, 11.5], "texture": "#3"},
				"south": {"uv": [9, 8, 11.5, 8.5], "texture": "#3"},
				"west": {"uv": [1, 15, 1.5, 15.5], "texture": "#3"},
				"up": {"uv": [11.5, 9.5, 9, 9], "texture": "#3"},
				"down": {"uv": [11.5, 10, 9, 10.5], "texture": "#3"}
			}
		},
		{
			"from": [8.98954, 20.00208, 6.95],
			"to": [12.98954, 21.00208, 7.35],
			"rotation": {"angle": 0, "axis": "z", "origin": [9.98954, 5.00208, 7.15]},
			"faces": {
				"north": {"uv": [10.5, 12, 12.5, 12.5], "texture": "#3"},
				"east": {"uv": [2, 15, 2.5, 15.5], "texture": "#3"},
				"south": {"uv": [0, 13, 2, 13.5], "texture": "#3"},
				"west": {"uv": [3, 15, 3.5, 15.5], "texture": "#3"},
				"up": {"uv": [15, 2.5, 13, 2], "texture": "#3"},
				"down": {"uv": [4.5, 13, 2.5, 13.5], "texture": "#3"}
			}
		},
		{
			"from": [13.66488, 22.36992, 6.85],
			"to": [16.66488, 23.46992, 7.45],
			"rotation": {"angle": -22.5, "axis": "z", "origin": [15.16488, 22.91992, 7.15]},
			"faces": {
				"north": {"uv": [10.5, 13, 12, 13.5], "texture": "#3"},
				"east": {"uv": [4, 15, 4.5, 15.5], "texture": "#3"},
				"south": {"uv": [13, 12, 14.5, 12.5], "texture": "#3"},
				"west": {"uv": [5, 15, 5.5, 15.5], "texture": "#3"},
				"up": {"uv": [14, 13.5, 12.5, 13], "texture": "#3"},
				"down": {"uv": [15, 0, 13.5, 0.5], "texture": "#3"}
			}
		},
		{
			"from": [13.81293, 19.14156, 6.95],
			"to": [16.81293, 20.24156, 7.35],
			"rotation": {"angle": -22.5, "axis": "z", "origin": [15.31293, 22.69156, 7.05]},
			"faces": {
				"north": {"uv": [13.5, 1, 15, 1.5], "texture": "#3"},
				"east": {"uv": [6, 15, 6.5, 15.5], "texture": "#3"},
				"south": {"uv": [13.5, 6, 15, 6.5], "texture": "#3"},
				"west": {"uv": [15, 12, 15.5, 12.5], "texture": "#3"},
				"up": {"uv": [15, 7.5, 13.5, 7], "texture": "#3"},
				"down": {"uv": [9, 13.5, 7.5, 14], "texture": "#3"}
			}
		},
		{
			"from": [16.11473, 21.29337, 6.9],
			"to": [18.11473, 22.29337, 7.4],
			"rotation": {"angle": -45, "axis": "z", "origin": [17.11473, 21.79337, 7.05]},
			"faces": {
				"north": {"uv": [1, 14, 2, 14.5], "texture": "#3"},
				"east": {"uv": [15.5, 0, 16, 0.5], "texture": "#3"},
				"south": {"uv": [2.5, 14, 3.5, 14.5], "texture": "#3"},
				"west": {"uv": [15.5, 1, 16, 1.5], "texture": "#3"},
				"up": {"uv": [5, 14.5, 4, 14], "texture": "#3"},
				"down": {"uv": [6.5, 14, 5.5, 14.5], "texture": "#3"}
			}
		},
		{
			"from": [17.16278, 17.36437, 6.95],
			"to": [22.26278, 18.36437, 7.35],
			"rotation": {"angle": -45, "axis": "z", "origin": [18.26278, 20.86437, 6.95]},
			"faces": {
				"north": {"uv": [10.5, 0, 13, 0.5], "texture": "#3"},
				"east": {"uv": [15.5, 2, 16, 2.5], "texture": "#3"},
				"south": {"uv": [10.5, 1, 13, 1.5], "texture": "#3"},
				"west": {"uv": [15.5, 3, 16, 3.5], "texture": "#3"},
				"up": {"uv": [4, 11, 1.5, 10.5], "texture": "#3"},
				"down": {"uv": [7, 10.5, 4.5, 11], "texture": "#3"}
			}
		},
		{
			"from": [17.78748, 18.36266, 7],
			"to": [18.78748, 21.36266, 7.3],
			"rotation": {"angle": 22.5, "axis": "z", "origin": [18.28748, 19.86266, 6.95]},
			"faces": {
				"north": {"uv": [13.5, 8, 14, 9.5], "texture": "#3"},
				"east": {"uv": [9.5, 13.5, 10, 15], "texture": "#3"},
				"south": {"uv": [13.5, 10, 14, 11.5], "texture": "#3"},
				"west": {"uv": [0, 14, 0.5, 15.5], "texture": "#3"},
				"up": {"uv": [16, 4.5, 15.5, 4], "texture": "#3"},
				"down": {"uv": [16, 5, 15.5, 5.5], "texture": "#3"}
			}
		},
		{
			"from": [18.32344, 16.26818, 7],
			"to": [19.32344, 18.66818, 7.3],
			"rotation": {"angle": 0, "axis": "z", "origin": [19.82344, 17.16818, 6.95]},
			"faces": {
				"north": {"uv": [10.5, 14, 11, 15], "texture": "#3"},
				"east": {"uv": [11.5, 14, 12, 15], "texture": "#3"},
				"south": {"uv": [12.5, 14, 13, 15], "texture": "#3"},
				"west": {"uv": [13.5, 14, 14, 15], "texture": "#3"},
				"up": {"uv": [16, 6.5, 15.5, 6], "texture": "#3"},
				"down": {"uv": [16, 7, 15.5, 7.5], "texture": "#3"}
			}
		},
		{
			"from": [9, 21, 6.85],
			"to": [13, 23, 7.45],
			"rotation": {"angle": 0, "axis": "y", "origin": [0, 0, -0.85]},
			"faces": {
				"north": {"uv": [1.5, 9, 3.5, 10], "texture": "#3"},
				"east": {"uv": [7, 14.5, 7.5, 15.5], "texture": "#3"},
				"south": {"uv": [9, 2.5, 11, 3.5], "texture": "#3"},
				"west": {"uv": [8, 14.5, 8.5, 15.5], "texture": "#3"},
				"up": {"uv": [15, 3.5, 13, 3], "texture": "#3"},
				"down": {"uv": [15, 4, 13, 4.5], "texture": "#3"}
			}
		},
		{
			"from": [11.98744, 20.50522, 6.95],
			"to": [16.48744, 22.60522, 7.35],
			"rotation": {"angle": -22.5, "axis": "z", "origin": [14.48744, 22.00522, 7.15]},
			"faces": {
				"north": {"uv": [6, 0, 8.5, 1], "texture": "#3"},
				"east": {"uv": [14.5, 8, 15, 9], "texture": "#3"},
				"south": {"uv": [6, 1.5, 8.5, 2.5], "texture": "#3"},
				"west": {"uv": [14.5, 9.5, 15, 10.5], "texture": "#3"},
				"up": {"uv": [10, 11.5, 7.5, 11], "texture": "#3"},
				"down": {"uv": [13, 11, 10.5, 11.5], "texture": "#3"}
			}
		},
		{
			"from": [15.6, 21.2, 7.05],
			"to": [19.6, 23.3, 7.25],
			"rotation": {"angle": -45, "axis": "z", "origin": [14.5, 22, 7.15]},
			"faces": {
				"north": {"uv": [9, 4, 11, 5], "texture": "#3"},
				"east": {"uv": [14.5, 13, 15, 14], "texture": "#3"},
				"south": {"uv": [9, 5.5, 11, 6.5], "texture": "#3"},
				"west": {"uv": [14.5, 14.5, 15, 15.5], "texture": "#3"},
				"up": {"uv": [7, 13.5, 5, 13], "texture": "#3"},
				"down": {"uv": [15, 5, 13, 5.5], "texture": "#3"}
			}
		},
		{
			"from": [19.6, 21.2, 7.05],
			"to": [20.6, 22.3, 7.25],
			"rotation": {"angle": -45, "axis": "z", "origin": [14.5, 22, 7.15]},
			"faces": {
				"north": {"uv": [15.5, 8, 16, 8.5], "texture": "#3"},
				"east": {"uv": [9, 15.5, 9.5, 16], "texture": "#3"},
				"south": {"uv": [15.5, 9, 16, 9.5], "texture": "#3"},
				"west": {"uv": [10, 15.5, 10.5, 16], "texture": "#3"},
				"up": {"uv": [16, 10.5, 15.5, 10], "texture": "#3"},
				"down": {"uv": [11.5, 15.5, 11, 16], "texture": "#3"}
			}
		}
	],
	"display": {
		"thirdperson_righthand": {
			"rotation": [-0.25, 90, 0],
			"translation": [1, -2, 2],
			"scale": [1.2, 1.2, 1.2]
		},
		"thirdperson_lefthand": {
			"rotation": [-2.5, -90, 0],
			"translation": [-1, -2, 2],
			"scale": [1.2, 1.2, 1.2]
		},
		"firstperson_righthand": {
			"rotation": [168.5, 84.25, -180],
			"translation": [4.75, -2.25, 1]
		},
		"firstperson_lefthand": {
			"rotation": [168.5, -84.25, -180],
			"translation": [4.75, -2.25, 1]
		},
		"ground": {
			"translation": [0, 2, 0],
			"scale": [0.5, 0.5, 0.5]
		},
		"gui": {
			"rotation": [-176.94, -0.65, -133.26],
			"translation": [-1.75, -3.75, 0],
			"scale": [0.625, 0.625, 0.625]
		},
		"fixed": {
			"rotation": [0, 0, 51],
			"translation": [2.25, -3.25, 0],
			"scale": [0.6, 0.6, 0.6]
		}
	},
	"groups": [
		{
			"name": "handle",
			"origin": [7.52893, 9.77122, 7.9],
			"color": 0,
			"children": [0, 1, 2, 3, 4]
		},
		{
			"name": "blade_trim",
			"origin": [8, 8, 8],
			"color": 0,
			"children": [5, 6, 7, 8, 9, 10, 11, 12]
		},
		{
			"name": "blade",
			"origin": [14.5, 22, 8],
			"color": 0,
			"children": [13, 14, 15, 16]
		}
	]
}