{
	"credit": "Made with Blockbench",
	"texture_size": [64, 64],
	"textures": {
		"0": "wynn/spell/ice_snake_0",
		"particle": "wynn/spell/ice_snake_0"
	},
	"elements": [
		{
			"from": [-3, 4, 8],
			"to": [19, 24, 8.01],
			"rotation": {"angle": 0, "axis": "y", "origin": [8, 16, 8]},
			"faces": {
				"north": {"uv": [0, 0, 6, 6], "texture": "#0"},
				"south": {"uv": [6, 0, 0, 6], "texture": "#0", "cullface": "south"}
			}
		},
		{
			"from": [8, 4, -3],
			"to": [8.01, 24, 19],
			"rotation": {"angle": 0, "axis": "y", "origin": [8, 16, 8]},
			"faces": {
				"east": {"uv": [12, 6, 6, 12], "texture": "#0"},
				"west": {"uv": [6, 6, 12, 12], "texture": "#0"}
			}
		},
		{
			"from": [8, 4, -3],
			"to": [8.01, 24, 19],
			"rotation": {"angle": 45, "axis": "y", "origin": [8, 16, 8]},
			"faces": {
				"east": {"uv": [0, 6, 6, 12], "texture": "#0"},
				"west": {"uv": [6, 6, 0, 12], "texture": "#0"}
			}
		},
		{
			"from": [8, 4, -3],
			"to": [8.01, 24, 19],
			"rotation": {"angle": -45, "axis": "y", "origin": [8, 16, 8]},
			"faces": {
				"east": {"uv": [12, 0, 6, 6], "texture": "#0"},
				"west": {"uv": [6, 0, 12, 6], "texture": "#0"}
			}
		},
		{
			"from": [8, -16, -3],
			"to": [8.01, 4, 19],
			"rotation": {"angle": -45, "axis": "y", "origin": [8, 4, 8]},
			"faces": {
				"east": {"uv": [0, 6, 6, 0], "texture": "#0"},
				"west": {"uv": [6, 6, 0, 0], "texture": "#0"}
			}
		},
		{
			"from": [-3, -16, 8],
			"to": [19, 4, 8.01],
			"rotation": {"angle": -45, "axis": "y", "origin": [8, 4, 8]},
			"faces": {
				"north": {"uv": [6, 12, 12, 6], "texture": "#0", "cullface": "south"},
				"south": {"uv": [12, 12, 6, 6], "texture": "#0"}
			}
		},
		{
			"from": [-3, -16, 8],
			"to": [19, 4, 8.01],
			"rotation": {"angle": 0, "axis": "y", "origin": [8, 4, 8]},
			"faces": {
				"north": {"uv": [6, 12, 0, 6], "texture": "#0", "cullface": "south"},
				"south": {"uv": [0, 12, 6, 6], "texture": "#0"}
			}
		},
		{
			"from": [8, -16, -3],
			"to": [8.01, 4, 19],
			"rotation": {"angle": 0, "axis": "y", "origin": [8, 4, 8]},
			"faces": {
				"east": {"uv": [6, 6, 12, 0], "texture": "#0"},
				"west": {"uv": [12, 6, 6, 0], "texture": "#0"}
			}
		}
	],
	"display": {
		"head": {
			"translation": [0, -39.25, 0],
			"scale": [1.4, 0.7, 1.4]
		}
	}
}