{
    "variants": {
        "": [ { "model": "block/mushrooms/brown_mushroom1", "weight":1 }
,{ "model": "block/mushrooms/brown_mushroom1", "weight":1, "y": 90 }
,{ "model": "block/mushrooms/brown_mushroom1", "weight":1, "y": 180 }
,{ "model": "block/mushrooms/brown_mushroom1", "weight":1, "y": 270 }
,{ "model": "block/mushrooms/brown_mushroom2", "weight":1 }
,{ "model": "block/mushrooms/brown_mushroom2", "weight":1, "y": 90 }
,{ "model": "block/mushrooms/brown_mushroom2", "weight":1, "y": 180 }
,{ "model": "block/mushrooms/brown_mushroom2", "weight":1, "y": 270 }
,{ "model": "block/mushrooms/brown_mushroom3", "weight":1 }
,{ "model": "block/mushrooms/brown_mushroom3", "weight":1, "y": 90 }
,{ "model": "block/mushrooms/brown_mushroom3", "weight":1, "y": 180 }
,{ "model": "block/mushrooms/brown_mushroom3", "weight":1, "y": 270 }
 ]   }
}