{
    "variants": {
        "": [ { "model": "block/cactus/cactus1", "weight":1 }
,{ "model": "block/cactus/cactus1", "weight":1, "y": 90 }
,{ "model": "block/cactus/cactus1", "weight":1, "y": 180 }
,{ "model": "block/cactus/cactus1", "weight":1, "y": 270 }
,{ "model": "block/cactus/cactus2", "weight":1 }
,{ "model": "block/cactus/cactus2", "weight":1, "y": 90 }
,{ "model": "block/cactus/cactus2", "weight":1, "y": 180 }
,{ "model": "block/cactus/cactus2", "weight":1, "y": 270 }
,{ "model": "block/cactus/cactus3", "weight":1 }
,{ "model": "block/cactus/cactus3", "weight":1, "y": 90 }
,{ "model": "block/cactus/cactus3", "weight":1, "y": 180 }
,{ "model": "block/cactus/cactus3", "weight":1, "y": 270 }
 ]   }
}