{
    "variants": {
        "": [ { "model": "block/lily_pads/lily_pad1", "weight":1 }
,{ "model": "block/lily_pads/lily_pad1", "weight":1, "y": 90 }
,{ "model": "block/lily_pads/lily_pad1", "weight":1, "y": 180 }
,{ "model": "block/lily_pads/lily_pad1", "weight":1, "y": 270 }
,{ "model": "block/lily_pads/lily_pad2p", "weight":1 }
,{ "model": "block/lily_pads/lily_pad2p", "weight":1, "y": 90 }
,{ "model": "block/lily_pads/lily_pad2p", "weight":1, "y": 180 }
,{ "model": "block/lily_pads/lily_pad2p", "weight":1, "y": 270 }
,{ "model": "block/lily_pads/lily_pad2w", "weight":1 }
,{ "model": "block/lily_pads/lily_pad2w", "weight":1, "y": 90 }
,{ "model": "block/lily_pads/lily_pad2w", "weight":1, "y": 180 }
,{ "model": "block/lily_pads/lily_pad2w", "weight":1, "y": 270 }
,{ "model": "block/lily_pads/lily_pad3", "weight":1 }
,{ "model": "block/lily_pads/lily_pad3", "weight":1, "y": 90 }
,{ "model": "block/lily_pads/lily_pad3", "weight":1, "y": 180 }
,{ "model": "block/lily_pads/lily_pad3", "weight":1, "y": 270 }
 ]   }
}