{
    "variants": {
        "": [ { "model": "block/flowers/orange_tulip1", "weight":1 }
,{ "model": "block/flowers/orange_tulip1", "weight":1, "y": 90 }
,{ "model": "block/flowers/orange_tulip1", "weight":1, "y": 180 }
,{ "model": "block/flowers/orange_tulip1", "weight":1, "y": 270 }
,{ "model": "block/flowers/orange_tulip2", "weight":1 }
,{ "model": "block/flowers/orange_tulip2", "weight":1, "y": 90 }
,{ "model": "block/flowers/orange_tulip2", "weight":1, "y": 180 }
,{ "model": "block/flowers/orange_tulip2", "weight":1, "y": 270 }
 ]   }
}