{
	"credit": "Made by Raycifer",
	"textures": {
		"0": "./corkian_simulator",
		"1": "./corkian_simulator_middle",
		"2": "./corkian_simulator_lightning",
		"particle": "./corkian_simulator_middle"
	},
	"elements": [
		{
			"from": [5, 0, 5],
			"to": [11, 6, 11],
			"rotation": {"angle": 0, "axis": "y", "origin": [5, 0, 5]},
			"faces": {
				"north": {"uv": [0, 0, 16, 16], "texture": "#1"},
				"east": {"uv": [0, 16, 16, 0], "texture": "#1"},
				"south": {"uv": [16, 16, 0, 0], "texture": "#1"},
				"west": {"uv": [0, 0, 16, 16], "texture": "#1"},
				"up": {"uv": [0, 16, 16, 0], "texture": "#1"},
				"down": {"uv": [0, 16, 16, 0], "texture": "#1"}
			}
		},
		{
			"from": [4.5, 6.5, 4.5],
			"to": [11.5, -0.5, 11.5],
			"rotation": {"angle": 0, "axis": "y", "origin": [7.5, 0, 7.5]},
			"faces": {
				"north": {"uv": [0, 16, 7, 9], "texture": "#0"},
				"east": {"uv": [0, 16, 7, 9], "texture": "#0"},
				"south": {"uv": [0, 16, 7, 9], "texture": "#0"},
				"west": {"uv": [0, 16, 7, 9], "texture": "#0"},
				"up": {"uv": [0, 9, 7, 16], "texture": "#0"},
				"down": {"uv": [0, 9, 7, 16], "texture": "#0"}
			}
		},
		{
			"from": [0, -0.5, 4.5],
			"to": [0.001, 6.5, 11.5],
			"faces": {
				"north": {"uv": [16, 9, 16, 16], "texture": "#0"},
				"east": {"uv": [14, 9, 7, 16], "texture": "#0"},
				"south": {"uv": [0, 0, 0, 3.5], "texture": "#0"},
				"west": {"uv": [7, 9, 14, 16], "texture": "#0"},
				"up": {"uv": [0, 0, 0, 3.5], "texture": "#0"},
				"down": {"uv": [0, 0, 0, 3.5], "texture": "#0"}
			}
		},
		{
			"from": [0.5, -1.5, 3.5],
			"to": [3.5, 7.5, 12.5],
			"rotation": {"angle": 0, "axis": "y", "origin": [6.5, 0, 4]},
			"faces": {
				"north": {"uv": [8, 0, 11, 9], "texture": "#0"},
				"east": {"uv": [0, 0, 9, 9], "texture": "#0"},
				"south": {"uv": [8, 0, 11, 9], "texture": "#0"},
				"west": {"uv": [0, 0, 9, 9], "texture": "#0"},
				"up": {"uv": [8, 0, 11, 9], "texture": "#0"},
				"down": {"uv": [8, 0, 11, 9], "texture": "#0"}
			}
		},
		{
			"from": [16, -0.5, 4.5],
			"to": [16.001, 6.5, 11.5],
			"rotation": {"angle": 0, "axis": "y", "origin": [16, 0, 0]},
			"faces": {
				"north": {"uv": [16, 9, 16, 16], "texture": "#0"},
				"east": {"uv": [14, 9, 7, 16], "texture": "#0"},
				"south": {"uv": [0, 0, 0, 3.5], "texture": "#0"},
				"west": {"uv": [7, 9, 14, 16], "texture": "#0"},
				"up": {"uv": [0, 0, 0, 3.5], "texture": "#0"},
				"down": {"uv": [0, 0, 0, 3.5], "texture": "#0"}
			}
		},
		{
			"from": [12.5, -1.5, 3.5],
			"to": [15.5, 7.5, 12.5],
			"rotation": {"angle": 0, "axis": "y", "origin": [9.5, 0, 4]},
			"faces": {
				"north": {"uv": [11, 0, 8, 9], "texture": "#0"},
				"east": {"uv": [9, 0, 0, 9], "texture": "#0"},
				"south": {"uv": [11, 0, 8, 9], "texture": "#0"},
				"west": {"uv": [9, 0, 0, 9], "texture": "#0"},
				"up": {"uv": [11, 0, 8, 9], "texture": "#0"},
				"down": {"uv": [11, 0, 8, 9], "texture": "#0"}
			}
		},
		{
			"from": [4, -1, 12],
			"to": [12, 7, 4],
			"rotation": {"angle": 0, "axis": "y", "origin": [4, 0, 12]},
			"faces": {
				"north": {"uv": [11, 0, 16, 5], "texture": "#0"},
				"east": {"uv": [11, 0, 16, 5], "texture": "#0"},
				"south": {"uv": [11, 0, 16, 5], "texture": "#0"},
				"west": {"uv": [11, 0, 16, 5], "texture": "#0"},
				"up": {"uv": [11, 0, 16, 5], "texture": "#0"},
				"down": {"uv": [11, 0, 16, 5], "texture": "#0"}
			}
		},
		{
			"from": [3.5, 0.5, 3.75],
			"to": [12.5, 5.5, 3.751],
			"faces": {
				"north": {"uv": [0, 1.77778, 16, 10.66667], "texture": "#2"},
				"east": {"uv": [0, 0, 0, 9], "texture": "#2"},
				"south": {"uv": [16, 1.77778, 0, 10.66667], "texture": "#2"},
				"west": {"uv": [0, 0, 0, 9], "texture": "#2"},
				"up": {"uv": [0, 0, 9, 0], "texture": "#2"},
				"down": {"uv": [0, 0, 9, 0], "texture": "#2"}
			}
		},
		{
			"from": [3.5, 0.5, 12.25],
			"to": [12.5, 5.5, 12.251],
			"faces": {
				"north": {"uv": [0, 1.77778, 16, 10.66667], "texture": "#2"},
				"east": {"uv": [0, 0, 0, 9], "texture": "#2"},
				"south": {"uv": [16, 1.77778, 0, 10.66667], "texture": "#2"},
				"west": {"uv": [0, 0, 0, 9], "texture": "#2"},
				"up": {"uv": [0, 0, 9, 0], "texture": "#2"},
				"down": {"uv": [0, 0, 9, 0], "texture": "#2"}
			}
		},
		{
			"from": [3.5, 7.25, 5.5],
			"to": [12.5, 7.251, 10.5],
			"rotation": {"angle": 0, "axis": "y", "origin": [1.5, 0, 11.5]},
			"faces": {
				"north": {"uv": [0, 0, 9, 0], "texture": "#2"},
				"east": {"uv": [0, 0, 5, 0], "texture": "#2"},
				"south": {"uv": [0, 0, 9, 0], "texture": "#2"},
				"west": {"uv": [0, 0, 5, 0], "texture": "#2"},
				"up": {"uv": [0, 1.77778, 16, 10.77778], "texture": "#2"},
				"down": {"uv": [0, 10.77778, 16, 1.77778], "texture": "#2"}
			}
		},
		{
			"from": [3.5, -1.25, 5.5],
			"to": [12.5, -1.249, 10.5],
			"rotation": {"angle": 0, "axis": "y", "origin": [1.5, 0, 11.5]},
			"faces": {
				"north": {"uv": [0, 0, 9, 0], "texture": "#2"},
				"east": {"uv": [0, 0, 5, 0], "texture": "#2"},
				"south": {"uv": [0, 0, 9, 0], "texture": "#2"},
				"west": {"uv": [0, 0, 5, 0], "texture": "#2"},
				"up": {"uv": [0, 1.77778, 16, 10.77778], "texture": "#2"},
				"down": {"uv": [0, 10.77778, 16, 1.77778], "texture": "#2"}
			}
		}
	],
	"display": {
		"thirdperson_righthand": {
			"translation": [0, 3.25, 0],
			"scale": [0.5, 0.5, 0.5]
		},
		"thirdperson_lefthand": {
			"translation": [0, 3.25, 0],
			"scale": [0.5, 0.5, 0.5]
		},
		"firstperson_righthand": {
			"rotation": [0, -70, 0],
			"translation": [0.25, 5.75, 0],
			"scale": [0.5, 0.5, 0.5]
		},
		"firstperson_lefthand": {
			"rotation": [0, -70, 0],
			"translation": [0.25, 5.75, 0],
			"scale": [0.5, 0.5, 0.5]
		},
		"ground": {
			"rotation": [0, 0, 45],
			"translation": [0, 3.25, 0],
			"scale": [0.5, 0.5, 0.5]
		},
		"gui": {
			"rotation": [22.5, -45, 0],
			"translation": [0, 4.5, 0]
		},
		"fixed": {
			"translation": [0, 5, 0]
		}
	},
	"groups": [
		0,
		1,
		{
			"name": "group",
			"origin": [6.5, 0, 4],
			"color": 0,
			"children": [2, 3]
		},
		{
			"name": "group",
			"origin": [6.5, 0, 4],
			"color": 0,
			"children": [4, 5]
		},
		6,
		7,
		8,
		9,
		10
	]
}