{
	"credit": "Made with Blockbench",
	"texture_size": [64, 64],
	"textures": {
		"1": "block/lily_pads/lily_pad1",
		"particle": "block/lily_pads/lily_pad1"
	},
	"elements": [
		{
			"from": [0, 0, 0],
			"to": [16, 0, 16],
			"faces": {
				"north": {"uv": [8, 4.75, 12, 4.75], "texture": "#1"},
				"east": {"uv": [8, 5, 12, 5], "texture": "#1"},
				"south": {"uv": [8, 5.25, 12, 5.25], "texture": "#1"},
				"west": {"uv": [8, 5.5, 12, 5.5], "texture": "#1"},
				"up": {"uv": [4, 4, 0, 0], "texture": "#1"},
				"down": {"uv": [4, 4.25, 0, 8.25], "texture": "#1"}
			}
		},
		{
			"from": [2.5, -10, 6.5],
			"to": [12.5, 0, 6.5],
			"rotation": {"angle": -22.5, "axis": "y", "origin": [6.5, -5, 6.5]},
			"faces": {
				"north": {"uv": [4.25, 0, 6.75, 2.5], "texture": "#1"},
				"east": {"uv": [8, 5.75, 8, 8.25], "texture": "#1"},
				"south": {"uv": [4.25, 2.75, 6.75, 5.25], "texture": "#1"},
				"west": {"uv": [4.25, 8.25, 4.25, 10.75], "texture": "#1"},
				"up": {"uv": [10.75, 5.75, 8.25, 5.75], "texture": "#1"},
				"down": {"uv": [10.75, 6, 8.25, 6], "texture": "#1"}
			}
		},
		{
			"from": [7, -10, 2],
			"to": [7, 0, 12],
			"rotation": {"angle": -22.5, "axis": "y", "origin": [6, -5, 7]},
			"faces": {
				"north": {"uv": [4.5, 8.25, 4.5, 10.75], "texture": "#1"},
				"east": {"uv": [4.25, 5.5, 6.75, 8], "texture": "#1"},
				"south": {"uv": [4.75, 8.25, 4.75, 10.75], "texture": "#1"},
				"west": {"uv": [7, 0, 9.5, 2.5], "texture": "#1"},
				"up": {"uv": [5, 10.75, 5, 8.25], "texture": "#1"},
				"down": {"uv": [5.25, 8.25, 5.25, 10.75], "texture": "#1"}
			}
		},
		{
			"from": [10.5, -7, 12.5],
			"to": [13.5, 0, 12.5],
			"rotation": {"angle": 0, "axis": "y", "origin": [12, -3.5, 12.5]},
			"faces": {
				"north": {"uv": [7, 2.75, 7.75, 4.5], "texture": "#1"},
				"east": {"uv": [5.5, 8.25, 5.5, 10], "texture": "#1"},
				"south": {"uv": [7, 4.75, 7.75, 6.5], "texture": "#1"},
				"west": {"uv": [5.75, 8.25, 5.75, 10], "texture": "#1"},
				"up": {"uv": [6.75, 8.25, 6, 8.25], "texture": "#1"},
				"down": {"uv": [9, 6.25, 8.25, 6.25], "texture": "#1"}
			}
		},
		{
			"from": [12, -7, 11],
			"to": [12, 0, 14],
			"faces": {
				"north": {"uv": [8.25, 6.5, 8.25, 8.25], "texture": "#1"},
				"east": {"uv": [7, 6.75, 7.75, 8.5], "texture": "#1"},
				"south": {"uv": [0, 8.5, 0, 10.25], "texture": "#1"},
				"west": {"uv": [8, 2.75, 8.75, 4.5], "texture": "#1"},
				"up": {"uv": [0.25, 9.25, 0.25, 8.5], "texture": "#1"},
				"down": {"uv": [0.5, 8.5, 0.5, 9.25], "texture": "#1"}
			}
		}
	],
	"groups": [
		{
			"name": "lily_pad1",
			"origin": [0, 0, 0],
			"color": 0,
			"children": [0, 1, 2, 3, 4]
		}
	]
}