{
	"credit": "Made with Blockbench",
	"parent": "block/block",
	"ambientocclusion": false,
	"textures": {
		"0": "block/cactus/cactus_top",
		"1": "block/cactus/cactus_bottom",
		"2": "block/cactus/cactus_side",
		"4": "block/cactus/cactus_flower1",
		"particle": "block/cactus/cactus_top"
	},
	"elements": [
		{
			"from": [0, 0, 0],
			"to": [16, 16, 16],
			"faces": {
				"up": {"uv": [0, 0, 16, 16], "texture": "#0", "cullface": "up"},
				"down": {"uv": [0, 0, 16, 16], "texture": "#1", "cullface": "down"}
			}
		},
		{
			"from": [0, 0, 1],
			"to": [16, 16, 15],
			"faces": {
				"north": {"uv": [0, 0, 16, 16], "texture": "#2"},
				"south": {"uv": [0, 0, 16, 16], "texture": "#2"}
			}
		},
		{
			"from": [1, 0, 0],
			"to": [15, 16, 16],
			"faces": {
				"east": {"uv": [0, 0, 16, 16], "texture": "#2"},
				"west": {"uv": [0, 0, 16, 16], "texture": "#2"}
			}
		},
		{
			"from": [8.6, 8.91009, 15.36498],
			"to": [11.6, 11.91009, 15.36498],
			"rotation": {"angle": 22.5, "axis": "x", "origin": [9.7, 10.25, 17.29425]},
			"faces": {
				"north": {"uv": [0, 0, 3, 3], "texture": "#4"},
				"east": {"uv": [0, 0, 0, 3], "texture": "#4"},
				"south": {"uv": [0, 3, 3, 6], "texture": "#4"},
				"west": {"uv": [0, 0, 0, 3], "texture": "#4"},
				"up": {"uv": [3, 0, 0, 0], "texture": "#4"},
				"down": {"uv": [3, 0, 0, 0], "texture": "#4"}
			}
		},
		{
			"from": [8.6, 7.66674, 14.98159],
			"to": [11.6, 10.66674, 14.98159],
			"rotation": {"angle": -22.5, "axis": "x", "origin": [9.7, 10.25, 17.29425]},
			"faces": {
				"north": {"uv": [3, 0, 6, 3], "texture": "#4"},
				"east": {"uv": [0, 0, 0, 3], "texture": "#4"},
				"south": {"uv": [3, 3, 6, 6], "texture": "#4"},
				"west": {"uv": [0, 0, 0, 3], "texture": "#4"},
				"up": {"uv": [3, 0, 0, 0], "texture": "#4"},
				"down": {"uv": [3, 0, 0, 0], "texture": "#4"}
			}
		},
		{
			"from": [9.94814, 8.25, 15.76444],
			"to": [12.94814, 11.25, 15.76444],
			"rotation": {"angle": -22.5, "axis": "y", "origin": [11.94814, 8.25, 15.76444]},
			"faces": {
				"north": {"uv": [0, 6, 3, 9], "texture": "#4"},
				"east": {"uv": [0, 0, 0, 3], "texture": "#4"},
				"south": {"uv": [6, 0, 9, 3], "texture": "#4"},
				"west": {"uv": [0, 0, 0, 3], "texture": "#4"},
				"up": {"uv": [3, 0, 0, 0], "texture": "#4"},
				"down": {"uv": [3, 0, 0, 0], "texture": "#4"}
			}
		},
		{
			"from": [7.25262, 8.25, 15.76444],
			"to": [10.25262, 11.25, 15.76444],
			"rotation": {"angle": 22.5, "axis": "y", "origin": [8.25262, 8.25, 15.76444]},
			"faces": {
				"north": {"uv": [3, 6, 6, 9], "texture": "#4"},
				"east": {"uv": [0, 0, 0, 3], "texture": "#4"},
				"south": {"uv": [6, 3, 9, 6], "texture": "#4"},
				"west": {"uv": [0, 0, 0, 3], "texture": "#4"},
				"up": {"uv": [3, 0, 0, 0], "texture": "#4"},
				"down": {"uv": [3, 0, 0, 0], "texture": "#4"}
			}
		},
		{
			"from": [9.6, 9.25, 15],
			"to": [10.6, 10.25, 15.5],
			"rotation": {"angle": 0, "axis": "y", "origin": [8.6, 9, 23]},
			"faces": {
				"north": {"uv": [12, 12, 13, 13], "texture": "#4"},
				"east": {"uv": [12, 13, 13, 14], "texture": "#4"},
				"south": {"uv": [13, 12, 14, 13], "texture": "#4"},
				"west": {"uv": [13, 13, 14, 14], "texture": "#4"},
				"up": {"uv": [13, 15, 12, 14], "texture": "#4"},
				"down": {"uv": [15, 12, 14, 13], "texture": "#4"}
			}
		},
		{
			"from": [2.5, 4.75, 1],
			"to": [5.5, 7.75, 1],
			"rotation": {"angle": -22.5, "axis": "x", "origin": [3.5, 4.75, 1]},
			"faces": {
				"north": {"uv": [6, 6, 9, 9], "texture": "#4"},
				"east": {"uv": [0, 0, 0, 3], "texture": "#4"},
				"south": {"uv": [0, 9, 3, 12], "texture": "#4"},
				"west": {"uv": [0, 0, 0, 3], "texture": "#4"},
				"up": {"uv": [3, 0, 0, 0], "texture": "#4"},
				"down": {"uv": [3, 0, 0, 0], "texture": "#4"}
			}
		},
		{
			"from": [2.5, 1.97836, -0.14805],
			"to": [5.5, 4.97836, -0.14805],
			"rotation": {"angle": 22.5, "axis": "x", "origin": [-3.5, 1.97836, -0.14805]},
			"faces": {
				"north": {"uv": [9, 0, 12, 3], "texture": "#4"},
				"east": {"uv": [0, 0, 0, 3], "texture": "#4"},
				"south": {"uv": [3, 9, 6, 12], "texture": "#4"},
				"west": {"uv": [0, 0, 0, 3], "texture": "#4"},
				"up": {"uv": [3, 0, 0, 0], "texture": "#4"},
				"down": {"uv": [3, 0, 0, 0], "texture": "#4"}
			}
		},
		{
			"from": [3.94776, 3.25, 0.23463],
			"to": [6.94776, 6.25, 0.23463],
			"rotation": {"angle": 22.5, "axis": "y", "origin": [5.94776, 3.25, 0.23463]},
			"faces": {
				"north": {"uv": [9, 3, 12, 6], "texture": "#4"},
				"east": {"uv": [0, 0, 0, 3], "texture": "#4"},
				"south": {"uv": [6, 9, 9, 12], "texture": "#4"},
				"west": {"uv": [0, 0, 0, 3], "texture": "#4"},
				"up": {"uv": [3, 0, 0, 0], "texture": "#4"},
				"down": {"uv": [3, 0, 0, 0], "texture": "#4"}
			}
		},
		{
			"from": [1.25224, 3.25, 0.23463],
			"to": [4.25224, 6.25, 0.23463],
			"rotation": {"angle": -22.5, "axis": "y", "origin": [2.25224, 3.25, 0.23463]},
			"faces": {
				"north": {"uv": [9, 6, 12, 9], "texture": "#4"},
				"east": {"uv": [0, 0, 0, 3], "texture": "#4"},
				"south": {"uv": [9, 9, 12, 12], "texture": "#4"},
				"west": {"uv": [0, 0, 0, 3], "texture": "#4"},
				"up": {"uv": [3, 0, 0, 0], "texture": "#4"},
				"down": {"uv": [3, 0, 0, 0], "texture": "#4"}
			}
		},
		{
			"from": [3.6, 4.25, 0.5],
			"to": [4.6, 5.25, 1],
			"rotation": {"angle": 0, "axis": "y", "origin": [2.6, 3, 9]},
			"faces": {
				"north": {"uv": [13, 14, 14, 15], "texture": "#4"},
				"east": {"uv": [14, 13, 15, 14], "texture": "#4"},
				"south": {"uv": [14, 14, 15, 15], "texture": "#4"},
				"west": {"uv": [0, 15, 1, 16], "texture": "#4"},
				"up": {"uv": [16, 1, 15, 0], "texture": "#4"},
				"down": {"uv": [2, 15, 1, 16], "texture": "#4"}
			}
		},
		{
			"from": [8.5, 10.75, 1],
			"to": [11.5, 13.75, 1],
			"rotation": {"angle": -22.5, "axis": "x", "origin": [9.5, 10.75, 1]},
			"faces": {
				"north": {"uv": [0, 12, 3, 15], "texture": "#4"},
				"east": {"uv": [0, 0, 0, 3], "texture": "#4"},
				"south": {"uv": [12, 0, 15, 3], "texture": "#4"},
				"west": {"uv": [0, 0, 0, 3], "texture": "#4"},
				"up": {"uv": [3, 0, 0, 0], "texture": "#4"},
				"down": {"uv": [3, 0, 0, 0], "texture": "#4"}
			}
		},
		{
			"from": [9.94776, 9.25, 0.23463],
			"to": [12.94776, 12.25, 0.23463],
			"rotation": {"angle": 22.5, "axis": "y", "origin": [11.94776, 9.25, 0.23463]},
			"faces": {
				"north": {"uv": [3, 12, 6, 15], "texture": "#4"},
				"east": {"uv": [0, 0, 0, 3], "texture": "#4"},
				"south": {"uv": [12, 3, 15, 6], "texture": "#4"},
				"west": {"uv": [0, 0, 0, 3], "texture": "#4"},
				"up": {"uv": [3, 0, 0, 0], "texture": "#4"},
				"down": {"uv": [3, 0, 0, 0], "texture": "#4"}
			}
		},
		{
			"from": [7.25224, 9.25, 0.23463],
			"to": [10.25224, 12.25, 0.23463],
			"rotation": {"angle": -22.5, "axis": "y", "origin": [8.25224, 9.25, 0.23463]},
			"faces": {
				"north": {"uv": [6, 12, 9, 15], "texture": "#4"},
				"east": {"uv": [0, 0, 0, 3], "texture": "#4"},
				"south": {"uv": [12, 6, 15, 9], "texture": "#4"},
				"west": {"uv": [0, 0, 0, 3], "texture": "#4"},
				"up": {"uv": [3, 0, 0, 0], "texture": "#4"},
				"down": {"uv": [3, 0, 0, 0], "texture": "#4"}
			}
		},
		{
			"from": [8.5, 7.97836, -0.14805],
			"to": [11.5, 10.97836, -0.14805],
			"rotation": {"angle": 22.5, "axis": "x", "origin": [2.5, 7.97836, -0.14805]},
			"faces": {
				"north": {"uv": [9, 12, 12, 15], "texture": "#4"},
				"east": {"uv": [0, 0, 0, 3], "texture": "#4"},
				"south": {"uv": [12, 9, 15, 12], "texture": "#4"},
				"west": {"uv": [0, 0, 0, 3], "texture": "#4"},
				"up": {"uv": [3, 0, 0, 0], "texture": "#4"},
				"down": {"uv": [3, 0, 0, 0], "texture": "#4"}
			}
		},
		{
			"from": [9.6, 10.25, 0.5],
			"to": [10.6, 11.25, 1],
			"rotation": {"angle": 0, "axis": "y", "origin": [8.6, 9, 9]},
			"faces": {
				"north": {"uv": [15, 1, 16, 2], "texture": "#4"},
				"east": {"uv": [2, 15, 3, 16], "texture": "#4"},
				"south": {"uv": [15, 2, 16, 3], "texture": "#4"},
				"west": {"uv": [3, 15, 4, 16], "texture": "#4"},
				"up": {"uv": [16, 4, 15, 3], "texture": "#4"},
				"down": {"uv": [5, 15, 4, 16], "texture": "#4"}
			}
		}
	],
	"display": {}
}