{
	"credit": "Made with Blockbench",
	"parent": "block/block",
	"ambientocclusion": false,
	"textures": {
		"0": "block/cactus/cactus_top",
		"1": "block/cactus/cactus_bottom",
		"2": "block/cactus/cactus_side",
		"particle": "block/cactus/cactus_top"
	},
	"elements": [
		{
			"from": [0, 0, 0],
			"to": [16, 16, 16],
			"faces": {
				"up": {"uv": [0, 0, 16, 16], "texture": "#0", "cullface": "up"},
				"down": {"uv": [0, 0, 16, 16], "texture": "#1", "cullface": "down"}
			}
		},
		{
			"from": [0, 0, 1],
			"to": [16, 16, 15],
			"faces": {
				"north": {"uv": [0, 0, 16, 16], "texture": "#2"},
				"south": {"uv": [0, 0, 16, 16], "texture": "#2"}
			}
		},
		{
			"from": [1, 0, 0],
			"to": [15, 16, 16],
			"faces": {
				"east": {"uv": [0, 0, 16, 16], "texture": "#2"},
				"west": {"uv": [0, 0, 16, 16], "texture": "#2"}
			}
		},
		{
			"from": [0.15, 5, 8],
			"to": [1.5, 8.5, 11.5],
			"faces": {
				"north": {"uv": [6, 2, 7, 5], "texture": "#2"},
				"east": {"uv": [5, 0, 8, 3], "texture": "#2"},
				"south": {"uv": [7, 1, 8, 4], "texture": "#2"},
				"west": {"uv": [9, 0, 12, 3], "texture": "#2"},
				"up": {"uv": [6, 0, 7, 3], "texture": "#2"},
				"down": {"uv": [10, 0, 11, 3], "texture": "#2"}
			}
		},
		{
			"from": [-3.75, 5, 7.75],
			"to": [0.25, 14, 11.75],
			"faces": {
				"north": {"uv": [5, 6, 8, 13], "texture": "#2"},
				"east": {"uv": [8, 9, 11, 16], "texture": "#2"},
				"south": {"uv": [8, 3, 11, 10], "texture": "#2"},
				"west": {"uv": [8, 8, 11, 15], "texture": "#2"},
				"up": {"uv": [6, 3, 9, 6], "texture": "#0"},
				"down": {"uv": [3, 6, 6, 9], "texture": "#0"}
			}
		}
	]
}