{
	"credit": "Made with Blockbench",
	"texture_size": [64, 64],
	"textures": {
		"4": "./gathering_scythe_t5"
	},
	"elements": [
		{
			"from": [8.25491, 9.68339, 6.3],
			"to": [9.82991, 15.68339, 7.95],
			"rotation": {"angle": 0, "axis": "z", "origin": [10.75491, 7.68339, 7.95]},
			"faces": {
				"north": {"uv": [0, 0, 0.5, 1.5], "texture": "#4"},
				"east": {"uv": [0.75, 0, 1.25, 1.5], "texture": "#4"},
				"south": {"uv": [1.5, 0, 2, 1.5], "texture": "#4"},
				"west": {"uv": [0, 1.75, 0.5, 3.25], "texture": "#4"},
				"up": {"uv": [1, 5.75, 0.5, 5.25], "texture": "#4"},
				"down": {"uv": [5.5, 5.25, 5, 5.75], "texture": "#4"}
			}
		},
		{
			"from": [8.42991, 7.68339, 6.475],
			"to": [9.57991, 9.68339, 7.775],
			"rotation": {"angle": 0, "axis": "z", "origin": [10.75491, 7.68339, 7.95]},
			"faces": {
				"north": {"uv": [5.75, 6.75, 6, 7.25], "texture": "#4"},
				"east": {"uv": [7, 4.75, 7.25, 5.25], "texture": "#4"},
				"south": {"uv": [7, 5.5, 7.25, 6], "texture": "#4"},
				"west": {"uv": [7, 6.25, 7.25, 6.75], "texture": "#4"},
				"up": {"uv": [7.5, 2, 7.25, 1.75], "texture": "#4"},
				"down": {"uv": [4, 7.5, 3.75, 7.75], "texture": "#4"}
			}
		},
		{
			"from": [7.60491, 29.00839, 6.625],
			"to": [8.95491, 29.50839, 7.675],
			"rotation": {"angle": 0, "axis": "z", "origin": [10.75491, 7.68339, 7.95]},
			"faces": {
				"north": {"uv": [7.5, 4.75, 7.75, 5], "texture": "#4"},
				"east": {"uv": [7.5, 5.25, 7.75, 5.5], "texture": "#4"},
				"south": {"uv": [5.75, 7.5, 6, 7.75], "texture": "#4"},
				"west": {"uv": [7.5, 5.75, 7.75, 6], "texture": "#4"},
				"up": {"uv": [7.75, 6.5, 7.5, 6.25], "texture": "#4"},
				"down": {"uv": [7.75, 6.75, 7.5, 7], "texture": "#4"}
			}
		},
		{
			"from": [7.85491, 29.50839, 6.875],
			"to": [8.70491, 30.25839, 7.425],
			"rotation": {"angle": 0, "axis": "z", "origin": [10.75491, 7.68339, 7.95]},
			"faces": {
				"north": {"uv": [7.5, 7.25, 7.75, 7.5], "texture": "#4"},
				"east": {"uv": [0, 7.75, 0.25, 8], "texture": "#4"},
				"south": {"uv": [7.75, 0.5, 8, 0.75], "texture": "#4"},
				"west": {"uv": [1, 7.75, 1.25, 8], "texture": "#4"},
				"up": {"uv": [8, 2, 7.75, 1.75], "texture": "#4"},
				"down": {"uv": [3, 7.75, 2.75, 8], "texture": "#4"}
			}
		},
		{
			"from": [7.41454, 24.00208, 6.3],
			"to": [9.08954, 29.00208, 8],
			"rotation": {"angle": 0, "axis": "z", "origin": [6.78954, 26.00208, 7.175]},
			"faces": {
				"north": {"uv": [0.75, 2.5, 1.25, 3.75], "texture": "#4"},
				"east": {"uv": [2.5, 0.75, 3, 2], "texture": "#4"},
				"south": {"uv": [1.5, 2.5, 2, 3.75], "texture": "#4"},
				"west": {"uv": [2.25, 2.5, 2.75, 3.75], "texture": "#4"},
				"up": {"uv": [6.25, 1.5, 5.75, 1], "texture": "#4"},
				"down": {"uv": [1.75, 5.75, 1.25, 6.25], "texture": "#4"}
			}
		},
		{
			"from": [8.94848, 16.91886, 6.375],
			"to": [10.44848, 20.91886, 7.925],
			"rotation": {"angle": 0, "axis": "z", "origin": [7.69848, 22.91886, 7.5]},
			"faces": {
				"north": {"uv": [3, 2.25, 3.5, 3.25], "texture": "#4"},
				"east": {"uv": [3.25, 0.75, 3.75, 1.75], "texture": "#4"},
				"south": {"uv": [0, 3.5, 0.5, 4.5], "texture": "#4"},
				"west": {"uv": [3, 3.5, 3.5, 4.5], "texture": "#4"},
				"up": {"uv": [2.5, 6.25, 2, 5.75], "texture": "#4"},
				"down": {"uv": [4.75, 5.75, 4.25, 6.25], "texture": "#4"}
			}
		},
		{
			"from": [7.96954, 16.12306, 6.35],
			"to": [9.51954, 18.12306, 7.9],
			"rotation": {"angle": -22.5, "axis": "z", "origin": [6.99454, 15.12306, 7.7]},
			"faces": {
				"north": {"uv": [5.75, 5.25, 6.25, 5.75], "texture": "#4"},
				"east": {"uv": [0.5, 6, 1, 6.5], "texture": "#4"},
				"south": {"uv": [5, 6, 5.5, 6.5], "texture": "#4"},
				"west": {"uv": [5.75, 6, 6.25, 6.5], "texture": "#4"},
				"up": {"uv": [6.75, 0.5, 6.25, 0], "texture": "#4"},
				"down": {"uv": [4, 6.25, 3.5, 6.75], "texture": "#4"}
			}
		},
		{
			"from": [8.72101, 19.7597, 6.35],
			"to": [10.29601, 23.8347, 7.9],
			"rotation": {"angle": 22.5, "axis": "z", "origin": [7.52101, 20.6597, 7.8]},
			"faces": {
				"north": {"uv": [3.75, 2, 4.25, 3], "texture": "#4"},
				"east": {"uv": [3.75, 3.25, 4.25, 4.25], "texture": "#4"},
				"south": {"uv": [4, 0, 4.5, 1], "texture": "#4"},
				"west": {"uv": [0.75, 4, 1.25, 5], "texture": "#4"},
				"up": {"uv": [7, 1.25, 6.5, 0.75], "texture": "#4"},
				"down": {"uv": [1.75, 6.5, 1.25, 7], "texture": "#4"}
			}
		},
		{
			"from": [8.98954, 27.57708, 6.675],
			"to": [14.41454, 28.57708, 7.625],
			"rotation": {"angle": 0, "axis": "z", "origin": [9.98954, 7.00208, 7.15]},
			"faces": {
				"north": {"uv": [4.75, 0, 6, 0.25], "texture": "#4"},
				"east": {"uv": [4.25, 7.75, 4.5, 8], "texture": "#4"},
				"south": {"uv": [4.75, 0.5, 6, 0.75], "texture": "#4"},
				"west": {"uv": [6.75, 7.75, 7, 8], "texture": "#4"},
				"up": {"uv": [6.25, 2.5, 5, 2.25], "texture": "#4"},
				"down": {"uv": [6.25, 2.75, 5, 3], "texture": "#4"}
			}
		},
		{
			"from": [5.48954, 26.82708, 6.675],
			"to": [7.41454, 28.57708, 7.625],
			"rotation": {"angle": 0, "axis": "z", "origin": [9.98954, 7.00208, 7.15]},
			"faces": {
				"north": {"uv": [6.5, 1.5, 7, 2], "texture": "#4"},
				"east": {"uv": [7, 7, 7.25, 7.5], "texture": "#4"},
				"south": {"uv": [2, 6.5, 2.5, 7], "texture": "#4"},
				"west": {"uv": [7.25, 0.5, 7.5, 1], "texture": "#4"},
				"up": {"uv": [1.5, 7.5, 1, 7.25], "texture": "#4"},
				"down": {"uv": [7.75, 1.25, 7.25, 1.5], "texture": "#4"}
			}
		},
		{
			"from": [4.28954, 25.40208, 6.725],
			"to": [5.48954, 29.12708, 7.575],
			"rotation": {"angle": 0, "axis": "z", "origin": [2.68954, 26.86458, 7.15]},
			"faces": {
				"north": {"uv": [0, 6.5, 0.25, 7.5], "texture": "#4"},
				"east": {"uv": [6.5, 2.25, 6.75, 3.25], "texture": "#4"},
				"south": {"uv": [2.75, 6.5, 3, 7.5], "texture": "#4"},
				"west": {"uv": [6.5, 3.5, 6.75, 4.5], "texture": "#4"},
				"up": {"uv": [7.5, 8, 7.25, 7.75], "texture": "#4"},
				"down": {"uv": [8, 7.75, 7.75, 8], "texture": "#4"}
			}
		},
		{
			"from": [4.91454, 24.82708, 6.75],
			"to": [5.73954, 25.65208, 7.55],
			"rotation": {"angle": 45, "axis": "z", "origin": [4.88954, 24.78958, 7.15]},
			"faces": {
				"north": {"uv": [8, 0, 8.25, 0.25], "texture": "#4"},
				"east": {"uv": [0.5, 8, 0.75, 8.25], "texture": "#4"},
				"south": {"uv": [8, 1, 8.25, 1.25], "texture": "#4"},
				"west": {"uv": [1.5, 8, 1.75, 8.25], "texture": "#4"},
				"up": {"uv": [2.25, 8.25, 2, 8], "texture": "#4"},
				"down": {"uv": [8.25, 2.25, 8, 2.5], "texture": "#4"}
			}
		},
		{
			"from": [6.91454, 26.82708, 6.75],
			"to": [7.73954, 27.65208, 7.55],
			"rotation": {"angle": 45, "axis": "z", "origin": [4.88954, 24.78958, 7.15]},
			"faces": {
				"north": {"uv": [8, 2.75, 8.25, 3], "texture": "#4"},
				"east": {"uv": [8, 3.25, 8.25, 3.5], "texture": "#4"},
				"south": {"uv": [3.75, 8, 4, 8.25], "texture": "#4"},
				"west": {"uv": [8, 3.75, 8.25, 4], "texture": "#4"},
				"up": {"uv": [8.25, 4.5, 8, 4.25], "texture": "#4"},
				"down": {"uv": [5, 8, 4.75, 8.25], "texture": "#4"}
			}
		},
		{
			"from": [8.98954, 25.90208, 6.825],
			"to": [15.11454, 27.57708, 7.475],
			"rotation": {"angle": 0, "axis": "z", "origin": [9.98954, 7.00208, 7.15]},
			"faces": {
				"north": {"uv": [0.75, 1.75, 2.25, 2.25], "texture": "#4"},
				"east": {"uv": [1.75, 7.25, 2, 7.75], "texture": "#4"},
				"south": {"uv": [2.25, 0, 3.75, 0.5], "texture": "#4"},
				"west": {"uv": [2.25, 7.25, 2.5, 7.75], "texture": "#4"},
				"up": {"uv": [5.5, 1.5, 4, 1.25], "texture": "#4"},
				"down": {"uv": [6, 1.75, 4.5, 2], "texture": "#4"}
			}
		},
		{
			"from": [5.06454, 25.90208, 6.75],
			"to": [7.76454, 27.32708, 7.55],
			"rotation": {"angle": -22.5, "axis": "z", "origin": [6.05204, 26.23958, 7.225]},
			"faces": {
				"north": {"uv": [4.75, 6.75, 5.5, 7], "texture": "#4"},
				"east": {"uv": [8, 4.75, 8.25, 5], "texture": "#4"},
				"south": {"uv": [7, 0, 7.75, 0.25], "texture": "#4"},
				"west": {"uv": [5.25, 8, 5.5, 8.25], "texture": "#4"},
				"up": {"uv": [7.75, 2.5, 7, 2.25], "texture": "#4"},
				"down": {"uv": [7.75, 2.75, 7, 3], "texture": "#4"}
			}
		},
		{
			"from": [8.98954, 24.95208, 6.875],
			"to": [14.43954, 25.90208, 7.425],
			"rotation": {"angle": 0, "axis": "z", "origin": [9.98954, 7.00208, 7.15]},
			"faces": {
				"north": {"uv": [5, 3.25, 6.25, 3.5], "texture": "#4"},
				"east": {"uv": [8, 5.25, 8.25, 5.5], "texture": "#4"},
				"south": {"uv": [5, 3.75, 6.25, 4], "texture": "#4"},
				"west": {"uv": [5.75, 8, 6, 8.25], "texture": "#4"},
				"up": {"uv": [6.25, 4.5, 5, 4.25], "texture": "#4"},
				"down": {"uv": [6.25, 4.75, 5, 5], "texture": "#4"}
			}
		},
		{
			"from": [13.21086, 25.67365, 6.75],
			"to": [16.61086, 26.67365, 7.55],
			"rotation": {"angle": -45, "axis": "z", "origin": [16.11086, 26.17365, 7.15]},
			"faces": {
				"north": {"uv": [3.25, 7, 4, 7.25], "texture": "#4"},
				"east": {"uv": [8, 5.75, 8.25, 6], "texture": "#4"},
				"south": {"uv": [7, 3.25, 7.75, 3.5], "texture": "#4"},
				"west": {"uv": [6.25, 8, 6.5, 8.25], "texture": "#4"},
				"up": {"uv": [7.75, 4, 7, 3.75], "texture": "#4"},
				"down": {"uv": [7.75, 4.25, 7, 4.5], "texture": "#4"}
			}
		},
		{
			"from": [15.81797, 20.17365, 6.85],
			"to": [16.81797, 26.17365, 7.45],
			"rotation": {"angle": 0, "axis": "z", "origin": [16.31797, 24.17365, 7.15]},
			"faces": {
				"north": {"uv": [1.5, 4, 1.75, 5.5], "texture": "#4"},
				"east": {"uv": [2, 4, 2.25, 5.5], "texture": "#4"},
				"south": {"uv": [2.5, 4, 2.75, 5.5], "texture": "#4"},
				"west": {"uv": [4.5, 2.25, 4.75, 3.75], "texture": "#4"},
				"up": {"uv": [8.25, 6.5, 8, 6.25], "texture": "#4"},
				"down": {"uv": [8.25, 6.75, 8, 7], "texture": "#4"}
			}
		},
		{
			"from": [14.24297, 20.27365, 6.9],
			"to": [15.24297, 26.49865, 7.4],
			"rotation": {"angle": 22.5, "axis": "z", "origin": [16.31797, 24.17365, 7.15]},
			"faces": {
				"north": {"uv": [3.75, 4.5, 4, 6], "texture": "#4"},
				"east": {"uv": [4.5, 4, 4.75, 5.5], "texture": "#4"},
				"south": {"uv": [0, 4.75, 0.25, 6.25], "texture": "#4"},
				"west": {"uv": [3, 4.75, 3.25, 6.25], "texture": "#4"},
				"up": {"uv": [8.25, 7.5, 8, 7.25], "texture": "#4"},
				"down": {"uv": [0.25, 8.25, 0, 8.5], "texture": "#4"}
			}
		},
		{
			"from": [15.24297, 22.87365, 6.875],
			"to": [16.19297, 26.49865, 7.425],
			"rotation": {"angle": 22.5, "axis": "z", "origin": [16.31797, 24.17365, 7.15]},
			"faces": {
				"north": {"uv": [4.25, 6.5, 4.5, 7.5], "texture": "#4"},
				"east": {"uv": [6.5, 4.75, 6.75, 5.75], "texture": "#4"},
				"south": {"uv": [6.5, 6, 6.75, 7], "texture": "#4"},
				"west": {"uv": [0.5, 6.75, 0.75, 7.75], "texture": "#4"},
				"up": {"uv": [8.5, 0.75, 8.25, 0.5], "texture": "#4"},
				"down": {"uv": [1.25, 8.25, 1, 8.5], "texture": "#4"}
			}
		},
		{
			"from": [13.75605, 23.38159, 6.85],
			"to": [14.43105, 24.98159, 7.45],
			"rotation": {"angle": -45, "axis": "z", "origin": [16.33105, 24.15659, 7.15]},
			"faces": {
				"north": {"uv": [4.75, 7.25, 5, 7.75], "texture": "#4"},
				"east": {"uv": [5.25, 7.25, 5.5, 7.75], "texture": "#4"},
				"south": {"uv": [6.25, 7.25, 6.5, 7.75], "texture": "#4"},
				"west": {"uv": [3.25, 7.5, 3.5, 8], "texture": "#4"},
				"up": {"uv": [8.5, 1.75, 8.25, 1.5], "texture": "#4"},
				"down": {"uv": [2.75, 8.25, 2.5, 8.5], "texture": "#4"}
			}
		},
		{
			"from": [16.19297, 25.14865, 6.875],
			"to": [16.46797, 26.52365, 7.425],
			"rotation": {"angle": 22.5, "axis": "z", "origin": [16.31797, 24.17365, 7.15]},
			"faces": {
				"north": {"uv": [3, 8.25, 3.25, 8.5], "texture": "#4"},
				"east": {"uv": [4.25, 8.25, 4.5, 8.5], "texture": "#4"},
				"south": {"uv": [6.75, 8.25, 7, 8.5], "texture": "#4"},
				"west": {"uv": [7.25, 8.25, 7.5, 8.5], "texture": "#4"},
				"up": {"uv": [8, 8.5, 7.75, 8.25], "texture": "#4"},
				"down": {"uv": [8.5, 7.75, 8.25, 8], "texture": "#4"}
			}
		}
	],
	"display": {
		"thirdperson_righthand": {
			"rotation": [-0.25, 90, 0],
			"translation": [1, -8.75, 1.25],
			"scale": [1.2, 1.2, 1.2]
		},
		"thirdperson_lefthand": {
			"rotation": [-2.5, -90, 0],
			"translation": [-1.25, -8.75, 1.5],
			"scale": [1.2, 1.2, 1.2]
		},
		"firstperson_righthand": {
			"rotation": [168.5, 84.25, -180],
			"translation": [4.5, -7, 2.25],
			"scale": [0.9, 0.9, 0.9]
		},
		"firstperson_lefthand": {
			"rotation": [168.5, -84.25, -180],
			"translation": [3, -7.5, 2.75],
			"scale": [0.9, 0.9, 0.9]
		},
		"ground": {
			"translation": [0, -3, 0],
			"scale": [0.5, 0.5, 0.5]
		},
		"gui": {
			"rotation": [-176.94, -0.65, -133.26],
			"translation": [-5, -6, 0],
			"scale": [0.625, 0.625, 0.625]
		},
		"fixed": {
			"rotation": [0, 0, 51],
			"translation": [5, -5.25, 0],
			"scale": [0.6, 0.6, 0.6]
		}
	},
	"groups": [
		{
			"name": "handle",
			"origin": [7.52893, 9.77122, 7.9],
			"color": 0,
			"children": [0, 1, 2, 3, 4, 5, 6, 7]
		},
		{
			"name": "blade",
			"origin": [8, 8, 8],
			"color": 0,
			"children": [8, 9, 10, 11, 12, 13, 14, 15, 16, 17, 18, 19, 20, 21]
		}
	]
}