{
	"credit": "Made with Blockbench",
	"texture_size": [32, 32],
	"textures": {
		"2": "block/mushrooms/brown_mushroom3",
		"particle": "block/mushrooms/brown_mushroom3"
	},
	"elements": [
		{
			"from": [7, 0, 7],
			"to": [8, 2, 8],
			"faces": {
				"north": {"uv": [3, 6.5, 3.5, 7.5], "texture": "#2"},
				"east": {"uv": [4, 6.5, 4.5, 7.5], "texture": "#2"},
				"south": {"uv": [5, 6.5, 5.5, 7.5], "texture": "#2"},
				"west": {"uv": [6, 7, 6.5, 8], "texture": "#2"},
				"up": {"uv": [5.5, 8.5, 5, 8], "texture": "#2"},
				"down": {"uv": [0.5, 8.5, 0, 9], "texture": "#2"}
			}
		},
		{
			"from": [5, 2, 5],
			"to": [10, 3, 10],
			"faces": {
				"north": {"uv": [3, 4, 5.5, 4.5], "texture": "#2"},
				"east": {"uv": [5, 0, 7.5, 0.5], "texture": "#2"},
				"south": {"uv": [5, 1, 7.5, 1.5], "texture": "#2"},
				"west": {"uv": [5, 2, 7.5, 2.5], "texture": "#2"},
				"up": {"uv": [2.5, 2.5, 0, 0], "texture": "#2"},
				"down": {"uv": [2.5, 3, 0, 5.5], "texture": "#2"}
			}
		},
		{
			"from": [6, 3, 6],
			"to": [9, 4, 9],
			"faces": {
				"north": {"uv": [5, 3, 6.5, 3.5], "texture": "#2"},
				"east": {"uv": [6, 4, 7.5, 4.5], "texture": "#2"},
				"south": {"uv": [6, 5, 7.5, 5.5], "texture": "#2"},
				"west": {"uv": [6, 6, 7.5, 6.5], "texture": "#2"},
				"up": {"uv": [4.5, 1.5, 3, 0], "texture": "#2"},
				"down": {"uv": [4.5, 2, 3, 3.5], "texture": "#2"}
			}
		},
		{
			"from": [2.35, 1, 2.5],
			"to": [4.35, 2, 4.5],
			"faces": {
				"north": {"uv": [7, 3, 8, 3.5], "texture": "#2"},
				"east": {"uv": [7, 7, 8, 7.5], "texture": "#2"},
				"south": {"uv": [0, 7.5, 1, 8], "texture": "#2"},
				"west": {"uv": [1.5, 7.5, 2.5, 8], "texture": "#2"},
				"up": {"uv": [4, 6, 3, 5], "texture": "#2"},
				"down": {"uv": [5.5, 5, 4.5, 6], "texture": "#2"}
			}
		},
		{
			"from": [2.15955, -0.47479, 3],
			"to": [3.15955, 1.52521, 4],
			"rotation": {"angle": 22.5, "axis": "z", "origin": [2.65955, 2.72521, 3.5]},
			"faces": {
				"north": {"uv": [8, 0, 8.5, 1], "texture": "#2"},
				"east": {"uv": [8, 1.5, 8.5, 2.5], "texture": "#2"},
				"south": {"uv": [3, 8, 3.5, 9], "texture": "#2"},
				"west": {"uv": [4, 8, 4.5, 9], "texture": "#2"},
				"up": {"uv": [1.5, 9, 1, 8.5], "texture": "#2"},
				"down": {"uv": [2.5, 8.5, 2, 9], "texture": "#2"}
			}
		},
		{
			"from": [12, 0, 6.5],
			"to": [13, 1, 7.5],
			"rotation": {"angle": -22.5, "axis": "y", "origin": [12.5, 1, 7]},
			"faces": {
				"north": {"uv": [8.5, 3, 9, 3.5], "texture": "#2"},
				"east": {"uv": [6, 8.5, 6.5, 9], "texture": "#2"},
				"south": {"uv": [8.5, 7, 9, 7.5], "texture": "#2"},
				"west": {"uv": [8.5, 8, 9, 8.5], "texture": "#2"},
				"up": {"uv": [9.5, 0.5, 9, 0], "texture": "#2"},
				"down": {"uv": [9.5, 1, 9, 1.5], "texture": "#2"}
			}
		},
		{
			"from": [11.5, 1, 6],
			"to": [13.5, 2, 8],
			"rotation": {"angle": -22.5, "axis": "y", "origin": [12.5, 1, 7]},
			"faces": {
				"north": {"uv": [8, 4, 9, 4.5], "texture": "#2"},
				"east": {"uv": [8, 5, 9, 5.5], "texture": "#2"},
				"south": {"uv": [8, 6, 9, 6.5], "texture": "#2"},
				"west": {"uv": [7, 8, 8, 8.5], "texture": "#2"},
				"up": {"uv": [1, 7, 0, 6], "texture": "#2"},
				"down": {"uv": [2.5, 6, 1.5, 7], "texture": "#2"}
			}
		}
	],
	"groups": [
		{
			"name": "brown_mushroom3",
			"origin": [0, 0, 3],
			"color": 0,
			"children": [0, 1, 2, 3, 4, 5, 6]
		}
	]
}