{
	"credit": "Made with Blockbench",
	"texture_size": [64, 64],
	"textures": {
		"1": "./gathering_scythe_t10"
	},
	"elements": [
		{
			"from": [7.5, 26, 9],
			"to": [8.5, 28, 11],
			"faces": {
				"north": {"uv": [3.5, 7, 3.75, 7.5], "texture": "#1"},
				"east": {"uv": [4.5, 5.5, 5, 6], "texture": "#1"},
				"south": {"uv": [7.25, 0.5, 7.5, 1], "texture": "#1"},
				"west": {"uv": [5.25, 5.5, 5.75, 6], "texture": "#1"},
				"up": {"uv": [7.5, 1.75, 7.25, 1.25], "texture": "#1"},
				"down": {"uv": [3.25, 7.25, 3, 7.75], "texture": "#1"}
			}
		},
		{
			"from": [7.5, 26, 5],
			"to": [8.5, 28, 7],
			"faces": {
				"north": {"uv": [4.5, 7.25, 4.75, 7.75], "texture": "#1"},
				"east": {"uv": [6, 0, 6.5, 0.5], "texture": "#1"},
				"south": {"uv": [5, 7.25, 5.25, 7.75], "texture": "#1"},
				"west": {"uv": [6, 0.75, 6.5, 1.25], "texture": "#1"},
				"up": {"uv": [5.75, 7.75, 5.5, 7.25], "texture": "#1"},
				"down": {"uv": [6.25, 7.25, 6, 7.75], "texture": "#1"}
			}
		},
		{
			"from": [7.55, 29, 7.5],
			"to": [8.45, 30.5, 8.5],
			"faces": {
				"north": {"uv": [6.5, 7.25, 6.75, 7.75], "texture": "#1"},
				"east": {"uv": [0, 7.5, 0.25, 8], "texture": "#1"},
				"south": {"uv": [0.5, 7.5, 0.75, 8], "texture": "#1"},
				"west": {"uv": [1, 7.5, 1.25, 8], "texture": "#1"},
				"up": {"uv": [3.75, 8, 3.5, 7.75], "texture": "#1"},
				"down": {"uv": [8, 3.5, 7.75, 3.75], "texture": "#1"}
			}
		},
		{
			"from": [7.5, 30.25, 8.25],
			"to": [8.5, 31.25, 9.25],
			"rotation": {"angle": 45, "axis": "x", "origin": [8, 31.5, 8]},
			"faces": {
				"north": {"uv": [7.75, 4, 8, 4.25], "texture": "#1"},
				"east": {"uv": [7.75, 5, 8, 5.25], "texture": "#1"},
				"south": {"uv": [7.75, 7.5, 8, 7.75], "texture": "#1"},
				"west": {"uv": [1.5, 8, 1.75, 8.25], "texture": "#1"},
				"up": {"uv": [8.25, 2.25, 8, 2], "texture": "#1"},
				"down": {"uv": [8.25, 2.5, 8, 2.75], "texture": "#1"}
			}
		},
		{
			"from": [7.55, 25.5, 2.5],
			"to": [8.45, 28.5, 5.5],
			"rotation": {"angle": -45, "axis": "x", "origin": [8, 27, 4]},
			"faces": {
				"north": {"uv": [3.5, 6, 3.75, 6.75], "texture": "#1"},
				"east": {"uv": [3, 2, 3.75, 2.75], "texture": "#1"},
				"south": {"uv": [6, 5.75, 6.25, 6.5], "texture": "#1"},
				"west": {"uv": [3, 3, 3.75, 3.75], "texture": "#1"},
				"up": {"uv": [4.75, 7, 4.5, 6.25], "texture": "#1"},
				"down": {"uv": [5.25, 6.25, 5, 7], "texture": "#1"}
			}
		},
		{
			"from": [7.5, 25, 11],
			"to": [8.5, 28, 16.25],
			"faces": {
				"north": {"uv": [5.5, 6.25, 5.75, 7], "texture": "#1"},
				"east": {"uv": [3, 0, 4.25, 0.75], "texture": "#1"},
				"south": {"uv": [6.5, 2.5, 6.75, 3.25], "texture": "#1"},
				"west": {"uv": [3, 1, 4.25, 1.75], "texture": "#1"},
				"up": {"uv": [5.25, 4.25, 5, 3], "texture": "#1"},
				"down": {"uv": [4.25, 5, 4, 6.25], "texture": "#1"}
			}
		},
		{
			"from": [7.575, 22.40956, 10.32304],
			"to": [8.475, 23.40956, 12.62304],
			"rotation": {"angle": 22.5, "axis": "x", "origin": [8.025, 27.78456, 18.32304]},
			"faces": {
				"north": {"uv": [2.75, 8, 3, 8.25], "texture": "#1"},
				"east": {"uv": [7.25, 2, 7.75, 2.25], "texture": "#1"},
				"south": {"uv": [8, 3, 8.25, 3.25], "texture": "#1"},
				"west": {"uv": [1.5, 7.5, 2, 7.75], "texture": "#1"},
				"up": {"uv": [2.5, 8, 2.25, 7.5], "texture": "#1"},
				"down": {"uv": [4.25, 7.5, 4, 8], "texture": "#1"}
			}
		},
		{
			"from": [7.525, 24.18023, 16.25104],
			"to": [8.475, 27.00523, 19.25104],
			"rotation": {"angle": 22.5, "axis": "x", "origin": [8, 27.50523, 18.75104]},
			"faces": {
				"north": {"uv": [4, 6.5, 4.25, 7.25], "texture": "#1"},
				"east": {"uv": [4, 2, 4.75, 2.75], "texture": "#1"},
				"south": {"uv": [6.5, 5.75, 6.75, 6.5], "texture": "#1"},
				"west": {"uv": [3, 4, 3.75, 4.75], "texture": "#1"},
				"up": {"uv": [7, 0.75, 6.75, 0], "texture": "#1"},
				"down": {"uv": [7, 1, 6.75, 1.75], "texture": "#1"}
			}
		},
		{
			"from": [7.625, 24.9456, 19.40328],
			"to": [8.375, 25.9456, 23.62828],
			"rotation": {"angle": 22.5, "axis": "x", "origin": [8, 28.2706, 16.90328]},
			"faces": {
				"north": {"uv": [4.5, 8, 4.75, 8.25], "texture": "#1"},
				"east": {"uv": [5.5, 1.5, 6.5, 1.75], "texture": "#1"},
				"south": {"uv": [5, 8, 5.25, 8.25], "texture": "#1"},
				"west": {"uv": [6, 2, 7, 2.25], "texture": "#1"},
				"up": {"uv": [6.25, 3.5, 6, 2.5], "texture": "#1"},
				"down": {"uv": [3.25, 6, 3, 7], "texture": "#1"}
			}
		},
		{
			"from": [7.575, 25.9456, 19.40328],
			"to": [8.425, 26.7456, 21.22828],
			"rotation": {"angle": 22.5, "axis": "x", "origin": [8, 28.2706, 16.90328]},
			"faces": {
				"north": {"uv": [5.5, 8, 5.75, 8.25], "texture": "#1"},
				"east": {"uv": [7.5, 4.5, 8, 4.75], "texture": "#1"},
				"south": {"uv": [8, 5.5, 8.25, 5.75], "texture": "#1"},
				"west": {"uv": [7, 7.5, 7.5, 7.75], "texture": "#1"},
				"up": {"uv": [8, 1, 7.75, 0.5], "texture": "#1"},
				"down": {"uv": [8, 1.25, 7.75, 1.75], "texture": "#1"}
			}
		},
		{
			"from": [7.55, 23.93774, 18.64296],
			"to": [8.45, 24.93774, 23.64296],
			"rotation": {"angle": 45, "axis": "x", "origin": [8, 25.43774, 21.14296]},
			"faces": {
				"north": {"uv": [6, 8, 6.25, 8.25], "texture": "#1"},
				"east": {"uv": [4.5, 5, 5.75, 5.25], "texture": "#1"},
				"south": {"uv": [8, 6, 8.25, 6.25], "texture": "#1"},
				"west": {"uv": [5, 4.5, 6.25, 4.75], "texture": "#1"},
				"up": {"uv": [5.75, 1.25, 5.5, 0], "texture": "#1"},
				"down": {"uv": [5.75, 3, 5.5, 4.25], "texture": "#1"}
			}
		},
		{
			"from": [7, 0, 7],
			"to": [9, 29, 9],
			"faces": {
				"north": {"uv": [0, 0, 0.5, 7.25], "texture": "#1"},
				"east": {"uv": [0.75, 0, 1.25, 7.25], "texture": "#1"},
				"south": {"uv": [1.5, 0, 2, 7.25], "texture": "#1"},
				"west": {"uv": [2.25, 0, 2.75, 7.25], "texture": "#1"},
				"up": {"uv": [6.5, 4.25, 6, 3.75], "texture": "#1"},
				"down": {"uv": [6.5, 5, 6, 5.5], "texture": "#1"}
			}
		},
		{
			"from": [6.75, 6, 6.75],
			"to": [9.25, 7, 9.25],
			"faces": {
				"north": {"uv": [6.5, 4.5, 7.25, 4.75], "texture": "#1"},
				"east": {"uv": [6.75, 3.5, 7.5, 3.75], "texture": "#1"},
				"south": {"uv": [6.75, 4, 7.5, 4.25], "texture": "#1"},
				"west": {"uv": [6.75, 5, 7.5, 5.25], "texture": "#1"},
				"up": {"uv": [4.75, 3.75, 4, 3], "texture": "#1"},
				"down": {"uv": [4.75, 4, 4, 4.75], "texture": "#1"}
			}
		},
		{
			"from": [6.75, 8, 6.75],
			"to": [9.25, 9, 9.25],
			"faces": {
				"north": {"uv": [6, 6.75, 6.75, 7], "texture": "#1"},
				"east": {"uv": [7, 2.5, 7.75, 2.75], "texture": "#1"},
				"south": {"uv": [7, 3, 7.75, 3.25], "texture": "#1"},
				"west": {"uv": [7, 5.5, 7.75, 5.75], "texture": "#1"},
				"up": {"uv": [5.25, 0.75, 4.5, 0], "texture": "#1"},
				"down": {"uv": [5.25, 1, 4.5, 1.75], "texture": "#1"}
			}
		},
		{
			"from": [6.75, 10, 6.75],
			"to": [9.25, 11, 9.25],
			"faces": {
				"north": {"uv": [7, 6, 7.75, 6.25], "texture": "#1"},
				"east": {"uv": [7, 6.5, 7.75, 6.75], "texture": "#1"},
				"south": {"uv": [7, 7, 7.75, 7.25], "texture": "#1"},
				"west": {"uv": [7.25, 0, 8, 0.25], "texture": "#1"},
				"up": {"uv": [5.75, 2.75, 5, 2], "texture": "#1"},
				"down": {"uv": [3.75, 5, 3, 5.75], "texture": "#1"}
			}
		}
	],
	"display": {
		"thirdperson_righthand": {
			"rotation": [0, -180, 0],
			"translation": [0, -2.75, 0]
		},
		"thirdperson_lefthand": {
			"rotation": [0, -180, 0],
			"translation": [0, -2.75, 0]
		},
		"firstperson_righthand": {
			"rotation": [-6, -180, 0],
			"translation": [3, -6.5, 1.5],
			"scale": [0.9, 0.9, 0.9]
		},
		"firstperson_lefthand": {
			"rotation": [-6, -180, 0],
			"translation": [3, -6.5, 1.5],
			"scale": [0.9, 0.9, 0.9]
		},
		"ground": {
			"translation": [0, 0.75, 0],
			"scale": [0.4, 0.4, 0.4]
		},
		"gui": {
			"rotation": [-90, -43.25, -90],
			"translation": [-2.25, -3, 0],
			"scale": [0.4, 0.4, 0.4]
		},
		"fixed": {
			"rotation": [-90, 43.75, 90],
			"translation": [2.5, -2.75, 0],
			"scale": [0.4, 0.4, 0.4]
		}
	},
	"groups": [
		{
			"name": "blade",
			"origin": [8, 25.43774, 21.14296],
			"color": 0,
			"children": [0, 1, 2, 3, 4, 5, 6, 7, 8, 9, 10]
		},
		{
			"name": "handle",
			"origin": [8, 8, 8],
			"color": 0,
			"children": [11, 12, 13, 14]
		}
	]
}