{
	"credit": "Made with Blockbench",
	"texture_size": [32, 32],
	"textures": {
		"1": "block/flowers/dandelion2",
		"particle": "block/flowers/dandelion2"
	},
	"elements": [
		{
			"from": [8, 0, 7],
			"to": [8, 4, 8],
			"rotation": {"angle": 45, "axis": "y", "origin": [8, 2, 7.5]},
			"faces": {
				"north": {"uv": [7.5, 9.5, 7.5, 11.5], "texture": "#1"},
				"east": {"uv": [8, 4, 8.5, 6], "texture": "#1"},
				"south": {"uv": [9.5, 10, 9.5, 12], "texture": "#1"},
				"west": {"uv": [8, 6.5, 8.5, 8.5], "texture": "#1"},
				"up": {"uv": [10, 3.5, 10, 3], "texture": "#1"},
				"down": {"uv": [10, 4, 10, 4.5], "texture": "#1"}
			}
		},
		{
			"from": [7.5, 0, 7.5],
			"to": [8.5, 4, 7.5],
			"rotation": {"angle": 45, "axis": "y", "origin": [8, 2, 7.5]},
			"faces": {
				"north": {"uv": [9, 0, 9.5, 2], "texture": "#1"},
				"east": {"uv": [10, 10, 10, 12], "texture": "#1"},
				"south": {"uv": [9, 2.5, 9.5, 4.5], "texture": "#1"},
				"west": {"uv": [10.5, 3, 10.5, 5], "texture": "#1"},
				"up": {"uv": [10.5, 8, 10, 8], "texture": "#1"},
				"down": {"uv": [10.5, 8.5, 10, 8.5], "texture": "#1"}
			}
		},
		{
			"from": [1.72798, 1.14713, 6],
			"to": [7.72798, 1.14713, 9],
			"rotation": {"angle": -22.5, "axis": "z", "origin": [4.72798, 1.14713, 9]},
			"faces": {
				"north": {"uv": [10.5, 5.5, 13.5, 5.5], "texture": "#1"},
				"east": {"uv": [4.5, 10.5, 6, 10.5], "texture": "#1"},
				"south": {"uv": [10.5, 6, 13.5, 6], "texture": "#1"},
				"west": {"uv": [10.5, 6.5, 12, 6.5], "texture": "#1"},
				"up": {"uv": [3, 1.5, 0, 0], "texture": "#1"},
				"down": {"uv": [3, 2, 0, 3.5], "texture": "#1"}
			}
		},
		{
			"from": [8.22798, 1.14713, 6],
			"to": [14.22798, 1.14713, 9],
			"rotation": {"angle": 22.5, "axis": "z", "origin": [11.22798, 1.14713, 9]},
			"faces": {
				"north": {"uv": [10.5, 7, 13.5, 7], "texture": "#1"},
				"east": {"uv": [10.5, 7.5, 12, 7.5], "texture": "#1"},
				"south": {"uv": [10.5, 9, 13.5, 9], "texture": "#1"},
				"west": {"uv": [10.5, 9.5, 12, 9.5], "texture": "#1"},
				"up": {"uv": [6.5, 1.5, 3.5, 0], "texture": "#1"},
				"down": {"uv": [6.5, 2, 3.5, 3.5], "texture": "#1"}
			}
		},
		{
			"from": [6.501, -0.101, 1.5],
			"to": [9.501, -0.101, 7.5],
			"rotation": {"angle": 22.5, "axis": "x", "origin": [6.501, 1.09272, 7.50261]},
			"faces": {
				"north": {"uv": [10.5, 10, 12, 10], "texture": "#1"},
				"east": {"uv": [10.5, 10.5, 13.5, 10.5], "texture": "#1"},
				"south": {"uv": [0, 11, 1.5, 11], "texture": "#1"},
				"west": {"uv": [11, 0, 14, 0], "texture": "#1"},
				"up": {"uv": [1.5, 7, 0, 4], "texture": "#1"},
				"down": {"uv": [3.5, 4, 2, 7], "texture": "#1"}
			}
		},
		{
			"from": [6.47798, 1.14713, 7.75],
			"to": [9.47798, 1.14713, 13.75],
			"rotation": {"angle": -22.5, "axis": "x", "origin": [4.72798, 1.14713, 10.75]},
			"faces": {
				"north": {"uv": [11, 0.5, 12.5, 0.5], "texture": "#1"},
				"east": {"uv": [11, 1, 14, 1], "texture": "#1"},
				"south": {"uv": [11, 1.5, 12.5, 1.5], "texture": "#1"},
				"west": {"uv": [2, 11, 5, 11], "texture": "#1"},
				"up": {"uv": [5.5, 7, 4, 4], "texture": "#1"},
				"down": {"uv": [7.5, 4, 6, 7], "texture": "#1"}
			}
		},
		{
			"from": [7.5, 0, 7],
			"to": [8.5, 0, 8],
			"faces": {
				"north": {"uv": [6.5, 10.5, 7, 10.5], "texture": "#1"},
				"east": {"uv": [8, 10.5, 8.5, 10.5], "texture": "#1"},
				"south": {"uv": [11, 2, 11.5, 2], "texture": "#1"},
				"west": {"uv": [11, 2.5, 11.5, 2.5], "texture": "#1"},
				"up": {"uv": [9.5, 8.5, 9, 8], "texture": "#1"},
				"down": {"uv": [5, 9.5, 4.5, 10], "texture": "#1"}
			}
		},
		{
			"from": [6.75, 3.25, 6.25],
			"to": [9.25, 5.75, 8.75],
			"faces": {
				"north": {"uv": [7, 0, 8.5, 1.5], "texture": "#1"},
				"east": {"uv": [7, 2, 8.5, 3.5], "texture": "#1"},
				"south": {"uv": [0, 7.5, 1.5, 9], "texture": "#1"},
				"west": {"uv": [2, 7.5, 3.5, 9], "texture": "#1"},
				"up": {"uv": [5.5, 9, 4, 7.5], "texture": "#1"},
				"down": {"uv": [7.5, 7.5, 6, 9], "texture": "#1"}
			}
		},
		{
			"from": [6.9, 3.4, 6.4],
			"to": [9.1, 5.6, 8.6],
			"faces": {
				"north": {"uv": [9, 5, 10, 6], "texture": "#1"},
				"east": {"uv": [9, 6.5, 10, 7.5], "texture": "#1"},
				"south": {"uv": [8, 9, 9, 10], "texture": "#1"},
				"west": {"uv": [0, 9.5, 1, 10.5], "texture": "#1"},
				"up": {"uv": [2.5, 10.5, 1.5, 9.5], "texture": "#1"},
				"down": {"uv": [4, 9.5, 3, 10.5], "texture": "#1"}
			}
		},
		{
			"from": [7.5, 4, 7],
			"to": [8.5, 5, 8],
			"faces": {
				"north": {"uv": [5.5, 9.5, 6, 10], "texture": "#1"},
				"east": {"uv": [6.5, 9.5, 7, 10], "texture": "#1"},
				"south": {"uv": [9.5, 9, 10, 9.5], "texture": "#1"},
				"west": {"uv": [10, 0, 10.5, 0.5], "texture": "#1"},
				"up": {"uv": [10.5, 1.5, 10, 1], "texture": "#1"},
				"down": {"uv": [10.5, 2, 10, 2.5], "texture": "#1"}
			}
		}
	],
	"groups": [
		{
			"name": "group",
			"origin": [8, 3.61739, 7.4235],
			"color": 0,
			"children": [0, 1, 2, 3, 4, 5, 6, 7, 8, 9]
		}
	]
}