{
	"credit": "Made with Blockbench",
	"texture_size": [32, 32],
	"textures": {
		"2": "block/flowers/oxeye_daisy1",
		"particle": "block/flowers/oxeye_daisy1"
	},
	"elements": [
		{
			"from": [5, 0, 8],
			"to": [12, 6, 8],
			"rotation": {"angle": -45, "axis": "y", "origin": [8.5, 3, 8]},
			"faces": {
				"north": {"uv": [0, 0, 3.5, 3], "texture": "#2"},
				"east": {"uv": [6, 10.5, 6, 13.5], "texture": "#2"},
				"south": {"uv": [0, 3.5, 3.5, 6.5], "texture": "#2"},
				"west": {"uv": [6.5, 10.5, 6.5, 13.5], "texture": "#2"},
				"up": {"uv": [14, 4.5, 10.5, 4.5], "texture": "#2"},
				"down": {"uv": [14, 5, 10.5, 5], "texture": "#2"}
			}
		},
		{
			"from": [5, 0, 8],
			"to": [12, 6, 8],
			"rotation": {"angle": 45, "axis": "y", "origin": [8.5, 3, 8]},
			"faces": {
				"north": {"uv": [4, 0, 7.5, 3], "texture": "#2"},
				"east": {"uv": [9, 10.5, 9, 13.5], "texture": "#2"},
				"south": {"uv": [4, 3.5, 7.5, 6.5], "texture": "#2"},
				"west": {"uv": [9.5, 10.5, 9.5, 13.5], "texture": "#2"},
				"up": {"uv": [14, 5.5, 10.5, 5.5], "texture": "#2"},
				"down": {"uv": [14, 6, 10.5, 6], "texture": "#2"}
			}
		},
		{
			"from": [5.5, 6, 5],
			"to": [11.5, 6, 11],
			"rotation": {"angle": 0, "axis": "y", "origin": [1, 1, 1]},
			"faces": {
				"north": {"uv": [10, 10.5, 13, 10.5], "texture": "#2"},
				"east": {"uv": [10, 11, 13, 11], "texture": "#2"},
				"south": {"uv": [11.5, 6.5, 14.5, 6.5], "texture": "#2"},
				"west": {"uv": [11.5, 7, 14.5, 7], "texture": "#2"},
				"up": {"uv": [3, 10, 0, 7], "texture": "#2"},
				"down": {"uv": [6.5, 7, 3.5, 10], "texture": "#2"}
			}
		},
		{
			"from": [7.5, 6.001, 7],
			"to": [9.5, 7.001, 9],
			"rotation": {"angle": 0, "axis": "y", "origin": [-1, 0.901, 3]},
			"faces": {
				"north": {"uv": [10.5, 2.5, 11.5, 3], "texture": "#2"},
				"east": {"uv": [3, 10.5, 4, 11], "texture": "#2"},
				"south": {"uv": [10.5, 3.5, 11.5, 4], "texture": "#2"},
				"west": {"uv": [4.5, 10.5, 5.5, 11], "texture": "#2"},
				"up": {"uv": [1, 11.5, 0, 10.5], "texture": "#2"},
				"down": {"uv": [2.5, 10.5, 1.5, 11.5], "texture": "#2"}
			}
		},
		{
			"from": [9.3862, 6.5741, 6],
			"to": [12.3862, 6.5741, 10],
			"rotation": {"angle": 22.5, "axis": "z", "origin": [10.8862, 6.5741, 7]},
			"faces": {
				"north": {"uv": [3, 11.5, 4.5, 11.5], "texture": "#2"},
				"east": {"uv": [11.5, 7.5, 13.5, 7.5], "texture": "#2"},
				"south": {"uv": [11.5, 8, 13, 8], "texture": "#2"},
				"west": {"uv": [11.5, 8.5, 13.5, 8.5], "texture": "#2"},
				"up": {"uv": [8.5, 9, 7, 7], "texture": "#2"},
				"down": {"uv": [9.5, 0, 8, 2], "texture": "#2"}
			}
		},
		{
			"from": [6.5, 6.5741, 8.8862],
			"to": [10.5, 6.5741, 11.8862],
			"rotation": {"angle": -22.5, "axis": "x", "origin": [7.5, 6.5741, 10.3862]},
			"faces": {
				"north": {"uv": [11.5, 9, 13.5, 9], "texture": "#2"},
				"east": {"uv": [11.5, 9.5, 13, 9.5], "texture": "#2"},
				"south": {"uv": [10, 11.5, 12, 11.5], "texture": "#2"},
				"west": {"uv": [11.5, 10, 13, 10], "texture": "#2"},
				"up": {"uv": [10, 4, 8, 2.5], "texture": "#2"},
				"down": {"uv": [10, 4.5, 8, 6], "texture": "#2"}
			}
		},
		{
			"from": [6.5, 6.5741, 4.1138],
			"to": [10.5, 6.5741, 7.1138],
			"rotation": {"angle": 22.5, "axis": "x", "origin": [7.5, 6.5741, 5.6138]},
			"faces": {
				"north": {"uv": [0, 12, 2, 12], "texture": "#2"},
				"east": {"uv": [12, 0, 13.5, 0], "texture": "#2"},
				"south": {"uv": [12, 0.5, 14, 0.5], "texture": "#2"},
				"west": {"uv": [12, 1, 13.5, 1], "texture": "#2"},
				"up": {"uv": [11, 8, 9, 6.5], "texture": "#2"},
				"down": {"uv": [11, 8.5, 9, 10], "texture": "#2"}
			}
		},
		{
			"from": [4.65186, 6.76544, 6],
			"to": [7.65186, 6.76544, 10],
			"rotation": {"angle": -22.5, "axis": "z", "origin": [5.65186, 6.76544, 4]},
			"faces": {
				"north": {"uv": [12, 1.5, 13.5, 1.5], "texture": "#2"},
				"east": {"uv": [12, 2, 14, 2], "texture": "#2"},
				"south": {"uv": [2.5, 12, 4, 12], "texture": "#2"},
				"west": {"uv": [12, 2.5, 14, 2.5], "texture": "#2"},
				"up": {"uv": [8.5, 11.5, 7, 9.5], "texture": "#2"},
				"down": {"uv": [11.5, 0, 10, 2], "texture": "#2"}
			}
		}
	],
	"groups": [
		{
			"name": "exeye_daisy",
			"origin": [0, 0, 0],
			"color": 0,
			"children": [0, 1, 2, 3, 4, 5, 6, 7]
		}
	]
}