{
	"credit": "Made with Blockbench",
	"texture_size": [32, 32],
	"textures": {
		"2": "block/flowers/pink_tulip2",
		"particle": "block/flowers/pink_tulip2"
	},
	"elements": [
		{
			"from": [7.5, 0, 8],
			"to": [8.5, 6, 8],
			"rotation": {"angle": 45, "axis": "y", "origin": [8, 3.5, 8]},
			"faces": {
				"north": {"uv": [6.5, 10, 7, 13], "texture": "#2"},
				"east": {"uv": [11.5, 3, 11.5, 6], "texture": "#2"},
				"south": {"uv": [0, 10.5, 0.5, 13.5], "texture": "#2"},
				"west": {"uv": [11.5, 10.5, 11.5, 13.5], "texture": "#2"},
				"up": {"uv": [5.5, 8.5, 5, 8.5], "texture": "#2"},
				"down": {"uv": [5.5, 9, 5, 9], "texture": "#2"}
			}
		},
		{
			"from": [8, 0, 7.5],
			"to": [8, 6, 8.5],
			"rotation": {"angle": 45, "axis": "y", "origin": [8, 3.5, 8]},
			"faces": {
				"north": {"uv": [12, 3, 12, 6], "texture": "#2"},
				"east": {"uv": [1, 10.5, 1.5, 13.5], "texture": "#2"},
				"south": {"uv": [12, 6.5, 12, 9.5], "texture": "#2"},
				"west": {"uv": [2, 11, 2.5, 14], "texture": "#2"},
				"up": {"uv": [7.5, 10.5, 7.5, 10], "texture": "#2"},
				"down": {"uv": [10, 7.5, 10, 8], "texture": "#2"}
			}
		},
		{
			"from": [6.5, 6.1, 6.5],
			"to": [9.5, 9.6, 9.5],
			"faces": {
				"north": {"uv": [0, 6, 1.5, 8], "texture": "#2"},
				"east": {"uv": [6, 0, 7.5, 2], "texture": "#2"},
				"south": {"uv": [2, 6, 3.5, 8], "texture": "#2"},
				"west": {"uv": [6, 2.5, 7.5, 4.5], "texture": "#2"},
				"up": {"uv": [9.5, 4, 8, 2.5], "texture": "#2"},
				"down": {"uv": [9.5, 4.5, 8, 6], "texture": "#2"}
			}
		},
		{
			"from": [6.35, 6, 6.35],
			"to": [9.65, 9.6, 9.65],
			"faces": {
				"north": {"uv": [4, 6, 5.5, 8], "texture": "#2"},
				"east": {"uv": [6, 5, 7.5, 7], "texture": "#2"},
				"south": {"uv": [6, 7.5, 7.5, 9.5], "texture": "#2"},
				"west": {"uv": [8, 0, 9.5, 2], "texture": "#2"},
				"up": {"uv": [9.5, 8, 8, 6.5], "texture": "#2"},
				"down": {"uv": [1.5, 8.5, 0, 10], "texture": "#2"}
			}
		},
		{
			"from": [6.5, -0.42284, 9.86209],
			"to": [9.5, 4.57716, 9.86209],
			"rotation": {"angle": 45, "axis": "x", "origin": [8, 2.07716, 9.86209]},
			"faces": {
				"north": {"uv": [0, 0, 1.5, 2.5], "texture": "#2"},
				"east": {"uv": [12, 10, 12, 12.5], "texture": "#2"},
				"south": {"uv": [2, 0, 3.5, 2.5], "texture": "#2"},
				"west": {"uv": [12.5, 3, 12.5, 5.5], "texture": "#2"},
				"up": {"uv": [14, 6, 12.5, 6], "texture": "#2"},
				"down": {"uv": [14, 6.5, 12.5, 6.5], "texture": "#2"}
			}
		},
		{
			"from": [6.5, 1.42899, 7.26404],
			"to": [9.5, 6.42899, 7.26404],
			"rotation": {"angle": -22.5, "axis": "x", "origin": [8, 2.80761, 7.96037]},
			"faces": {
				"north": {"uv": [0, 3, 1.5, 5.5], "texture": "#2"},
				"east": {"uv": [5, 12.5, 5, 15], "texture": "#2"},
				"south": {"uv": [2, 3, 3.5, 5.5], "texture": "#2"},
				"west": {"uv": [5.5, 12.5, 5.5, 15], "texture": "#2"},
				"up": {"uv": [14, 7, 12.5, 7], "texture": "#2"},
				"down": {"uv": [14, 7.5, 12.5, 7.5], "texture": "#2"}
			}
		},
		{
			"from": [2, 0, 4.5],
			"to": [3, 5, 4.5],
			"rotation": {"angle": 45, "axis": "y", "origin": [2.5, 3.5, 4.5]},
			"faces": {
				"north": {"uv": [3, 11, 3.5, 13.5], "texture": "#2"},
				"east": {"uv": [6, 12.5, 6, 15], "texture": "#2"},
				"south": {"uv": [4, 11, 4.5, 13.5], "texture": "#2"},
				"west": {"uv": [12.5, 8, 12.5, 10.5], "texture": "#2"},
				"up": {"uv": [5.5, 9.5, 5, 9.5], "texture": "#2"},
				"down": {"uv": [9, 12.5, 8.5, 12.5], "texture": "#2"}
			}
		},
		{
			"from": [2.5, 0, 4],
			"to": [2.5, 5, 5],
			"rotation": {"angle": 45, "axis": "y", "origin": [2.5, 3.5, 4.5]},
			"faces": {
				"north": {"uv": [9.5, 12.5, 9.5, 15], "texture": "#2"},
				"east": {"uv": [7.5, 11, 8, 13.5], "texture": "#2"},
				"south": {"uv": [10, 12.5, 10, 15], "texture": "#2"},
				"west": {"uv": [11, 7.5, 11.5, 10], "texture": "#2"},
				"up": {"uv": [10.5, 8, 10.5, 7.5], "texture": "#2"},
				"down": {"uv": [11.5, 6.5, 11.5, 7], "texture": "#2"}
			}
		},
		{
			"from": [1.5, 5.1, 3.5],
			"to": [3.5, 8.6, 5.5],
			"rotation": {"angle": 0, "axis": "y", "origin": [-5, 0, -4]},
			"faces": {
				"north": {"uv": [2, 8.5, 3, 10.5], "texture": "#2"},
				"east": {"uv": [3.5, 8.5, 4.5, 10.5], "texture": "#2"},
				"south": {"uv": [8, 8.5, 9, 10.5], "texture": "#2"},
				"west": {"uv": [9.5, 8.5, 10.5, 10.5], "texture": "#2"},
				"up": {"uv": [9.5, 12, 8.5, 11], "texture": "#2"},
				"down": {"uv": [11, 11, 10, 12], "texture": "#2"}
			}
		},
		{
			"from": [1.35, 5, 3.35],
			"to": [3.65, 8.6, 5.65],
			"rotation": {"angle": 0, "axis": "y", "origin": [2.5, 6.8, 4.5]},
			"faces": {
				"north": {"uv": [10, 5, 11, 7], "texture": "#2"},
				"east": {"uv": [10, 0, 11, 2], "texture": "#2"},
				"south": {"uv": [10, 2.5, 11, 4.5], "texture": "#2"},
				"west": {"uv": [5, 10, 6, 12], "texture": "#2"},
				"up": {"uv": [12.5, 1, 11.5, 0], "rotation": 90, "texture": "#2"},
				"down": {"uv": [12.5, 1.5, 11.5, 2.5], "rotation": 270, "texture": "#2"}
			}
		},
		{
			"from": [3.39633, 0.72899, 2.96037],
			"to": [3.39633, 5.72899, 5.96037],
			"rotation": {"angle": -22.5, "axis": "z", "origin": [2.5, 2.80761, 4.46037]},
			"faces": {
				"north": {"uv": [10.5, 12.5, 10.5, 15], "texture": "#2"},
				"east": {"uv": [4, 0, 5.5, 2.5], "texture": "#2"},
				"south": {"uv": [11, 12.5, 11, 15], "texture": "#2"},
				"west": {"uv": [4, 3, 5.5, 5.5], "texture": "#2"},
				"up": {"uv": [12.5, 12.5, 12.5, 11], "texture": "#2"},
				"down": {"uv": [13, 0, 13, 1.5], "texture": "#2"}
			}
		}
	],
	"groups": [
		{
			"name": "tulips",
			"origin": [0, 0, 0],
			"color": 0,
			"children": [
				{
					"name": "tulip",
					"origin": [0, 0, 0],
					"color": 0,
					"children": [0, 1, 2, 3, 4, 5]
				},
				{
					"name": "tulip2",
					"origin": [0, 0, 0],
					"color": 0,
					"children": [6, 7, 8, 9, 10]
				}
			]
		}
	]
}