{
	"credit": "Made with Blockbench",
	"texture_size": [32, 32],
	"textures": {
		"0": "block/flowers/white_tulip1",
		"particle": "block/flowers/white_tulip1"
	},
	"elements": [
		{
			"from": [7.5, 0, 8],
			"to": [8.5, 6, 8],
			"rotation": {"angle": 45, "axis": "y", "origin": [8, 3.5, 8]},
			"faces": {
				"north": {"uv": [8, 4, 8.5, 7], "texture": "#0"},
				"east": {"uv": [2, 8.5, 2, 11.5], "texture": "#0"},
				"south": {"uv": [8, 7.5, 8.5, 10.5], "texture": "#0"},
				"west": {"uv": [2.5, 8.5, 2.5, 11.5], "texture": "#0"},
				"up": {"uv": [3.5, 8.5, 3, 8.5], "texture": "#0"},
				"down": {"uv": [3.5, 9, 3, 9], "texture": "#0"}
			}
		},
		{
			"from": [8, 0, 7.5],
			"to": [8, 6, 8.5],
			"rotation": {"angle": 45, "axis": "y", "origin": [8, 3.5, 8]},
			"faces": {
				"north": {"uv": [9, 4, 9, 7], "texture": "#0"},
				"east": {"uv": [0, 8.5, 0.5, 11.5], "texture": "#0"},
				"south": {"uv": [9, 7.5, 9, 10.5], "texture": "#0"},
				"west": {"uv": [1, 8.5, 1.5, 11.5], "texture": "#0"},
				"up": {"uv": [3, 10, 3, 9.5], "texture": "#0"},
				"down": {"uv": [3.5, 9.5, 3.5, 10], "texture": "#0"}
			}
		},
		{
			"from": [6.5, 6.1, 6.5],
			"to": [9.5, 9.6, 9.5],
			"faces": {
				"north": {"uv": [4, 0, 5.5, 2], "texture": "#0"},
				"east": {"uv": [4, 2.5, 5.5, 4.5], "texture": "#0"},
				"south": {"uv": [4, 5, 5.5, 7], "texture": "#0"},
				"west": {"uv": [0, 6, 1.5, 8], "texture": "#0"},
				"up": {"uv": [5.5, 9, 4, 7.5], "texture": "#0"},
				"down": {"uv": [7.5, 7.5, 6, 9], "texture": "#0"}
			}
		},
		{
			"from": [6.35, 6, 6.35],
			"to": [9.65, 9.6, 9.65],
			"faces": {
				"north": {"uv": [6, 0, 7.5, 2], "texture": "#0"},
				"east": {"uv": [2, 6, 3.5, 8], "texture": "#0"},
				"south": {"uv": [6, 2.5, 7.5, 4.5], "texture": "#0"},
				"west": {"uv": [6, 5, 7.5, 7], "texture": "#0"},
				"up": {"uv": [9.5, 1.5, 8, 0], "texture": "#0"},
				"down": {"uv": [9.5, 2, 8, 3.5], "texture": "#0"}
			}
		},
		{
			"from": [6.5, -0.42284, 9.86209],
			"to": [9.5, 4.57716, 9.86209],
			"rotation": {"angle": 45, "axis": "x", "origin": [8, 2.07716, 9.86209]},
			"faces": {
				"north": {"uv": [0, 0, 1.5, 2.5], "texture": "#0"},
				"east": {"uv": [4, 9.5, 4, 12], "texture": "#0"},
				"south": {"uv": [2, 0, 3.5, 2.5], "texture": "#0"},
				"west": {"uv": [9.5, 4, 9.5, 6.5], "texture": "#0"},
				"up": {"uv": [6, 9.5, 4.5, 9.5], "texture": "#0"},
				"down": {"uv": [11, 7, 9.5, 7], "texture": "#0"}
			}
		},
		{
			"from": [6.5, 1.42899, 7.26404],
			"to": [9.5, 6.42899, 7.26404],
			"rotation": {"angle": -22.5, "axis": "x", "origin": [8, 2.80761, 7.96037]},
			"faces": {
				"north": {"uv": [0, 3, 1.5, 5.5], "texture": "#0"},
				"east": {"uv": [6.5, 9.5, 6.5, 12], "texture": "#0"},
				"south": {"uv": [2, 3, 3.5, 5.5], "texture": "#0"},
				"west": {"uv": [7, 9.5, 7, 12], "texture": "#0"},
				"up": {"uv": [11, 7.5, 9.5, 7.5], "texture": "#0"},
				"down": {"uv": [11, 8, 9.5, 8], "texture": "#0"}
			}
		}
	],
	"groups": [
		{
			"name": "tulip",
			"origin": [0, 0, 0],
			"color": 0,
			"children": [0, 1, 2, 3, 4, 5]
		}
	]
}