{
	"credit": "Made with Blockbench",
	"textures": {
		"0": "block/mushrooms/brown_mushroom1",
		"particle": "block/mushrooms/brown_mushroom1"
	},
	"elements": [
		{
			"from": [7, 0, 7],
			"to": [8, 2, 8],
			"faces": {
				"north": {"uv": [4, 12, 5, 14], "texture": "#0"},
				"east": {"uv": [6, 12, 7, 14], "texture": "#0"},
				"south": {"uv": [8, 12, 9, 14], "texture": "#0"},
				"west": {"uv": [10, 12, 11, 14], "texture": "#0"},
				"up": {"uv": [13, 9, 12, 8], "texture": "#0"},
				"down": {"uv": [13, 12, 12, 13], "texture": "#0"}
			}
		},
		{
			"from": [5, 2, 5],
			"to": [10, 3, 10],
			"faces": {
				"north": {"uv": [6, 8, 11, 9], "texture": "#0"},
				"east": {"uv": [10, 0, 15, 1], "texture": "#0"},
				"south": {"uv": [10, 2, 15, 3], "texture": "#0"},
				"west": {"uv": [10, 4, 15, 5], "texture": "#0"},
				"up": {"uv": [5, 5, 0, 0], "texture": "#0"},
				"down": {"uv": [5, 6, 0, 11], "texture": "#0"}
			}
		},
		{
			"from": [6, 3, 6],
			"to": [9, 4, 9],
			"faces": {
				"north": {"uv": [6, 10, 9, 11], "texture": "#0"},
				"east": {"uv": [10, 6, 13, 7], "texture": "#0"},
				"south": {"uv": [10, 10, 13, 11], "texture": "#0"},
				"west": {"uv": [0, 12, 3, 13], "texture": "#0"},
				"up": {"uv": [9, 3, 6, 0], "texture": "#0"},
				"down": {"uv": [9, 4, 6, 7], "texture": "#0"}
			}
		}
	],
	"groups": [
		{
			"name": "brown_mushroom1",
			"origin": [0, 0, 3],
			"color": 0,
			"children": [0, 1, 2]
		}
	]
}