{
	"credit": "Made with Blockbench",
	"textures": {
		"1": "block/mushrooms/red_mushroom2",
		"particle": "block/mushrooms/red_mushroom2"
	},
	"elements": [
		{
			"from": [6, 0, 8],
			"to": [7, 2, 9],
			"rotation": {"angle": -45, "axis": "y", "origin": [7.5, 2.5, 11.5]},
			"faces": {
				"north": {"uv": [8, 8, 9, 10], "texture": "#1"},
				"east": {"uv": [0, 10, 1, 12], "texture": "#1"},
				"south": {"uv": [2, 10, 3, 12], "texture": "#1"},
				"west": {"uv": [4, 10, 5, 12], "texture": "#1"},
				"up": {"uv": [7, 11, 6, 10], "texture": "#1"},
				"down": {"uv": [11, 8, 10, 9], "texture": "#1"}
			}
		},
		{
			"from": [5, 2, 7],
			"to": [8, 6, 10],
			"rotation": {"angle": -45, "axis": "y", "origin": [7.5, 2.5, 11.5]},
			"faces": {
				"north": {"uv": [0, 0, 3, 4], "texture": "#1"},
				"east": {"uv": [4, 0, 7, 4], "texture": "#1"},
				"south": {"uv": [0, 5, 3, 9], "texture": "#1"},
				"west": {"uv": [4, 5, 7, 9], "texture": "#1"},
				"up": {"uv": [11, 3, 8, 0], "texture": "#1"},
				"down": {"uv": [11, 4, 8, 7], "texture": "#1"}
			}
		}
	],
	"groups": [
		{
			"name": "red_mushroom2",
			"origin": [7.5, 2.5, 11.5],
			"color": 0,
			"children": [0, 1]
		}
	]
}