{
	"credit": "Made with Blockbench",
	"textures": {
		"0": "block/mushrooms/red_mushroom1",
		"particle": "block/mushrooms/red_mushroom1"
	},
	"elements": [
		{
			"from": [6, 0, 8],
			"to": [7, 2, 9],
			"rotation": {"angle": -45, "axis": "y", "origin": [7.5, 2.5, 11.5]},
			"faces": {
				"north": {"uv": [12, 0, 13, 2], "texture": "#0"},
				"east": {"uv": [12, 3, 13, 5], "texture": "#0"},
				"south": {"uv": [12, 11, 13, 13], "texture": "#0"},
				"west": {"uv": [0, 13, 1, 15], "texture": "#0"},
				"up": {"uv": [13, 7, 12, 6], "texture": "#0"},
				"down": {"uv": [3, 13, 2, 14], "texture": "#0"}
			}
		},
		{
			"from": [6, 0, 6],
			"to": [7, 1, 7],
			"rotation": {"angle": 0, "axis": "y", "origin": [2, 0, 1]},
			"faces": {
				"north": {"uv": [4, 13, 5, 14], "texture": "#0"},
				"east": {"uv": [14, 0, 15, 1], "texture": "#0"},
				"south": {"uv": [14, 2, 15, 3], "texture": "#0"},
				"west": {"uv": [14, 4, 15, 5], "texture": "#0"},
				"up": {"uv": [7, 15, 6, 14], "texture": "#0"},
				"down": {"uv": [15, 6, 14, 7], "texture": "#0"}
			}
		},
		{
			"from": [5.5, 1, 5.5],
			"to": [7.5, 3, 7.5],
			"rotation": {"angle": 0, "axis": "y", "origin": [2, 0, 1]},
			"faces": {
				"north": {"uv": [8, 8, 10, 10], "texture": "#0"},
				"east": {"uv": [0, 10, 2, 12], "texture": "#0"},
				"south": {"uv": [3, 10, 5, 12], "texture": "#0"},
				"west": {"uv": [6, 11, 8, 13], "texture": "#0"},
				"up": {"uv": [13, 10, 11, 8], "texture": "#0"},
				"down": {"uv": [11, 11, 9, 13], "texture": "#0"}
			}
		},
		{
			"from": [5, 2, 7],
			"to": [8, 6, 10],
			"rotation": {"angle": -45, "axis": "y", "origin": [7.5, 2.5, 11.5]},
			"faces": {
				"north": {"uv": [0, 0, 3, 4], "texture": "#0"},
				"east": {"uv": [4, 0, 7, 4], "texture": "#0"},
				"south": {"uv": [0, 5, 3, 9], "texture": "#0"},
				"west": {"uv": [4, 5, 7, 9], "texture": "#0"},
				"up": {"uv": [11, 3, 8, 0], "texture": "#0"},
				"down": {"uv": [11, 4, 8, 7], "texture": "#0"}
			}
		}
	],
	"groups": [
		{
			"name": "red_mushroom1",
			"origin": [7.5, 2.5, 11.5],
			"color": 0,
			"children": [0, 1, 2, 3]
		}
	]
}