{
	"credit": "Made with Blockbench",
	"texture_size": [32, 32],
	"textures": {
		"0": "./gathering_scythe_t9"
	},
	"elements": [
		{
			"from": [7.5, 26, 9],
			"to": [8.5, 28, 11],
			"faces": {
				"north": {"uv": [12.5, 4, 13, 5], "texture": "#0"},
				"east": {"uv": [10, 0, 11, 1], "texture": "#0"},
				"south": {"uv": [12.5, 5.5, 13, 6.5], "texture": "#0"},
				"west": {"uv": [10, 1.5, 11, 2.5], "texture": "#0"},
				"up": {"uv": [13, 8, 12.5, 7], "texture": "#0"},
				"down": {"uv": [13, 8.5, 12.5, 9.5], "texture": "#0"}
			}
		},
		{
			"from": [7.5, 26, 5],
			"to": [8.5, 28, 7],
			"faces": {
				"north": {"uv": [9, 12.5, 9.5, 13.5], "texture": "#0"},
				"east": {"uv": [10, 4, 11, 5], "texture": "#0"},
				"south": {"uv": [12.5, 10, 13, 11], "texture": "#0"},
				"west": {"uv": [6, 10, 7, 11], "texture": "#0"},
				"up": {"uv": [13.5, 3, 13, 2], "texture": "#0"},
				"down": {"uv": [13.5, 11.5, 13, 12.5], "texture": "#0"}
			}
		},
		{
			"from": [7.55, 25.5, 2.5],
			"to": [8.45, 28.5, 5.5],
			"rotation": {"angle": -45, "axis": "x", "origin": [8, 27, 4]},
			"faces": {
				"north": {"uv": [11.5, 0, 12, 1.5], "texture": "#0"},
				"east": {"uv": [6, 4, 7.5, 5.5], "texture": "#0"},
				"south": {"uv": [11.5, 4, 12, 5.5], "texture": "#0"},
				"west": {"uv": [6, 6, 7.5, 7.5], "texture": "#0"},
				"up": {"uv": [6.5, 13, 6, 11.5], "texture": "#0"},
				"down": {"uv": [7.5, 11.5, 7, 13], "texture": "#0"}
			}
		},
		{
			"from": [7.5, 25, 11],
			"to": [8.5, 28, 16.25],
			"faces": {
				"north": {"uv": [10, 11.5, 10.5, 13], "texture": "#0"},
				"east": {"uv": [6, 0, 8.5, 1.5], "texture": "#0"},
				"south": {"uv": [12, 2, 12.5, 3.5], "texture": "#0"},
				"west": {"uv": [6, 2, 8.5, 3.5], "texture": "#0"},
				"up": {"uv": [8.5, 8.5, 8, 6], "texture": "#0"},
				"down": {"uv": [9.5, 0, 9, 2.5], "texture": "#0"}
			}
		},
		{
			"from": [7.575, 22.40956, 10.32304],
			"to": [8.475, 23.40956, 12.62304],
			"rotation": {"angle": 22.5, "axis": "x", "origin": [8.025, 27.78456, 18.32304]},
			"faces": {
				"north": {"uv": [13.5, 9.5, 14, 10], "texture": "#0"},
				"east": {"uv": [13, 13, 14, 13.5], "texture": "#0"},
				"south": {"uv": [10, 13.5, 10.5, 14], "texture": "#0"},
				"west": {"uv": [13.5, 0, 14.5, 0.5], "texture": "#0"},
				"up": {"uv": [14, 4.5, 13.5, 3.5], "texture": "#0"},
				"down": {"uv": [14, 5, 13.5, 6], "texture": "#0"}
			}
		},
		{
			"from": [7.525, 24.18023, 16.25104],
			"to": [8.475, 27.00523, 19.25104],
			"rotation": {"angle": 22.5, "axis": "x", "origin": [8, 27.50523, 18.75104]},
			"faces": {
				"north": {"uv": [8, 12, 8.5, 13.5], "texture": "#0"},
				"east": {"uv": [8, 4, 9.5, 5.5], "texture": "#0"},
				"south": {"uv": [11, 12, 11.5, 13.5], "texture": "#0"},
				"west": {"uv": [6, 8, 7.5, 9.5], "texture": "#0"},
				"up": {"uv": [12.5, 13.5, 12, 12], "texture": "#0"},
				"down": {"uv": [13, 0, 12.5, 1.5], "texture": "#0"}
			}
		},
		{
			"from": [7.625, 24.9456, 19.40328],
			"to": [8.375, 25.9456, 23.62828],
			"rotation": {"angle": 22.5, "axis": "x", "origin": [8, 28.2706, 16.90328]},
			"faces": {
				"north": {"uv": [13.5, 10.5, 14, 11], "texture": "#0"},
				"east": {"uv": [10, 7, 12, 7.5], "texture": "#0"},
				"south": {"uv": [14, 2, 14.5, 2.5], "texture": "#0"},
				"west": {"uv": [10, 8, 12, 8.5], "texture": "#0"},
				"up": {"uv": [9.5, 12, 9, 10], "texture": "#0"},
				"down": {"uv": [10.5, 9, 10, 11], "texture": "#0"}
			}
		},
		{
			"from": [7.575, 25.9456, 19.40328],
			"to": [8.425, 26.7456, 21.22828],
			"rotation": {"angle": 22.5, "axis": "x", "origin": [8, 28.2706, 16.90328]},
			"faces": {
				"north": {"uv": [7.5, 14, 8, 14.5], "texture": "#0"},
				"east": {"uv": [13.5, 1, 14.5, 1.5], "texture": "#0"},
				"south": {"uv": [8.5, 14, 9, 14.5], "texture": "#0"},
				"west": {"uv": [6, 13.5, 7, 14], "texture": "#0"},
				"up": {"uv": [14, 7.5, 13.5, 6.5], "texture": "#0"},
				"down": {"uv": [14, 8, 13.5, 9], "texture": "#0"}
			}
		},
		{
			"from": [7.55, 23.93774, 18.64296],
			"to": [8.45, 24.93774, 23.64296],
			"rotation": {"angle": 45, "axis": "x", "origin": [8, 25.43774, 21.14296]},
			"faces": {
				"north": {"uv": [11, 14, 11.5, 14.5], "texture": "#0"},
				"east": {"uv": [9, 3, 11.5, 3.5], "texture": "#0"},
				"south": {"uv": [14, 11.5, 14.5, 12], "texture": "#0"},
				"west": {"uv": [9, 6, 11.5, 6.5], "texture": "#0"},
				"up": {"uv": [9.5, 9.5, 9, 7], "texture": "#0"},
				"down": {"uv": [8.5, 9, 8, 11.5], "texture": "#0"}
			}
		},
		{
			"from": [7, 0, 7],
			"to": [9, 29, 9],
			"faces": {
				"north": {"uv": [0, 0, 1, 14.5], "texture": "#0"},
				"east": {"uv": [1.5, 0, 2.5, 14.5], "texture": "#0"},
				"south": {"uv": [3, 0, 4, 14.5], "texture": "#0"},
				"west": {"uv": [4.5, 0, 5.5, 14.5], "texture": "#0"},
				"up": {"uv": [12, 10, 11, 9], "texture": "#0"},
				"down": {"uv": [12, 10.5, 11, 11.5], "texture": "#0"}
			}
		}
	],
	"display": {
		"thirdperson_righthand": {
			"rotation": [0, -180, 0],
			"translation": [0, -2.75, 0]
		},
		"thirdperson_lefthand": {
			"rotation": [0, -180, 0],
			"translation": [0, -2.75, 0]
		},
		"firstperson_righthand": {
			"rotation": [-6, -180, 0],
			"translation": [3, -6.5, 1.5],
			"scale": [0.9, 0.9, 0.9]
		},
		"firstperson_lefthand": {
			"rotation": [-6, -180, 0],
			"translation": [3, -6.5, 1.5],
			"scale": [0.9, 0.9, 0.9]
		},
		"ground": {
			"translation": [0, 0.75, 0],
			"scale": [0.4, 0.4, 0.4]
		},
		"gui": {
			"rotation": [-90, -43.25, -90],
			"translation": [-2.25, -3, 0],
			"scale": [0.4, 0.4, 0.4]
		},
		"fixed": {
			"rotation": [-90, 43.75, 90],
			"translation": [2.5, -2.75, 0],
			"scale": [0.4, 0.4, 0.4]
		}
	},
	"groups": [
		{
			"name": "blade",
			"origin": [8, 25.43774, 21.14296],
			"color": 0,
			"children": [0, 1, 2, 3, 4, 5, 6, 7, 8]
		},
		{
			"name": "handle",
			"origin": [8, 8, 8],
			"color": 0,
			"children": [9]
		}
	]
}