{
	"credit": "Made by Raycifer",
	"textures": {
		"0": "./bloodbath",
		"1": "./bloodbath_anim"
	},
	"elements": [
		{
			"from": [7.25, -2, 7.25],
			"to": [8.75, 0, 8.75],
			"rotation": {"angle": 0, "axis": "y", "origin": [8.25, -1, 7.25]},
			"faces": {
				"north": {"uv": [1.5, 9, 0, 11], "texture": "#0"},
				"east": {"uv": [1.5, 9, 0, 11], "texture": "#0"},
				"south": {"uv": [1.5, 9, 0, 11], "texture": "#0"},
				"west": {"uv": [1.5, 9, 0, 11], "texture": "#0"},
				"up": {"uv": [1.5, 9, 0, 9.5], "texture": "#0"},
				"down": {"uv": [0.5, 0, 0, 0.5], "texture": "#0"}
			}
		},
		{
			"from": [7.5, 9, 7.25],
			"to": [8.5, 13.5, 8.75],
			"rotation": {"angle": 0, "axis": "y", "origin": [7.5, 9, 7.25]},
			"faces": {
				"north": {"uv": [0, 9, 0.5, 13.5], "texture": "#0"},
				"east": {"uv": [0, 9, 1.5, 13.5], "texture": "#0"},
				"south": {"uv": [0, 9, 0.5, 13.5], "texture": "#0"},
				"west": {"uv": [1.5, 9, 0, 13.5], "texture": "#0"},
				"up": {"uv": [0.5, 0.5, 0, 0], "rotation": 270, "texture": "#0"},
				"down": {"uv": [0.5, 0.5, 0, 0], "rotation": 270, "texture": "#0"}
			}
		},
		{
			"from": [7.25, 7.35, 7],
			"to": [8.75, 9.35, 9],
			"rotation": {"angle": -45, "axis": "x", "origin": [8, 8.35, 8]},
			"faces": {
				"north": {"uv": [6, 9.5, 4.5, 11.5], "texture": "#0"},
				"east": {"uv": [2.5, 11.5, 4.5, 9.5], "rotation": 90, "texture": "#0"},
				"south": {"uv": [3, 9.5, 1.5, 11.5], "texture": "#0"},
				"west": {"uv": [4.5, 9.5, 2.5, 11.5], "texture": "#0"},
				"up": {"uv": [3, 11.5, 1.5, 9.5], "texture": "#0"},
				"down": {"uv": [6, 9.5, 4.5, 11.5], "texture": "#0"}
			}
		},
		{
			"from": [7.5, 0, 7.25],
			"to": [8.5, 8.5, 8.75],
			"rotation": {"angle": 0, "axis": "y", "origin": [7.5, 0, 7.25]},
			"faces": {
				"north": {"uv": [0.5, 0.5, 0, 9], "texture": "#0"},
				"east": {"uv": [1.5, 0.5, 0, 9], "texture": "#0"},
				"south": {"uv": [0.5, 0.5, 0, 9], "texture": "#0"},
				"west": {"uv": [1.5, 0.5, 0, 9], "texture": "#0"},
				"up": {"uv": [0.5, 0, 0, 0.5], "texture": "#0"},
				"down": {"uv": [0.5, 0, 0, 0.5], "texture": "#0"}
			}
		},
		{
			"from": [7, -3, 6.25],
			"to": [8.5, -2, 6.75],
			"rotation": {"angle": 0, "axis": "y", "origin": [7.375, -2.875, 7.25]},
			"faces": {
				"north": {"uv": [8.5, 2, 7.5, 0.5], "rotation": 90, "texture": "#0"},
				"east": {"uv": [7.5, 0.5, 8, 1.5], "rotation": 180, "texture": "#0"},
				"south": {"uv": [0.5, 0, 0, 0.5], "texture": "#0"},
				"west": {"uv": [7.5, 0.5, 8, 1.5], "texture": "#0"},
				"up": {"uv": [8, 2, 7.5, 0.5], "rotation": 270, "texture": "#0"},
				"down": {"uv": [8, 2, 7.5, 0.5], "rotation": 270, "texture": "#0"}
			}
		},
		{
			"from": [7, -4.5, 6.75],
			"to": [9, -2, 9.25],
			"rotation": {"angle": 0, "axis": "y", "origin": [7.375, -2.875, 7.25]},
			"faces": {
				"north": {"uv": [4, 3, 6.5, 5], "rotation": 270, "texture": "#0"},
				"east": {"uv": [1.5, 3, 4, 0.5], "rotation": 180, "texture": "#0"},
				"south": {"uv": [4, 5, 6.5, 3], "rotation": 270, "texture": "#0"},
				"west": {"uv": [4, 0.5, 6.5, 3], "rotation": 180, "texture": "#0"},
				"up": {"uv": [9, 5, 6.5, 3], "rotation": 270, "texture": "#0"},
				"down": {"uv": [4, 5, 1.5, 3], "rotation": 270, "texture": "#0"}
			}
		},
		{
			"from": [6.5, -3, 6.25],
			"to": [7, -2, 8.25],
			"rotation": {"angle": 0, "axis": "y", "origin": [7.375, -2.875, 7.25]},
			"faces": {
				"north": {"uv": [7, 2, 6.5, 3], "texture": "#0"},
				"east": {"uv": [0, 0, 0.5, 0.5], "rotation": 180, "texture": "#0"},
				"south": {"uv": [7, 2, 6.5, 3], "texture": "#0"},
				"west": {"uv": [6.5, 2, 8.5, 3], "texture": "#0"},
				"up": {"uv": [8.5, 2.5, 6.5, 2], "rotation": 270, "texture": "#0"},
				"down": {"uv": [8.5, 3, 6.5, 2.5], "rotation": 270, "texture": "#0"}
			}
		},
		{
			"from": [10, 15.46718, 2.21499],
			"to": [11.5, 17.46718, 3.71499],
			"rotation": {"angle": -45, "axis": "x", "origin": [10.75, 17.2, 3.025]},
			"faces": {
				"north": {"uv": [12, 0.5, 10.5, 2.5], "texture": "#0"},
				"east": {"uv": [12, 0.5, 10.5, 2.5], "texture": "#0"},
				"south": {"uv": [12, 0.5, 10.5, 2.5], "texture": "#0"},
				"west": {"uv": [12, 0.5, 10.5, 2.5], "texture": "#0"},
				"up": {"uv": [8.5, 12.5, 7, 14], "texture": "#0"},
				"down": {"uv": [10, 12.5, 8.5, 14], "texture": "#0"}
			}
		},
		{
			"from": [10.25, 17.15, 2.3],
			"to": [11.25, 18.65, 3.3],
			"rotation": {"angle": -22.5, "axis": "x", "origin": [10.75, 17.2, 3.025]},
			"faces": {
				"north": {"uv": [10.5, 0.5, 11.5, 2], "texture": "#0"},
				"east": {"uv": [11.5, 0.5, 10.5, 2], "texture": "#0"},
				"south": {"uv": [10.5, 0.5, 11.5, 2], "texture": "#0"},
				"west": {"uv": [11.5, 0.5, 10.5, 2], "texture": "#0"},
				"up": {"uv": [12.5, 0.5, 13.5, 1.5], "texture": "#0"},
				"down": {"uv": [0.5, 8, 0, 8.5], "texture": "#0"}
			}
		},
		{
			"from": [4.5, 15.46718, 2.21499],
			"to": [6, 17.46718, 3.71499],
			"rotation": {"angle": -45, "axis": "x", "origin": [5.25, 17.2, 3.025]},
			"faces": {
				"north": {"uv": [12, 0.5, 10.5, 2.5], "texture": "#0"},
				"east": {"uv": [12, 0.5, 10.5, 2.5], "texture": "#0"},
				"south": {"uv": [12, 0.5, 10.5, 2.5], "texture": "#0"},
				"west": {"uv": [12, 0.5, 10.5, 2.5], "texture": "#0"},
				"up": {"uv": [8.5, 12.5, 7, 14], "texture": "#0"},
				"down": {"uv": [10, 12.5, 8.5, 14], "texture": "#0"}
			}
		},
		{
			"from": [4.75, 17.15, 2.3],
			"to": [5.75, 18.65, 3.3],
			"rotation": {"angle": -22.5, "axis": "x", "origin": [5.25, 17.2, 3.025]},
			"faces": {
				"north": {"uv": [10.5, 0.5, 11.5, 2], "texture": "#0"},
				"east": {"uv": [11.5, 0.5, 10.5, 2], "texture": "#0"},
				"south": {"uv": [10.5, 0.5, 11.5, 2], "texture": "#0"},
				"west": {"uv": [11.5, 0.5, 10.5, 2], "texture": "#0"},
				"up": {"uv": [12.5, 0.5, 13.5, 1.5], "texture": "#0"},
				"down": {"uv": [0.5, 8, 0, 8.5], "texture": "#0"}
			}
		},
		{
			"from": [4, 16, 7],
			"to": [6, 19, 9],
			"rotation": {"angle": -45, "axis": "x", "origin": [5, 17.5, 8]},
			"faces": {
				"north": {"uv": [12.5, 2.5, 10.5, 5.5], "texture": "#0"},
				"east": {"uv": [12.5, 2.5, 10.5, 5.5], "texture": "#0"},
				"south": {"uv": [12.5, 2.5, 10.5, 5.5], "texture": "#0"},
				"west": {"uv": [12.5, 2.5, 10.5, 5.5], "texture": "#0"},
				"up": {"uv": [14.5, 3.5, 12.5, 5.5], "texture": "#0"},
				"down": {"uv": [14.5, 1.5, 12.5, 3.5], "texture": "#0"}
			}
		},
		{
			"from": [4.25, 18.25, 6],
			"to": [5.75, 20.25, 7.5],
			"rotation": {"angle": -22.5, "axis": "x", "origin": [5, 19.25, 6.75]},
			"faces": {
				"north": {"uv": [12, 0.5, 10.5, 2.5], "texture": "#0"},
				"east": {"uv": [12, 0.5, 10.5, 2.5], "texture": "#0"},
				"south": {"uv": [12, 0.5, 10.5, 2.5], "texture": "#0"},
				"west": {"uv": [12, 0.5, 10.5, 2.5], "texture": "#0"},
				"up": {"uv": [8.5, 12.5, 7, 14], "texture": "#0"},
				"down": {"uv": [10, 12.5, 8.5, 14], "texture": "#0"}
			}
		},
		{
			"from": [4.5, 19.9, 5.8],
			"to": [5.5, 21.4, 6.8],
			"rotation": {"angle": 0, "axis": "y", "origin": [5.5, 19.9, 5.8]},
			"faces": {
				"north": {"uv": [10.5, 0.5, 11.5, 2], "texture": "#0"},
				"east": {"uv": [11.5, 0.5, 10.5, 2], "texture": "#0"},
				"south": {"uv": [10.5, 0.5, 11.5, 2], "texture": "#0"},
				"west": {"uv": [11.5, 0.5, 10.5, 2], "texture": "#0"},
				"up": {"uv": [12.5, 0.5, 13.5, 1.5], "texture": "#0"},
				"down": {"uv": [0.5, 8, 0, 8.5], "texture": "#0"}
			}
		},
		{
			"from": [10, 16, 7],
			"to": [12, 19, 9],
			"rotation": {"angle": -45, "axis": "x", "origin": [11, 17.5, 8]},
			"faces": {
				"north": {"uv": [12.5, 2.5, 10.5, 5.5], "texture": "#0"},
				"east": {"uv": [12.5, 2.5, 10.5, 5.5], "texture": "#0"},
				"south": {"uv": [12.5, 2.5, 10.5, 5.5], "texture": "#0"},
				"west": {"uv": [12.5, 2.5, 10.5, 5.5], "texture": "#0"},
				"up": {"uv": [14.5, 3.5, 12.5, 5.5], "texture": "#0"},
				"down": {"uv": [14.5, 1.5, 12.5, 3.5], "texture": "#0"}
			}
		},
		{
			"from": [10.25, 18.25, 6],
			"to": [11.75, 20.25, 7.5],
			"rotation": {"angle": -22.5, "axis": "x", "origin": [11, 19.25, 6.75]},
			"faces": {
				"north": {"uv": [12, 0.5, 10.5, 2.5], "texture": "#0"},
				"east": {"uv": [12, 0.5, 10.5, 2.5], "texture": "#0"},
				"south": {"uv": [12, 0.5, 10.5, 2.5], "texture": "#0"},
				"west": {"uv": [12, 0.5, 10.5, 2.5], "texture": "#0"},
				"up": {"uv": [8.5, 12.5, 7, 14], "texture": "#0"},
				"down": {"uv": [10, 12.5, 8.5, 14], "texture": "#0"}
			}
		},
		{
			"from": [10.5, 19.9, 5.8],
			"to": [11.5, 21.4, 6.8],
			"rotation": {"angle": 0, "axis": "y", "origin": [11.5, 19.9, 5.8]},
			"faces": {
				"north": {"uv": [10.5, 0.5, 11.5, 2], "texture": "#0"},
				"east": {"uv": [11.5, 0.5, 10.5, 2], "texture": "#0"},
				"south": {"uv": [10.5, 0.5, 11.5, 2], "texture": "#0"},
				"west": {"uv": [11.5, 0.5, 10.5, 2], "texture": "#0"},
				"up": {"uv": [12.5, 0.5, 13.5, 1.5], "texture": "#0"},
				"down": {"uv": [0.5, 8, 0, 8.5], "texture": "#0"}
			}
		},
		{
			"from": [6, 10.5, 3],
			"to": [10, 17.5, 7],
			"rotation": {"angle": 0, "axis": "y", "origin": [8, 13.5, 7]},
			"faces": {
				"north": {"uv": [7, 5.5, 11, 12.5], "texture": "#0"},
				"east": {"uv": [7, 5.5, 11, 12.5], "texture": "#0"},
				"south": {"uv": [7, 5.5, 11, 12.5], "texture": "#0"},
				"west": {"uv": [7, 5.5, 11, 12.5], "texture": "#0"},
				"up": {"uv": [11, 5.5, 15, 9.5], "texture": "#0"},
				"down": {"uv": [11, 5.5, 15, 9.5], "texture": "#0"}
			}
		},
		{
			"from": [6, 13.5, 7],
			"to": [10, 17.5, 12.5],
			"rotation": {"angle": 0, "axis": "y", "origin": [8, 13.5, 7]},
			"faces": {
				"north": {"uv": [0.5, 0, 0, 0.5], "texture": "#0"},
				"east": {"uv": [7, 9.5, 1.5, 5.5], "texture": "#0"},
				"south": {"uv": [15, 9.5, 11, 13.5], "texture": "#0"},
				"west": {"uv": [7, 9.5, 1.5, 5.5], "texture": "#0"},
				"up": {"uv": [1.5, 16, 7, 12], "rotation": 90, "texture": "#0"},
				"down": {"uv": [7, 16, 1.5, 12], "rotation": 90, "texture": "#0"}
			}
		},
		{
			"from": [6.25, 13.75, 7.25],
			"to": [9.75, 17.25, 12.25],
			"rotation": {"angle": 0, "axis": "y", "origin": [9, 13.5, 7]},
			"faces": {
				"north": {"uv": [15.5, 0, 16, 0.5], "texture": "#1"},
				"east": {"uv": [0, 0, 10, 7], "texture": "#1"},
				"south": {"uv": [15.5, 0, 16, 0.5], "texture": "#1"},
				"west": {"uv": [0, 0, 10, 7], "texture": "#1"},
				"up": {"uv": [15.5, 0, 16, 0.5], "texture": "#1"},
				"down": {"uv": [15.5, 0, 16, 0.5], "texture": "#1"}
			}
		},
		{
			"from": [7, -1.75, 7],
			"to": [9, -0.25, 9],
			"rotation": {"angle": 0, "axis": "y", "origin": [8, -1.75, 7]},
			"faces": {
				"north": {"uv": [10, 14.5, 8, 16], "texture": "#0"},
				"east": {"uv": [12, 14.5, 10, 16], "texture": "#0"},
				"south": {"uv": [14, 14.5, 12, 16], "texture": "#0"},
				"west": {"uv": [16, 14.5, 14, 16], "texture": "#0"},
				"up": {"uv": [0.5, 0, 0, 0.5], "texture": "#0"},
				"down": {"uv": [0.5, 0, 0, 0.5], "texture": "#0"}
			}
		},
		{
			"from": [6.94134, 5.53806, 7.25],
			"to": [6.94234, 11.03806, 8.75],
			"rotation": {"angle": 0, "axis": "y", "origin": [6.94134, 11.03806, 8]},
			"faces": {
				"north": {"uv": [0.5, 0, 0, 0.5], "texture": "#0"},
				"east": {"uv": [10.5, 0, 9, 5.5], "texture": "#0"},
				"south": {"uv": [0.5, 0, 0, 0.5], "texture": "#0"},
				"west": {"uv": [10.5, 0, 9, 5.5], "texture": "#0"},
				"up": {"uv": [0.5, 0, 0, 0.5], "texture": "#0"},
				"down": {"uv": [0.5, 0, 0, 0.5], "texture": "#0"}
			}
		},
		{
			"from": [7, 11, 7],
			"to": [9, 12.5, 9],
			"rotation": {"angle": 0, "axis": "y", "origin": [8, 11, 7]},
			"faces": {
				"north": {"uv": [10, 14.5, 8, 16], "texture": "#0"},
				"east": {"uv": [12, 14.5, 10, 16], "texture": "#0"},
				"south": {"uv": [14, 14.5, 12, 16], "texture": "#0"},
				"west": {"uv": [16, 14.5, 14, 16], "texture": "#0"},
				"up": {"uv": [0.5, 0, 0, 0.5], "texture": "#0"},
				"down": {"uv": [0.5, 0, 0, 0.5], "texture": "#0"}
			}
		},
		{
			"from": [9.19134, -7.71194, 7.25],
			"to": [9.19234, -2.21194, 8.75],
			"rotation": {"angle": 0, "axis": "y", "origin": [9.19134, -2.21194, 8]},
			"faces": {
				"north": {"uv": [0.5, 0, 0, 0.5], "texture": "#0"},
				"east": {"uv": [10.5, 0, 9, 5.5], "texture": "#0"},
				"south": {"uv": [0.5, 0, 0, 0.5], "texture": "#0"},
				"west": {"uv": [10.5, 0, 9, 5.5], "texture": "#0"},
				"up": {"uv": [0.5, 0, 0, 0.5], "texture": "#0"},
				"down": {"uv": [0.5, 0, 0, 0.5], "texture": "#0"}
			}
		},
		{
			"from": [9, -2.25, 7.25],
			"to": [9.001, -1.75, 8.75],
			"rotation": {"angle": 22.5, "axis": "z", "origin": [9, -1.75, 8]},
			"faces": {
				"north": {"uv": [0.5, 0, 0, 0.5], "texture": "#0"},
				"east": {"uv": [10.5, 0, 9, 0.5], "texture": "#0"},
				"south": {"uv": [0.5, 0, 0, 0.5], "texture": "#0"},
				"west": {"uv": [10.5, 0, 9, 0.5], "texture": "#0"},
				"up": {"uv": [0.5, 0, 0, 0.5], "texture": "#0"},
				"down": {"uv": [0.5, 0, 0, 0.5], "texture": "#0"}
			}
		},
		{
			"from": [7, 3.5, 7],
			"to": [9, 5, 9],
			"rotation": {"angle": 0, "axis": "y", "origin": [8, 3.5, 7]},
			"faces": {
				"north": {"uv": [10, 14.5, 8, 16], "texture": "#0"},
				"east": {"uv": [12, 14.5, 10, 16], "texture": "#0"},
				"south": {"uv": [14, 14.5, 12, 16], "texture": "#0"},
				"west": {"uv": [16, 14.5, 14, 16], "texture": "#0"},
				"up": {"uv": [0.5, 0, 0, 0.5], "texture": "#0"},
				"down": {"uv": [0.5, 0, 0, 0.5], "texture": "#0"}
			}
		},
		{
			"from": [8.94134, 1.03806, 7.25],
			"to": [8.94234, 3.53806, 8.75],
			"rotation": {"angle": 0, "axis": "y", "origin": [8.94134, 3.53806, 8]},
			"faces": {
				"north": {"uv": [0.5, 0, 0, 0.5], "texture": "#0"},
				"east": {"uv": [9, 0, 10.5, 2.5], "texture": "#0"},
				"south": {"uv": [0.5, 0, 0, 0.5], "texture": "#0"},
				"west": {"uv": [9, 0, 10.5, 2.5], "texture": "#0"},
				"up": {"uv": [0.5, 0, 0, 0.5], "texture": "#0"},
				"down": {"uv": [0.5, 0, 0, 0.5], "texture": "#0"}
			}
		}
	],
	"display": {
		"thirdperson_righthand": {
			"translation": [0, 2, 0],
			"scale": [1.8, 1.8, 1.8]
		},
		"thirdperson_lefthand": {
			"translation": [0, 2, 0],
			"scale": [1.8, 1.8, 1.8]
		},
		"firstperson_righthand": {
			"rotation": [-10, 0, 0],
			"translation": [4.5, 2.75, 0],
			"scale": [1.2, 1.2, 1.2]
		},
		"firstperson_lefthand": {
			"rotation": [-10, 0, 0],
			"translation": [4.5, 2.75, 0],
			"scale": [1.2, 1.2, 1.2]
		},
		"ground": {
			"rotation": [45, 45, 0],
			"translation": [0, 5.75, 0],
			"scale": [0.8, 0.8, 0.8]
		},
		"gui": {
			"rotation": [-180, 45, -157.5],
			"translation": [0.25, 1.25, 0]
		},
		"head": {
			"translation": [0, -16.75, -7.25],
			"scale": [2.5, 2.5, 2.5]
		}
	},
	"groups": [
		{
			"name": "shaft",
			"origin": [7.5, 0, 7.25],
			"color": 0,
			"children": [0, 1, 2, 3]
		},
		{
			"name": "fist",
			"origin": [3.775, 13.5, -3.125],
			"color": 0,
			"children": [4, 5, 6]
		},
		{
			"name": "horns",
			"origin": [8, 8, 8],
			"color": 0,
			"children": [
				{
					"name": "small horn",
					"origin": [4.5, 19.9, 5.8],
					"color": 0,
					"children": [7, 8]
				},
				{
					"name": "small horn",
					"origin": [4.5, 19.9, 5.8],
					"color": 0,
					"children": [9, 10]
				},
				{
					"name": "horn",
					"origin": [4.5, 19.9, 5.8],
					"color": 0,
					"children": [11, 12, 13]
				},
				{
					"name": "horn",
					"origin": [4.5, 19.9, 5.8],
					"color": 0,
					"children": [14, 15, 16]
				}
			]
		},
		{
			"name": "hammerhead",
			"origin": [8, 13.5, 7],
			"color": 0,
			"children": [17, 18, 19]
		},
		{
			"name": "chains",
			"origin": [9, -1.75, 8],
			"color": 0,
			"children": [20, 21, 22, 23, 24, 25, 26]
		}
	]
}